ISO-10303-21;
HEADER;
FILE_DESCRIPTION(('FreeCAD Model'),'2;1');
FILE_NAME('Open CASCADE Shape Model','2026-02-08T13:26:50',('Author'),(
    ''),'Open CASCADE STEP processor 7.8','FreeCAD','Unknown');
FILE_SCHEMA(('AUTOMOTIVE_DESIGN { 1 0 10303 214 1 1 1 1 }'));
ENDSEC;
DATA;
#1 = APPLICATION_PROTOCOL_DEFINITION('international standard',
  'automotive_design',2000,#2);
#2 = APPLICATION_CONTEXT(
  'core data for automotive mechanical design processes');
#3 = SHAPE_DEFINITION_REPRESENTATION(#4,#10);
#4 = PRODUCT_DEFINITION_SHAPE('','',#5);
#5 = PRODUCT_DEFINITION('design','',#6,#9);
#6 = PRODUCT_DEFINITION_FORMATION('','',#7);
#7 = PRODUCT('PolarPattern002','PolarPattern002','',(#8));
#8 = PRODUCT_CONTEXT('',#2,'mechanical');
#9 = PRODUCT_DEFINITION_CONTEXT('part definition',#2,'design');
#10 = ADVANCED_BREP_SHAPE_REPRESENTATION('',(#11,#15),#3313);
#11 = AXIS2_PLACEMENT_3D('',#12,#13,#14);
#12 = CARTESIAN_POINT('',(0.,0.,0.));
#13 = DIRECTION('',(0.,0.,1.));
#14 = DIRECTION('',(1.,0.,-0.));
#15 = MANIFOLD_SOLID_BREP('',#16);
#16 = CLOSED_SHELL('',(#17,#129,#326,#753,#785,#802,#812,#844,#910,#976,
    #1042,#1091,#1174,#1257,#1340,#1406,#1472,#1538,#1587,#1636,#1656,
    #1705,#1771,#1820,#1886,#1913,#1940,#1971,#1988,#2012,#2036,#2053,
    #2077,#2101,#2118,#2136,#2154,#2178,#2202,#2219,#2237,#2255,#2273,
    #2291,#2315,#2339,#2356,#2374,#2392,#2416,#2440,#2457,#2475,#2499,
    #2523,#2540,#2557,#2589,#2621,#2730,#2750,#2762,#2780,#2794,#2812,
    #2826,#2844,#2858,#2876,#2890,#2910,#2922,#2942,#2960,#2974,#3006,
    #3021,#3053,#3068,#3093,#3117,#3152,#3177,#3201,#3236,#3253,#3273,
    #3293,#3303));
#17 = ADVANCED_FACE('',(#18),#124,.T.);
#18 = FACE_BOUND('',#19,.F.);
#19 = EDGE_LOOP('',(#20,#30,#39,#48,#57,#65,#74,#82,#91,#100,#107,#108,
    #117));
#20 = ORIENTED_EDGE('',*,*,#21,.F.);
#21 = EDGE_CURVE('',#22,#24,#26,.T.);
#22 = VERTEX_POINT('',#23);
#23 = CARTESIAN_POINT('',(111.00227224855,-99.99999975144,
    -1.7763568394E-15));
#24 = VERTEX_POINT('',#25);
#25 = CARTESIAN_POINT('',(111.00227224857,-99.99999975144,7.5));
#26 = LINE('',#27,#28);
#27 = CARTESIAN_POINT('',(111.00227224855,-99.99999975144,
    4.263256414561E-14));
#28 = VECTOR('',#29,1.);
#29 = DIRECTION('',(-6.106226635438E-16,-1.283695372223E-16,1.));
#30 = ORIENTED_EDGE('',*,*,#31,.F.);
#31 = EDGE_CURVE('',#32,#22,#34,.T.);
#32 = VERTEX_POINT('',#33);
#33 = CARTESIAN_POINT('',(94.554439580827,-109.5601182837,
    7.993605777301E-15));
#34 = CIRCLE('',#35,11.002272248552);
#35 = AXIS2_PLACEMENT_3D('',#36,#37,#38);
#36 = CARTESIAN_POINT('',(100.,-99.99999975144,2.84217094304E-14));
#37 = DIRECTION('',(-1.221245327088E-15,2.949029909161E-17,1.));
#38 = DIRECTION('',(1.,-7.884318198315E-16,1.221245327088E-15));
#39 = ORIENTED_EDGE('',*,*,#40,.F.);
#40 = EDGE_CURVE('',#41,#32,#43,.T.);
#41 = VERTEX_POINT('',#42);
#42 = CARTESIAN_POINT('',(93.225739226352,-108.6694510374,
    6.217248937901E-15));
#43 = CIRCLE('',#44,11.002272248552);
#44 = AXIS2_PLACEMENT_3D('',#45,#46,#47);
#45 = CARTESIAN_POINT('',(100.,-99.99999975144,2.84217094304E-14));
#46 = DIRECTION('',(-1.221245327088E-15,2.949029909161E-17,1.));
#47 = DIRECTION('',(1.,-7.884318198315E-16,1.221245327088E-15));
#48 = ORIENTED_EDGE('',*,*,#49,.F.);
#49 = EDGE_CURVE('',#50,#41,#52,.T.);
#50 = VERTEX_POINT('',#51);
#51 = CARTESIAN_POINT('',(97.900000000001,-89.2,-1.731947918415E-14));
#52 = CIRCLE('',#53,11.002272248552);
#53 = AXIS2_PLACEMENT_3D('',#54,#55,#56);
#54 = CARTESIAN_POINT('',(100.,-99.99999975144,2.84217094304E-14));
#55 = DIRECTION('',(-1.221245327088E-15,2.949029909161E-17,1.));
#56 = DIRECTION('',(1.,-7.884318198315E-16,1.221245327088E-15));
#57 = ORIENTED_EDGE('',*,*,#58,.T.);
#58 = EDGE_CURVE('',#50,#59,#61,.T.);
#59 = VERTEX_POINT('',#60);
#60 = CARTESIAN_POINT('',(97.900000000001,-89.2,2.));
#61 = LINE('',#62,#63);
#62 = CARTESIAN_POINT('',(97.900000000001,-89.2,2.84217094304E-14));
#63 = VECTOR('',#64,1.);
#64 = DIRECTION('',(-6.106226635438E-16,-1.283695372223E-16,1.));
#65 = ORIENTED_EDGE('',*,*,#66,.T.);
#66 = EDGE_CURVE('',#59,#67,#69,.T.);
#67 = VERTEX_POINT('',#68);
#68 = CARTESIAN_POINT('',(102.09999999999,-89.2,2.));
#69 = CIRCLE('',#70,11.002272248552);
#70 = AXIS2_PLACEMENT_3D('',#71,#72,#73);
#71 = CARTESIAN_POINT('',(100.,-99.99999975144,2.));
#72 = DIRECTION('',(1.221245327088E-15,-2.949029909161E-17,-1.));
#73 = DIRECTION('',(1.,-7.884318198315E-16,1.221245327088E-15));
#74 = ORIENTED_EDGE('',*,*,#75,.F.);
#75 = EDGE_CURVE('',#76,#67,#78,.T.);
#76 = VERTEX_POINT('',#77);
#77 = CARTESIAN_POINT('',(102.09999999999,-89.2,-1.110223024625E-14));
#78 = LINE('',#79,#80);
#79 = CARTESIAN_POINT('',(102.09999999999,-89.2,2.84217094304E-14));
#80 = VECTOR('',#81,1.);
#81 = DIRECTION('',(-6.106226635438E-16,-1.283695372223E-16,1.));
#82 = ORIENTED_EDGE('',*,*,#83,.F.);
#83 = EDGE_CURVE('',#84,#76,#86,.T.);
#84 = VERTEX_POINT('',#85);
#85 = CARTESIAN_POINT('',(105.63724560268,-90.5516423997,
    1.643130076445E-14));
#86 = CIRCLE('',#87,11.002272248552);
#87 = AXIS2_PLACEMENT_3D('',#88,#89,#90);
#88 = CARTESIAN_POINT('',(100.,-99.99999975144,2.84217094304E-14));
#89 = DIRECTION('',(-1.221245327088E-15,2.949029909161E-17,1.));
#90 = DIRECTION('',(1.,-7.884318198315E-16,1.221245327088E-15));
#91 = ORIENTED_EDGE('',*,*,#92,.F.);
#92 = EDGE_CURVE('',#93,#84,#95,.T.);
#93 = VERTEX_POINT('',#94);
#94 = CARTESIAN_POINT('',(106.94812440597,-91.46925758734,
    1.7763568394E-14));
#95 = CIRCLE('',#96,11.002272248552);
#96 = AXIS2_PLACEMENT_3D('',#97,#98,#99);
#97 = CARTESIAN_POINT('',(100.,-99.99999975144,2.84217094304E-14));
#98 = DIRECTION('',(-1.221245327088E-15,2.949029909161E-17,1.));
#99 = DIRECTION('',(1.,-7.884318198315E-16,1.221245327088E-15));
#100 = ORIENTED_EDGE('',*,*,#101,.F.);
#101 = EDGE_CURVE('',#22,#93,#102,.T.);
#102 = CIRCLE('',#103,11.002272248552);
#103 = AXIS2_PLACEMENT_3D('',#104,#105,#106);
#104 = CARTESIAN_POINT('',(100.,-99.99999975144,2.84217094304E-14));
#105 = DIRECTION('',(-1.221245327088E-15,2.949029909161E-17,1.));
#106 = DIRECTION('',(1.,-7.884318198315E-16,1.221245327088E-15));
#107 = ORIENTED_EDGE('',*,*,#21,.T.);
#108 = ORIENTED_EDGE('',*,*,#109,.T.);
#109 = EDGE_CURVE('',#24,#110,#112,.T.);
#110 = VERTEX_POINT('',#111);
#111 = CARTESIAN_POINT('',(109.14218432588,-106.1213117337,7.5));
#112 = CIRCLE('',#113,11.002272248552);
#113 = AXIS2_PLACEMENT_3D('',#114,#115,#116);
#114 = CARTESIAN_POINT('',(100.00000000003,-99.9999997515,7.5));
#115 = DIRECTION('',(-5.382729935275E-16,2.936046824955E-16,1.));
#116 = DIRECTION('',(0.830936021152,-0.556367979625,6.106226635438E-16)
  );
#117 = ORIENTED_EDGE('',*,*,#118,.T.);
#118 = EDGE_CURVE('',#110,#24,#119,.T.);
#119 = CIRCLE('',#120,11.002272248552);
#120 = AXIS2_PLACEMENT_3D('',#121,#122,#123);
#121 = CARTESIAN_POINT('',(100.00000000003,-99.9999997515,7.5));
#122 = DIRECTION('',(-5.382729935275E-16,2.936046824955E-16,1.));
#123 = DIRECTION('',(0.830936021152,-0.556367979625,6.106226635438E-16)
  );
#124 = CYLINDRICAL_SURFACE('',#125,11.002272248552);
#125 = AXIS2_PLACEMENT_3D('',#126,#127,#128);
#126 = CARTESIAN_POINT('',(100.,-99.99999975144,2.84217094304E-14));
#127 = DIRECTION('',(6.106226635438E-16,1.283695372223E-16,-1.));
#128 = DIRECTION('',(1.,-7.884318198315E-16,1.221245327088E-15));
#129 = ADVANCED_FACE('',(#130,#134,#145,#156,#167,#178,#189,#200,#211,
    #222,#233,#244,#255,#266,#277,#288,#299,#310),#321,.T.);
#130 = FACE_BOUND('',#131,.T.);
#131 = EDGE_LOOP('',(#132,#133));
#132 = ORIENTED_EDGE('',*,*,#118,.T.);
#133 = ORIENTED_EDGE('',*,*,#109,.T.);
#134 = FACE_BOUND('',#135,.T.);
#135 = EDGE_LOOP('',(#136));
#136 = ORIENTED_EDGE('',*,*,#137,.F.);
#137 = EDGE_CURVE('',#138,#138,#140,.T.);
#138 = VERTEX_POINT('',#139);
#139 = CARTESIAN_POINT('',(93.068921762289,-105.6384448995,7.5));
#140 = CIRCLE('',#141,1.1);
#141 = AXIS2_PLACEMENT_3D('',#142,#143,#144);
#142 = CARTESIAN_POINT('',(93.282485578734,-106.7175141727,7.5));
#143 = DIRECTION('',(7.766966255614E-16,3.223613471146E-15,1.));
#144 = DIRECTION('',(-0.19414892404,0.980972066521,-3.011479954296E-15)
  );
#145 = FACE_BOUND('',#146,.T.);
#146 = EDGE_LOOP('',(#147));
#147 = ORIENTED_EDGE('',*,*,#148,.F.);
#148 = EDGE_CURVE('',#149,#149,#151,.T.);
#149 = VERTEX_POINT('',#150);
#150 = CARTESIAN_POINT('',(95.754258220433,-107.8616526289,7.5));
#151 = CIRCLE('',#152,1.1);
#152 = AXIS2_PLACEMENT_3D('',#153,#154,#155);
#153 = CARTESIAN_POINT('',(96.364507392549,-108.7768553103,7.5));
#154 = DIRECTION('',(2.15244150037E-16,3.47951983425E-15,1.));
#155 = DIRECTION('',(-0.55477197465,0.832002437582,-2.775557561563E-15)
  );
#156 = FACE_BOUND('',#157,.T.);
#157 = EDGE_LOOP('',(#158));
#158 = ORIENTED_EDGE('',*,*,#159,.F.);
#159 = EDGE_CURVE('',#160,#160,#162,.T.);
#160 = VERTEX_POINT('',#161);
#161 = CARTESIAN_POINT('',(91.438779135456,-102.5568350089,7.5));
#162 = CIRCLE('',#163,1.1);
#163 = AXIS2_PLACEMENT_3D('',#164,#165,#166);
#164 = CARTESIAN_POINT('',(91.223144441137,-103.6354923589,7.5));
#165 = DIRECTION('',(1.224510879119E-15,2.727207073336E-15,1.));
#166 = DIRECTION('',(0.196031540291,0.980597590866,-2.914335439641E-15)
  );
#167 = FACE_BOUND('',#168,.T.);
#168 = EDGE_LOOP('',(#169));
#169 = ORIENTED_EDGE('',*,*,#170,.F.);
#170 = EDGE_CURVE('',#171,#171,#173,.T.);
#171 = VERTEX_POINT('',#172);
#172 = CARTESIAN_POINT('',(91.11200477759,-99.08597012821,7.5));
#173 = CIRCLE('',#174,1.1);
#174 = AXIS2_PLACEMENT_3D('',#175,#176,#177);
#175 = CARTESIAN_POINT('',(90.499999999983,-99.99999975147,7.5));
#176 = DIRECTION('',(1.343280551576E-15,1.906416408529E-15,1.));
#177 = DIRECTION('',(0.556367979642,0.83093602114,-2.331468351713E-15));
#178 = FACE_BOUND('',#179,.T.);
#179 = EDGE_LOOP('',(#180));
#180 = ORIENTED_EDGE('',*,*,#181,.F.);
#181 = EDGE_CURVE('',#182,#182,#184,.T.);
#182 = VERTEX_POINT('',#183);
#183 = CARTESIAN_POINT('',(99.085970376771,-108.8879949738,7.5));
#184 = CIRCLE('',#185,1.1);
#185 = AXIS2_PLACEMENT_3D('',#186,#187,#188);
#186 = CARTESIAN_POINT('',(100.00000000002,-109.4999997514,7.5));
#187 = DIRECTION('',(-9.782717931503E-16,3.527658603628E-15,1.));
#188 = DIRECTION('',(-0.83093602114,0.556367979642,-2.775557561563E-15)
  );
#189 = FACE_BOUND('',#190,.T.);
#190 = EDGE_LOOP('',(#191));
#191 = ORIENTED_EDGE('',*,*,#192,.F.);
#192 = EDGE_CURVE('',#193,#193,#195,.T.);
#193 = VERTEX_POINT('',#194);
#194 = CARTESIAN_POINT('',(102.55683525754,-108.5612206159,7.5));
#195 = CIRCLE('',#196,1.1);
#196 = AXIS2_PLACEMENT_3D('',#197,#198,#199);
#197 = CARTESIAN_POINT('',(103.63549260749,-108.7768553103,7.5));
#198 = DIRECTION('',(-1.276761709052E-15,3.524437118965E-15,1.));
#199 = DIRECTION('',(-0.980597590866,0.196031540291,-1.942890293094E-15)
  );
#200 = FACE_BOUND('',#201,.T.);
#201 = EDGE_LOOP('',(#202));
#202 = ORIENTED_EDGE('',*,*,#203,.F.);
#203 = EDGE_CURVE('',#204,#204,#206,.T.);
#204 = VERTEX_POINT('',#205);
#205 = CARTESIAN_POINT('',(105.63844514813,-106.9310779891,7.5));
#206 = CIRCLE('',#207,1.1);
#207 = AXIS2_PLACEMENT_3D('',#208,#209,#210);
#208 = CARTESIAN_POINT('',(106.7175144213,-106.7175141727,7.5));
#209 = DIRECTION('',(-2.152522198702E-15,2.870229221058E-15,1.));
#210 = DIRECTION('',(-0.980972066521,-0.19414892404,-1.554312234475E-15)
  );
#211 = FACE_BOUND('',#212,.T.);
#212 = EDGE_LOOP('',(#213));
#213 = ORIENTED_EDGE('',*,*,#214,.F.);
#214 = EDGE_CURVE('',#215,#215,#217,.T.);
#215 = VERTEX_POINT('',#216);
#216 = CARTESIAN_POINT('',(107.86165287754,-104.245741531,7.5));
#217 = CIRCLE('',#218,1.1);
#218 = AXIS2_PLACEMENT_3D('',#219,#220,#221);
#219 = CARTESIAN_POINT('',(108.77685555888,-103.6354923588,7.5));
#220 = DIRECTION('',(-2.432731047624E-15,1.847312925438E-15,1.));
#221 = DIRECTION('',(-0.832002437582,-0.55477197465,-9.992007221626E-16)
  );
#222 = FACE_BOUND('',#223,.T.);
#223 = EDGE_LOOP('',(#224));
#224 = ORIENTED_EDGE('',*,*,#225,.F.);
#225 = EDGE_CURVE('',#226,#226,#228,.T.);
#226 = VERTEX_POINT('',#227);
#227 = CARTESIAN_POINT('',(92.138347122457,-95.75425797188,7.5));
#228 = CIRCLE('',#229,1.1);
#229 = AXIS2_PLACEMENT_3D('',#230,#231,#232);
#230 = CARTESIAN_POINT('',(91.223144441117,-96.36450714399,7.5));
#231 = DIRECTION('',(6.465094505423E-16,1.431885940669E-15,1.));
#232 = DIRECTION('',(0.832002437582,0.55477197465,-1.33226762955E-15));
#233 = FACE_BOUND('',#234,.T.);
#234 = EDGE_LOOP('',(#235));
#235 = ORIENTED_EDGE('',*,*,#236,.F.);
#236 = EDGE_CURVE('',#237,#237,#239,.T.);
#237 = VERTEX_POINT('',#238);
#238 = CARTESIAN_POINT('',(94.36155485187,-93.06892151373,7.5));
#239 = CIRCLE('',#240,1.1);
#240 = AXIS2_PLACEMENT_3D('',#241,#242,#243);
#241 = CARTESIAN_POINT('',(93.282485578698,-93.28248533018,7.5));
#242 = DIRECTION('',(7.009659555234E-16,7.470515081932E-16,1.));
#243 = DIRECTION('',(0.980972066521,0.19414892404,-8.326672684689E-16));
#244 = FACE_BOUND('',#245,.T.);
#245 = EDGE_LOOP('',(#246));
#246 = ORIENTED_EDGE('',*,*,#247,.F.);
#247 = EDGE_CURVE('',#248,#248,#250,.T.);
#248 = VERTEX_POINT('',#249);
#249 = CARTESIAN_POINT('',(97.443164742453,-91.4387788869,7.5));
#250 = CIRCLE('',#251,1.1);
#251 = AXIS2_PLACEMENT_3D('',#252,#253,#254);
#252 = CARTESIAN_POINT('',(96.364507392501,-91.22314419258,7.5));
#253 = DIRECTION('',(5.524780452271E-16,2.150586533779E-16,1.));
#254 = DIRECTION('',(0.980597590866,-0.196031540291,-4.996003610813E-16)
  );
#255 = FACE_BOUND('',#256,.T.);
#256 = EDGE_LOOP('',(#257));
#257 = ORIENTED_EDGE('',*,*,#258,.F.);
#258 = EDGE_CURVE('',#259,#259,#261,.T.);
#259 = VERTEX_POINT('',#260);
#260 = CARTESIAN_POINT('',(100.91402962322,-91.11200452903,7.5));
#261 = CIRCLE('',#262,1.1);
#262 = AXIS2_PLACEMENT_3D('',#263,#264,#265);
#263 = CARTESIAN_POINT('',(99.999999999974,-90.49999975143,7.5));
#264 = DIRECTION('',(-7.227778540535E-16,4.171431907394E-16,1.));
#265 = DIRECTION('',(0.83093602114,-0.556367979642,8.326672684689E-16));
#266 = FACE_BOUND('',#267,.T.);
#267 = EDGE_LOOP('',(#268));
#268 = ORIENTED_EDGE('',*,*,#269,.F.);
#269 = EDGE_CURVE('',#270,#270,#272,.T.);
#270 = VERTEX_POINT('',#271);
#271 = CARTESIAN_POINT('',(108.,-99.99999975144,7.5));
#272 = CIRCLE('',#273,8.);
#273 = AXIS2_PLACEMENT_3D('',#274,#275,#276);
#274 = CARTESIAN_POINT('',(100.,-99.99999975144,7.5));
#275 = DIRECTION('',(-1.221245327088E-15,2.949029909161E-17,1.));
#276 = DIRECTION('',(1.,-7.884318198315E-16,1.221245327088E-15));
#277 = FACE_BOUND('',#278,.T.);
#278 = EDGE_LOOP('',(#279));
#279 = ORIENTED_EDGE('',*,*,#280,.F.);
#280 = EDGE_CURVE('',#281,#281,#283,.T.);
#281 = VERTEX_POINT('',#282);
#282 = CARTESIAN_POINT('',(108.88799522241,-100.9140293746,7.5));
#283 = CIRCLE('',#284,1.1);
#284 = AXIS2_PLACEMENT_3D('',#285,#286,#287);
#285 = CARTESIAN_POINT('',(109.50000000001,-99.99999975142,7.5));
#286 = DIRECTION('',(-1.890773369546E-15,1.4664176089E-15,1.));
#287 = DIRECTION('',(-0.556367979642,-0.83093602114,1.665334536938E-16)
  );
#288 = FACE_BOUND('',#289,.T.);
#289 = EDGE_LOOP('',(#290));
#290 = ORIENTED_EDGE('',*,*,#291,.F.);
#291 = EDGE_CURVE('',#292,#292,#294,.T.);
#292 = VERTEX_POINT('',#293);
#293 = CARTESIAN_POINT('',(108.56122086454,-97.4431644939,7.5));
#294 = CIRCLE('',#295,1.1);
#295 = AXIS2_PLACEMENT_3D('',#296,#297,#298);
#296 = CARTESIAN_POINT('',(108.77685555886,-96.36450714394,7.5));
#297 = DIRECTION('',(-1.619445033075E-15,6.775531631262E-16,1.));
#298 = DIRECTION('',(-0.196031540291,-0.980597590866,3.469446951954E-16)
  );
#299 = FACE_BOUND('',#300,.T.);
#300 = EDGE_LOOP('',(#301));
#301 = ORIENTED_EDGE('',*,*,#302,.F.);
#302 = EDGE_CURVE('',#303,#303,#305,.T.);
#303 = VERTEX_POINT('',#304);
#304 = CARTESIAN_POINT('',(104.24574177956,-92.1383468739,7.5));
#305 = CIRCLE('',#306,1.1);
#306 = AXIS2_PLACEMENT_3D('',#307,#308,#309);
#307 = CARTESIAN_POINT('',(103.63549260745,-91.22314419256,7.5));
#308 = DIRECTION('',(2.309788657157E-16,-4.464647492202E-16,1.));
#309 = DIRECTION('',(0.55477197465,-0.832002437582,-4.996003610813E-16)
  );
#310 = FACE_BOUND('',#311,.T.);
#311 = EDGE_LOOP('',(#312));
#312 = ORIENTED_EDGE('',*,*,#313,.F.);
#313 = EDGE_CURVE('',#314,#314,#316,.T.);
#314 = VERTEX_POINT('',#315);
#315 = CARTESIAN_POINT('',(106.93107823771,-94.36155460331,7.5));
#316 = CIRCLE('',#317,1.1);
#317 = AXIS2_PLACEMENT_3D('',#318,#319,#320);
#318 = CARTESIAN_POINT('',(106.71751442126,-93.28248533014,7.5));
#319 = DIRECTION('',(-1.183968027068E-15,-2.212020319101E-17,1.));
#320 = DIRECTION('',(0.19414892404,-0.980972066521,2.081668171172E-16));
#321 = PLANE('',#322);
#322 = AXIS2_PLACEMENT_3D('',#323,#324,#325);
#323 = CARTESIAN_POINT('',(100.00000000003,-99.9999997515,7.5));
#324 = DIRECTION('',(-4.996003610813E-16,1.908195823574E-16,1.));
#325 = DIRECTION('',(1.,-2.498001805407E-16,6.106226635438E-16));
#326 = ADVANCED_FACE('',(#327,#353),#748,.F.);
#327 = FACE_BOUND('',#328,.F.);
#328 = EDGE_LOOP('',(#329,#335,#336,#343,#344,#345,#352));
#329 = ORIENTED_EDGE('',*,*,#330,.F.);
#330 = EDGE_CURVE('',#50,#76,#331,.T.);
#331 = LINE('',#332,#333);
#332 = CARTESIAN_POINT('',(97.9,-89.2,1.42108547152E-14));
#333 = VECTOR('',#334,1.);
#334 = DIRECTION('',(1.,2.597748405275E-15,1.221245327088E-15));
#335 = ORIENTED_EDGE('',*,*,#49,.T.);
#336 = ORIENTED_EDGE('',*,*,#337,.T.);
#337 = EDGE_CURVE('',#41,#32,#338,.T.);
#338 = CIRCLE('',#339,0.8);
#339 = AXIS2_PLACEMENT_3D('',#340,#341,#342);
#340 = CARTESIAN_POINT('',(93.9,-109.1,6.572520305781E-14));
#341 = DIRECTION('',(1.584748258066E-15,9.607325211639E-17,-1.));
#342 = DIRECTION('',(0.838670567945,-0.544639035015,1.276756478319E-15)
  );
#343 = ORIENTED_EDGE('',*,*,#31,.T.);
#344 = ORIENTED_EDGE('',*,*,#101,.T.);
#345 = ORIENTED_EDGE('',*,*,#346,.T.);
#346 = EDGE_CURVE('',#93,#84,#347,.T.);
#347 = CIRCLE('',#348,0.800167438041);
#348 = AXIS2_PLACEMENT_3D('',#349,#350,#351);
#349 = CARTESIAN_POINT('',(106.3,-91.,1.119104808822E-13));
#350 = DIRECTION('',(2.315174250092E-15,8.131393299073E-16,-1.));
#351 = DIRECTION('',(0.838670567945,-0.544639035015,1.498801083244E-15)
  );
#352 = ORIENTED_EDGE('',*,*,#83,.T.);
#353 = FACE_BOUND('',#354,.F.);
#354 = EDGE_LOOP('',(#355,#365,#373,#382,#390,#398,#406,#415,#424,#433,
    #441,#449,#457,#466,#475,#484,#493,#502,#510,#518,#526,#535,#544,
    #553,#562,#571,#580,#589,#598,#607,#615,#623,#631,#640,#649,#658,
    #667,#676,#684,#692,#700,#709,#717,#725,#733,#742));
#355 = ORIENTED_EDGE('',*,*,#356,.F.);
#356 = EDGE_CURVE('',#357,#359,#361,.T.);
#357 = VERTEX_POINT('',#358);
#358 = CARTESIAN_POINT('',(101.,-110.7,-1.15463194561E-14));
#359 = VERTEX_POINT('',#360);
#360 = CARTESIAN_POINT('',(103.17696454197,-110.2649995597,
    -7.993605777301E-15));
#361 = LINE('',#362,#363);
#362 = CARTESIAN_POINT('',(101.,-110.7,4.085620730621E-14));
#363 = VECTOR('',#364,1.);
#364 = DIRECTION('',(0.980614658547,0.195946144243,1.165734175856E-15));
#365 = ORIENTED_EDGE('',*,*,#366,.T.);
#366 = EDGE_CURVE('',#357,#367,#369,.T.);
#367 = VERTEX_POINT('',#368);
#368 = CARTESIAN_POINT('',(100.88952161738,-110.1471097052,
    -3.552713678801E-15));
#369 = LINE('',#370,#371);
#370 = CARTESIAN_POINT('',(101.,-110.7,4.085620730621E-14));
#371 = VECTOR('',#372,1.);
#372 = DIRECTION('',(-0.195946144243,0.980614658547,0.));
#373 = ORIENTED_EDGE('',*,*,#374,.F.);
#374 = EDGE_CURVE('',#375,#367,#377,.T.);
#375 = VERTEX_POINT('',#376);
#376 = CARTESIAN_POINT('',(99.116739585585,-110.1556300133,
    -8.881784197001E-15));
#377 = CIRCLE('',#378,1.1);
#378 = AXIS2_PLACEMENT_3D('',#379,#380,#381);
#379 = CARTESIAN_POINT('',(100.00000000002,-109.4999997514,
    -1.86517468137E-14));
#380 = DIRECTION('',(-7.401142251676E-16,3.167779273546E-15,1.));
#381 = DIRECTION('',(-0.83093602114,0.556367979642,-2.377438523826E-15)
  );
#382 = ORIENTED_EDGE('',*,*,#383,.F.);
#383 = EDGE_CURVE('',#384,#375,#386,.T.);
#384 = VERTEX_POINT('',#385);
#385 = CARTESIAN_POINT('',(99.006964541973,-110.7050004402,
    -4.440892098501E-15));
#386 = LINE('',#387,#388);
#387 = CARTESIAN_POINT('',(99.006964541973,-110.7050004402,
    4.796163466381E-14));
#388 = VECTOR('',#389,1.);
#389 = DIRECTION('',(0.195946144243,0.980614658547,2.775557561563E-16));
#390 = ORIENTED_EDGE('',*,*,#391,.F.);
#391 = EDGE_CURVE('',#392,#384,#394,.T.);
#392 = VERTEX_POINT('',#393);
#393 = CARTESIAN_POINT('',(96.83,-110.27,-6.217248937901E-15));
#394 = LINE('',#395,#396);
#395 = CARTESIAN_POINT('',(96.83,-110.27,4.796163466381E-14));
#396 = VECTOR('',#397,1.);
#397 = DIRECTION('',(0.980614658547,-0.195946144243,1.318389841742E-15)
  );
#398 = ORIENTED_EDGE('',*,*,#399,.T.);
#399 = EDGE_CURVE('',#392,#400,#402,.T.);
#400 = VERTEX_POINT('',#401);
#401 = CARTESIAN_POINT('',(96.94118474459,-109.7135747088,
    -9.769962616701E-15));
#402 = LINE('',#403,#404);
#403 = CARTESIAN_POINT('',(96.83,-110.27,4.796163466381E-14));
#404 = VECTOR('',#405,1.);
#405 = DIRECTION('',(0.195946144243,0.980614658547,2.775557561563E-16));
#406 = ORIENTED_EDGE('',*,*,#407,.F.);
#407 = EDGE_CURVE('',#408,#400,#410,.T.);
#408 = VERTEX_POINT('',#409);
#409 = CARTESIAN_POINT('',(95.280286566798,-108.5912072534,
    -6.217248937901E-15));
#410 = CIRCLE('',#411,1.1);
#411 = AXIS2_PLACEMENT_3D('',#412,#413,#414);
#412 = CARTESIAN_POINT('',(96.364507392549,-108.7768553103,
    -2.04281036531E-14));
#413 = DIRECTION('',(-6.186832878737E-17,3.294743648347E-15,1.));
#414 = DIRECTION('',(-0.55477197465,0.832002437582,-2.775557561563E-15)
  );
#415 = ORIENTED_EDGE('',*,*,#416,.T.);
#416 = EDGE_CURVE('',#408,#417,#419,.T.);
#417 = VERTEX_POINT('',#418);
#418 = CARTESIAN_POINT('',(93.868915365742,-107.6481591667,
    -6.217248937901E-15));
#419 = CIRCLE('',#420,9.802272248552);
#420 = AXIS2_PLACEMENT_3D('',#421,#422,#423);
#421 = CARTESIAN_POINT('',(100.,-99.99999975144,2.84217094304E-14));
#422 = DIRECTION('',(1.221245327088E-15,-2.949029909161E-17,-1.));
#423 = DIRECTION('',(1.,-7.884318198315E-16,1.221245327088E-15));
#424 = ORIENTED_EDGE('',*,*,#425,.F.);
#425 = EDGE_CURVE('',#426,#417,#428,.T.);
#426 = VERTEX_POINT('',#427);
#427 = CARTESIAN_POINT('',(92.193227657432,-106.5641610479,
    -6.217248937901E-15));
#428 = CIRCLE('',#429,1.1);
#429 = AXIS2_PLACEMENT_3D('',#430,#431,#432);
#430 = CARTESIAN_POINT('',(93.282485578734,-106.7175141727,
    -1.50990331349E-14));
#431 = DIRECTION('',(4.520939133833E-16,2.862283293284E-15,1.));
#432 = DIRECTION('',(-0.19414892404,0.980972066521,-2.720046410332E-15)
  );
#433 = ORIENTED_EDGE('',*,*,#434,.T.);
#434 = EDGE_CURVE('',#426,#435,#437,.T.);
#435 = VERTEX_POINT('',#436);
#436 = CARTESIAN_POINT('',(92.096797659233,-106.626783421,
    -1.68753899743E-14));
#437 = LINE('',#438,#439);
#438 = CARTESIAN_POINT('',(92.6,-106.3,4.085620730621E-14));
#439 = VECTOR('',#440,1.);
#440 = DIRECTION('',(-0.838670567945,-0.544639035015,-1.554312234475E-15
    ));
#441 = ORIENTED_EDGE('',*,*,#442,.T.);
#442 = EDGE_CURVE('',#435,#443,#445,.T.);
#443 = VERTEX_POINT('',#444);
#444 = CARTESIAN_POINT('',(90.871359830449,-104.7397746431,
    -1.50990331349E-14));
#445 = LINE('',#446,#447);
#446 = CARTESIAN_POINT('',(92.096797659233,-106.626783421,
    3.37507799486E-14));
#447 = VECTOR('',#448,1.);
#448 = DIRECTION('',(-0.544639035015,0.838670567945,-8.326672684689E-16)
  );
#449 = ORIENTED_EDGE('',*,*,#450,.F.);
#450 = EDGE_CURVE('',#451,#443,#453,.T.);
#451 = VERTEX_POINT('',#452);
#452 = CARTESIAN_POINT('',(90.936482615042,-104.6974834123,
    -7.993605777301E-15));
#453 = LINE('',#454,#455);
#454 = CARTESIAN_POINT('',(91.374562171216,-104.4129912221,
    3.730349362741E-14));
#455 = VECTOR('',#456,1.);
#456 = DIRECTION('',(-0.838670567945,-0.544639035015,-1.554312234475E-15
    ));
#457 = ORIENTED_EDGE('',*,*,#458,.F.);
#458 = EDGE_CURVE('',#459,#451,#461,.T.);
#459 = VERTEX_POINT('',#460);
#460 = CARTESIAN_POINT('',(90.587757542849,-102.7375594608,
    -1.24344978758E-14));
#461 = CIRCLE('',#462,1.1);
#462 = AXIS2_PLACEMENT_3D('',#463,#464,#465);
#463 = CARTESIAN_POINT('',(91.223144441137,-103.6354923589,
    -1.33226762955E-14));
#464 = DIRECTION('',(9.959047473691E-16,2.574774496941E-15,1.));
#465 = DIRECTION('',(0.196031540291,0.980597590866,-2.720046410332E-15)
  );
#466 = ORIENTED_EDGE('',*,*,#467,.T.);
#467 = EDGE_CURVE('',#459,#468,#470,.T.);
#468 = VERTEX_POINT('',#469);
#469 = CARTESIAN_POINT('',(90.256603092912,-101.0727336167,
    -1.24344978758E-14));
#470 = CIRCLE('',#471,9.802272248552);
#471 = AXIS2_PLACEMENT_3D('',#472,#473,#474);
#472 = CARTESIAN_POINT('',(100.,-99.99999975144,2.84217094304E-14));
#473 = DIRECTION('',(1.221245327088E-15,-2.949029909161E-17,-1.));
#474 = DIRECTION('',(1.,-7.884318198315E-16,1.221245327088E-15));
#475 = ORIENTED_EDGE('',*,*,#476,.F.);
#476 = EDGE_CURVE('',#477,#468,#479,.T.);
#477 = VERTEX_POINT('',#478);
#478 = CARTESIAN_POINT('',(90.256603092906,-98.92726588623,
    -1.7763568394E-14));
#479 = CIRCLE('',#480,1.1);
#480 = AXIS2_PLACEMENT_3D('',#481,#482,#483);
#481 = CARTESIAN_POINT('',(90.499999999983,-99.99999975147,
    -9.769962616701E-15));
#482 = DIRECTION('',(1.238628331828E-15,1.842877029981E-15,1.));
#483 = DIRECTION('',(0.556367979642,0.83093602114,-2.22044604925E-15));
#484 = ORIENTED_EDGE('',*,*,#485,.T.);
#485 = EDGE_CURVE('',#477,#486,#488,.T.);
#486 = VERTEX_POINT('',#487);
#487 = CARTESIAN_POINT('',(90.587757542834,-97.26244004209,
    -1.86517468137E-14));
#488 = CIRCLE('',#489,9.802272248552);
#489 = AXIS2_PLACEMENT_3D('',#490,#491,#492);
#490 = CARTESIAN_POINT('',(100.,-99.99999975144,2.84217094304E-14));
#491 = DIRECTION('',(1.221245327088E-15,-2.949029909161E-17,-1.));
#492 = DIRECTION('',(1.,-7.884318198315E-16,1.221245327088E-15));
#493 = ORIENTED_EDGE('',*,*,#494,.F.);
#494 = EDGE_CURVE('',#495,#486,#497,.T.);
#495 = VERTEX_POINT('',#496);
#496 = CARTESIAN_POINT('',(90.909998784148,-95.31002158339,
    -1.554312234475E-14));
#497 = CIRCLE('',#498,1.1);
#498 = AXIS2_PLACEMENT_3D('',#499,#500,#501);
#499 = CARTESIAN_POINT('',(91.223144441117,-96.36450714399,
    -8.881784197001E-15));
#500 = DIRECTION('',(1.216175590373E-15,1.277974852456E-15,1.));
#501 = DIRECTION('',(0.832002437582,0.55477197465,-1.720845688169E-15));
#502 = ORIENTED_EDGE('',*,*,#503,.F.);
#503 = EDGE_CURVE('',#504,#495,#506,.T.);
#504 = VERTEX_POINT('',#505);
#505 = CARTESIAN_POINT('',(90.874562171216,-95.28700877787,
    -1.15463194561E-14));
#506 = LINE('',#507,#508);
#507 = CARTESIAN_POINT('',(90.874562171216,-95.28700877787,
    5.861977570021E-14));
#508 = VECTOR('',#509,1.);
#509 = DIRECTION('',(0.838670567945,-0.544639035015,1.33226762955E-15));
#510 = ORIENTED_EDGE('',*,*,#511,.F.);
#511 = EDGE_CURVE('',#512,#504,#514,.T.);
#512 = VERTEX_POINT('',#513);
#513 = CARTESIAN_POINT('',(92.1,-93.4,-8.881784197001E-15));
#514 = LINE('',#515,#516);
#515 = CARTESIAN_POINT('',(92.1,-93.4,6.572520305781E-14));
#516 = VECTOR('',#517,1.);
#517 = DIRECTION('',(-0.544639035015,-0.838670567945,-9.992007221626E-16
    ));
#518 = ORIENTED_EDGE('',*,*,#519,.T.);
#519 = EDGE_CURVE('',#512,#520,#522,.T.);
#520 = VERTEX_POINT('',#521);
#521 = CARTESIAN_POINT('',(92.197445165729,-93.46328163054,
    -1.50990331349E-14));
#522 = LINE('',#523,#524);
#523 = CARTESIAN_POINT('',(92.1,-93.4,6.572520305781E-14));
#524 = VECTOR('',#525,1.);
#525 = DIRECTION('',(0.838670567945,-0.544639035015,1.33226762955E-15));
#526 = ORIENTED_EDGE('',*,*,#527,.F.);
#527 = EDGE_CURVE('',#528,#520,#530,.T.);
#528 = VERTEX_POINT('',#529);
#529 = CARTESIAN_POINT('',(93.868915365701,-92.35184033615,
    -2.30926389122E-14));
#530 = CIRCLE('',#531,1.1);
#531 = AXIS2_PLACEMENT_3D('',#532,#533,#534);
#532 = CARTESIAN_POINT('',(93.282485578698,-93.28248533018,
    -5.773159728051E-15));
#533 = DIRECTION('',(1.013655762779E-15,5.967328268437E-16,1.));
#534 = DIRECTION('',(0.980972066521,0.19414892404,-1.110223024625E-15));
#535 = ORIENTED_EDGE('',*,*,#536,.T.);
#536 = EDGE_CURVE('',#528,#537,#539,.T.);
#537 = VERTEX_POINT('',#538);
#538 = CARTESIAN_POINT('',(95.280286566751,-91.40879224942,
    -2.442490654175E-14));
#539 = CIRCLE('',#540,9.802272248552);
#540 = AXIS2_PLACEMENT_3D('',#541,#542,#543);
#541 = CARTESIAN_POINT('',(100.,-99.99999975144,2.84217094304E-14));
#542 = DIRECTION('',(1.221245327088E-15,-2.949029909161E-17,-1.));
#543 = DIRECTION('',(1.,-7.884318198315E-16,1.221245327088E-15));
#544 = ORIENTED_EDGE('',*,*,#545,.F.);
#545 = EDGE_CURVE('',#546,#537,#548,.T.);
#546 = VERTEX_POINT('',#547);
#547 = CARTESIAN_POINT('',(97.262440290598,-90.58775729429,
    -2.531308496145E-14));
#548 = CIRCLE('',#549,1.1);
#549 = AXIS2_PLACEMENT_3D('',#550,#551,#552);
#550 = CARTESIAN_POINT('',(96.364507392501,-91.22314419258,
    -4.440892098501E-15));
#551 = DIRECTION('',(4.735717963693E-16,-3.806235890934E-17,1.));
#552 = DIRECTION('',(0.980597590866,-0.196031540291,-4.718447854657E-16)
  );
#553 = ORIENTED_EDGE('',*,*,#554,.T.);
#554 = EDGE_CURVE('',#546,#555,#557,.T.);
#555 = VERTEX_POINT('',#556);
#556 = CARTESIAN_POINT('',(98.927266134737,-90.25660284435,
    -2.620126338115E-14));
#557 = CIRCLE('',#558,9.802272248552);
#558 = AXIS2_PLACEMENT_3D('',#559,#560,#561);
#559 = CARTESIAN_POINT('',(100.,-99.99999975144,2.84217094304E-14));
#560 = DIRECTION('',(1.221245327088E-15,-2.949029909161E-17,-1.));
#561 = DIRECTION('',(1.,-7.884318198315E-16,1.221245327088E-15));
#562 = ORIENTED_EDGE('',*,*,#563,.F.);
#563 = EDGE_CURVE('',#564,#555,#566,.T.);
#564 = VERTEX_POINT('',#565);
#565 = CARTESIAN_POINT('',(101.07273386521,-90.25660284435,
    -2.48689957516E-14));
#566 = CIRCLE('',#567,1.1);
#567 = AXIS2_PLACEMENT_3D('',#568,#569,#570);
#568 = CARTESIAN_POINT('',(99.999999999974,-90.49999975143,
    -8.881784197001E-16));
#569 = DIRECTION('',(-1.592384967785E-16,3.070376634745E-16,1.));
#570 = DIRECTION('',(0.83093602114,-0.556367979642,3.031429274269E-16));
#571 = ORIENTED_EDGE('',*,*,#572,.T.);
#572 = EDGE_CURVE('',#564,#573,#575,.T.);
#573 = VERTEX_POINT('',#574);
#574 = CARTESIAN_POINT('',(102.73755970935,-90.58775729428,
    -2.39808173319E-14));
#575 = CIRCLE('',#576,9.802272248552);
#576 = AXIS2_PLACEMENT_3D('',#577,#578,#579);
#577 = CARTESIAN_POINT('',(100.,-99.99999975144,2.84217094304E-14));
#578 = DIRECTION('',(1.221245327088E-15,-2.949029909161E-17,-1.));
#579 = DIRECTION('',(1.,-7.884318198315E-16,1.221245327088E-15));
#580 = ORIENTED_EDGE('',*,*,#581,.F.);
#581 = EDGE_CURVE('',#582,#573,#584,.T.);
#582 = VERTEX_POINT('',#583);
#583 = CARTESIAN_POINT('',(104.7197134332,-91.4087922494,
    -2.30926389122E-14));
#584 = CIRCLE('',#585,1.1);
#585 = AXIS2_PLACEMENT_3D('',#586,#587,#588);
#586 = CARTESIAN_POINT('',(103.63549260745,-91.22314419256,
    1.7763568394E-15));
#587 = DIRECTION('',(-7.390011435508E-16,-9.243989297979E-17,1.));
#588 = DIRECTION('',(0.55477197465,-0.832002437582,3.330669073875E-16));
#589 = ORIENTED_EDGE('',*,*,#590,.T.);
#590 = EDGE_CURVE('',#582,#591,#593,.T.);
#591 = VERTEX_POINT('',#592);
#592 = CARTESIAN_POINT('',(106.13108463425,-92.35184033611,
    -2.22044604925E-14));
#593 = CIRCLE('',#594,9.802272248552);
#594 = AXIS2_PLACEMENT_3D('',#595,#596,#597);
#595 = CARTESIAN_POINT('',(100.,-99.99999975144,2.84217094304E-14));
#596 = DIRECTION('',(1.221245327088E-15,-2.949029909161E-17,-1.));
#597 = DIRECTION('',(1.,-7.884318198315E-16,1.221245327088E-15));
#598 = ORIENTED_EDGE('',*,*,#599,.F.);
#599 = EDGE_CURVE('',#600,#591,#602,.T.);
#600 = VERTEX_POINT('',#601);
#601 = CARTESIAN_POINT('',(107.80162440582,-93.46877956351,
    -1.59872115546E-14));
#602 = CIRCLE('',#603,1.1);
#603 = AXIS2_PLACEMENT_3D('',#604,#605,#606);
#604 = CARTESIAN_POINT('',(106.71751442126,-93.28248533014,
    8.881784197001E-16));
#605 = DIRECTION('',(-1.327904452967E-15,1.333033246408E-16,1.));
#606 = DIRECTION('',(0.19414892404,-0.980972066521,3.885780586188E-16));
#607 = ORIENTED_EDGE('',*,*,#608,.T.);
#608 = EDGE_CURVE('',#600,#609,#611,.T.);
#609 = VERTEX_POINT('',#610);
#610 = CARTESIAN_POINT('',(107.89149122657,-93.40585413818,
    -1.7763568394E-15));
#611 = LINE('',#612,#613);
#612 = CARTESIAN_POINT('',(107.4,-93.75,1.019184736606E-13));
#613 = VECTOR('',#614,1.);
#614 = DIRECTION('',(0.819152044289,0.573576436351,1.665334536938E-15));
#615 = ORIENTED_EDGE('',*,*,#616,.T.);
#616 = EDGE_CURVE('',#609,#617,#619,.T.);
#617 = VERTEX_POINT('',#618);
#618 = CARTESIAN_POINT('',(109.18203820836,-95.24894623784,
    -1.7763568394E-15));
#619 = LINE('',#620,#621);
#620 = CARTESIAN_POINT('',(107.89149122657,-93.40585413818,
    1.12576614697E-13));
#621 = VECTOR('',#622,1.);
#622 = DIRECTION('',(0.573576436351,-0.819152044289,9.159339953158E-16)
  );
#623 = ORIENTED_EDGE('',*,*,#624,.F.);
#624 = EDGE_CURVE('',#625,#617,#627,.T.);
#625 = VERTEX_POINT('',#626);
#626 = CARTESIAN_POINT('',(109.09337452601,-95.31102921658,
    -1.42108547152E-14));
#627 = LINE('',#628,#629);
#628 = CARTESIAN_POINT('',(108.69054698179,-95.59309209965,
    9.836575998179E-14));
#629 = VECTOR('',#630,1.);
#630 = DIRECTION('',(0.819152044289,0.573576436351,1.665334536938E-15));
#631 = ORIENTED_EDGE('',*,*,#632,.F.);
#632 = EDGE_CURVE('',#633,#625,#635,.T.);
#633 = VERTEX_POINT('',#634);
#634 = CARTESIAN_POINT('',(109.41224245715,-97.26244004204,
    -1.643130076445E-14));
#635 = CIRCLE('',#636,1.1);
#636 = AXIS2_PLACEMENT_3D('',#637,#638,#639);
#637 = CARTESIAN_POINT('',(108.77685555886,-96.36450714394,
    -3.10862446895E-15));
#638 = DIRECTION('',(-1.698387910085E-15,8.490108142843E-16,1.));
#639 = DIRECTION('',(-0.196031540291,-0.980597590866,4.996003610813E-16)
  );
#640 = ORIENTED_EDGE('',*,*,#641,.T.);
#641 = EDGE_CURVE('',#633,#642,#644,.T.);
#642 = VERTEX_POINT('',#643);
#643 = CARTESIAN_POINT('',(109.74339690708,-98.92726588618,
    -1.42108547152E-14));
#644 = CIRCLE('',#645,9.802272248552);
#645 = AXIS2_PLACEMENT_3D('',#646,#647,#648);
#646 = CARTESIAN_POINT('',(100.,-99.99999975144,2.84217094304E-14));
#647 = DIRECTION('',(1.221245327088E-15,-2.949029909161E-17,-1.));
#648 = DIRECTION('',(1.,-7.884318198315E-16,1.221245327088E-15));
#649 = ORIENTED_EDGE('',*,*,#650,.F.);
#650 = EDGE_CURVE('',#651,#642,#653,.T.);
#651 = VERTEX_POINT('',#652);
#652 = CARTESIAN_POINT('',(109.74339690709,-101.0727336166,
    -1.15463194561E-14));
#653 = CIRCLE('',#654,1.1);
#654 = AXIS2_PLACEMENT_3D('',#655,#656,#657);
#655 = CARTESIAN_POINT('',(109.50000000001,-99.99999975142,
    -6.217248937901E-15));
#656 = DIRECTION('',(-2.141306482981E-15,1.233333111051E-15,1.));
#657 = DIRECTION('',(-0.556367979642,-0.83093602114,-1.665334536938E-16)
  );
#658 = ORIENTED_EDGE('',*,*,#659,.T.);
#659 = EDGE_CURVE('',#651,#660,#662,.T.);
#660 = VERTEX_POINT('',#661);
#661 = CARTESIAN_POINT('',(109.41224245716,-102.7375594607,
    -1.06581410364E-14));
#662 = CIRCLE('',#663,9.802272248552);
#663 = AXIS2_PLACEMENT_3D('',#664,#665,#666);
#664 = CARTESIAN_POINT('',(100.,-99.99999975144,2.84217094304E-14));
#665 = DIRECTION('',(1.221245327088E-15,-2.949029909161E-17,-1.));
#666 = DIRECTION('',(1.,-7.884318198315E-16,1.221245327088E-15));
#667 = ORIENTED_EDGE('',*,*,#668,.F.);
#668 = EDGE_CURVE('',#669,#660,#671,.T.);
#669 = VERTEX_POINT('',#670);
#670 = CARTESIAN_POINT('',(109.00453550458,-104.7116716387,
    -4.884981308351E-15));
#671 = CIRCLE('',#672,1.1);
#672 = AXIS2_PLACEMENT_3D('',#673,#674,#675);
#673 = CARTESIAN_POINT('',(108.77685555888,-103.6354923588,
    -8.881784197001E-15));
#674 = DIRECTION('',(-2.094026506833E-15,1.939718285066E-15,1.));
#675 = DIRECTION('',(-0.832002437582,-0.55477197465,-6.661338147751E-16)
  );
#676 = ORIENTED_EDGE('',*,*,#677,.F.);
#677 = EDGE_CURVE('',#678,#669,#680,.T.);
#678 = VERTEX_POINT('',#679);
#679 = CARTESIAN_POINT('',(109.14054698179,-104.8069079003,
    -1.199040866595E-14));
#680 = LINE('',#681,#682);
#681 = CARTESIAN_POINT('',(109.14054698179,-104.8069079003,
    6.128431095931E-14));
#682 = VECTOR('',#683,1.);
#683 = DIRECTION('',(-0.819152044289,0.573576436351,-1.443289932013E-15)
  );
#684 = ORIENTED_EDGE('',*,*,#685,.F.);
#685 = EDGE_CURVE('',#686,#678,#688,.T.);
#686 = VERTEX_POINT('',#687);
#687 = CARTESIAN_POINT('',(107.85,-106.65,-1.24344978758E-14));
#688 = LINE('',#689,#690);
#689 = CARTESIAN_POINT('',(107.85,-106.65,5.417888360171E-14));
#690 = VECTOR('',#691,1.);
#691 = DIRECTION('',(0.573576436351,0.819152044289,1.165734175856E-15));
#692 = ORIENTED_EDGE('',*,*,#693,.T.);
#693 = EDGE_CURVE('',#686,#694,#696,.T.);
#694 = VERTEX_POINT('',#695);
#695 = CARTESIAN_POINT('',(107.81357433567,-106.6244944752,
    -5.329070518201E-15));
#696 = LINE('',#697,#698);
#697 = CARTESIAN_POINT('',(107.85,-106.65,5.417888360171E-14));
#698 = VECTOR('',#699,1.);
#699 = DIRECTION('',(-0.819152044289,0.573576436351,-1.443289932013E-15)
  );
#700 = ORIENTED_EDGE('',*,*,#701,.F.);
#701 = EDGE_CURVE('',#702,#694,#704,.T.);
#702 = VERTEX_POINT('',#703);
#703 = CARTESIAN_POINT('',(106.59651415135,-107.8108388887,
    -1.7763568394E-15));
#704 = CIRCLE('',#705,1.1);
#705 = AXIS2_PLACEMENT_3D('',#706,#707,#708);
#706 = CARTESIAN_POINT('',(106.7175144213,-106.7175141727,
    -1.24344978758E-14));
#707 = DIRECTION('',(-1.758433926999E-15,2.594550748147E-15,1.));
#708 = DIRECTION('',(-0.980972066521,-0.19414892404,-1.221245327088E-15)
  );
#709 = ORIENTED_EDGE('',*,*,#710,.F.);
#710 = EDGE_CURVE('',#711,#702,#713,.T.);
#711 = VERTEX_POINT('',#712);
#712 = CARTESIAN_POINT('',(106.64763075307,-107.8910758812,
    -1.15463194561E-14));
#713 = LINE('',#714,#715);
#714 = CARTESIAN_POINT('',(106.64763075307,-107.8910758812,
    8.348877145181E-14));
#715 = VECTOR('',#716,1.);
#716 = DIRECTION('',(-0.537299608347,0.843391445813,-8.326672684689E-16)
  );
#717 = ORIENTED_EDGE('',*,*,#718,.F.);
#718 = EDGE_CURVE('',#719,#711,#721,.T.);
#719 = VERTEX_POINT('',#720);
#720 = CARTESIAN_POINT('',(104.75,-109.1,-1.42108547152E-14));
#721 = LINE('',#722,#723);
#722 = CARTESIAN_POINT('',(104.75,-109.1,6.927791673661E-14));
#723 = VECTOR('',#724,1.);
#724 = DIRECTION('',(0.843391445813,0.537299608347,1.360023205166E-15));
#725 = ORIENTED_EDGE('',*,*,#726,.T.);
#726 = EDGE_CURVE('',#719,#727,#729,.T.);
#727 = VERTEX_POINT('',#728);
#728 = CARTESIAN_POINT('',(104.70581553106,-109.0306442763,
    -8.881784197001E-16));
#729 = LINE('',#730,#731);
#730 = CARTESIAN_POINT('',(104.75,-109.1,6.927791673661E-14));
#731 = VECTOR('',#732,1.);
#732 = DIRECTION('',(-0.537299608347,0.843391445813,-8.326672684689E-16)
  );
#733 = ORIENTED_EDGE('',*,*,#734,.F.);
#734 = EDGE_CURVE('',#735,#727,#737,.T.);
#735 = VERTEX_POINT('',#736);
#736 = CARTESIAN_POINT('',(103.06788236262,-109.7190965797,
    -3.552713678801E-15));
#737 = CIRCLE('',#738,1.1);
#738 = AXIS2_PLACEMENT_3D('',#739,#740,#741);
#739 = CARTESIAN_POINT('',(103.63549260749,-108.7768553103,
    -1.33226762955E-14));
#740 = DIRECTION('',(-1.230440222713E-15,2.90662472202E-15,1.));
#741 = DIRECTION('',(-0.980597590866,0.196031540291,-1.7763568394E-15));
#742 = ORIENTED_EDGE('',*,*,#743,.F.);
#743 = EDGE_CURVE('',#359,#735,#744,.T.);
#744 = LINE('',#745,#746);
#745 = CARTESIAN_POINT('',(103.17696454197,-110.2649995597,
    4.796163466381E-14));
#746 = VECTOR('',#747,1.);
#747 = DIRECTION('',(-0.195946144243,0.980614658547,0.));
#748 = PLANE('',#749);
#749 = AXIS2_PLACEMENT_3D('',#750,#751,#752);
#750 = CARTESIAN_POINT('',(100.,-99.99999975144,4.263256414561E-14));
#751 = DIRECTION('',(-6.106226635438E-16,-1.283695372223E-16,1.));
#752 = DIRECTION('',(1.,-7.884318198315E-16,1.221245327088E-15));
#753 = ADVANCED_FACE('',(#754),#780,.T.);
#754 = FACE_BOUND('',#755,.F.);
#755 = EDGE_LOOP('',(#756,#764,#773,#779));
#756 = ORIENTED_EDGE('',*,*,#757,.T.);
#757 = EDGE_CURVE('',#84,#758,#760,.T.);
#758 = VERTEX_POINT('',#759);
#759 = CARTESIAN_POINT('',(105.63724560268,-90.5516423997,-1.7));
#760 = LINE('',#761,#762);
#761 = CARTESIAN_POINT('',(105.63724560268,-90.5516423997,
    9.769962616701E-14));
#762 = VECTOR('',#763,1.);
#763 = DIRECTION('',(0.,3.677613769071E-16,-1.));
#764 = ORIENTED_EDGE('',*,*,#765,.T.);
#765 = EDGE_CURVE('',#758,#766,#768,.T.);
#766 = VERTEX_POINT('',#767);
#767 = CARTESIAN_POINT('',(106.94812440597,-91.46925758734,-1.7));
#768 = CIRCLE('',#769,11.002272248552);
#769 = AXIS2_PLACEMENT_3D('',#770,#771,#772);
#770 = CARTESIAN_POINT('',(100.,-99.99999975144,-1.7));
#771 = DIRECTION('',(2.315174250092E-15,8.131393299073E-16,-1.));
#772 = DIRECTION('',(0.838670567945,-0.544639035015,1.498801083244E-15)
  );
#773 = ORIENTED_EDGE('',*,*,#774,.F.);
#774 = EDGE_CURVE('',#93,#766,#775,.T.);
#775 = LINE('',#776,#777);
#776 = CARTESIAN_POINT('',(106.94812440597,-91.46925758734,
    9.059419880941E-14));
#777 = VECTOR('',#778,1.);
#778 = DIRECTION('',(0.,3.677613769071E-16,-1.));
#779 = ORIENTED_EDGE('',*,*,#92,.T.);
#780 = CYLINDRICAL_SURFACE('',#781,11.002272248552);
#781 = AXIS2_PLACEMENT_3D('',#782,#783,#784);
#782 = CARTESIAN_POINT('',(100.,-99.99999975144,7.638334409421E-14));
#783 = DIRECTION('',(-2.22044604925E-16,-3.278627369596E-16,1.));
#784 = DIRECTION('',(0.838670567945,-0.544639035015,1.33226762955E-15));
#785 = ADVANCED_FACE('',(#786),#797,.T.);
#786 = FACE_BOUND('',#787,.T.);
#787 = EDGE_LOOP('',(#788,#789,#795,#796));
#788 = ORIENTED_EDGE('',*,*,#58,.T.);
#789 = ORIENTED_EDGE('',*,*,#790,.T.);
#790 = EDGE_CURVE('',#59,#67,#791,.T.);
#791 = LINE('',#792,#793);
#792 = CARTESIAN_POINT('',(97.9,-89.2,2.));
#793 = VECTOR('',#794,1.);
#794 = DIRECTION('',(1.,2.597748405275E-15,1.221245327088E-15));
#795 = ORIENTED_EDGE('',*,*,#75,.F.);
#796 = ORIENTED_EDGE('',*,*,#330,.F.);
#797 = PLANE('',#798);
#798 = AXIS2_PLACEMENT_3D('',#799,#800,#801);
#799 = CARTESIAN_POINT('',(97.9,-89.2,1.42108547152E-14));
#800 = DIRECTION('',(-2.921274333545E-15,1.,-2.428612866368E-17));
#801 = DIRECTION('',(1.,2.597748405275E-15,1.221245327088E-15));
#802 = ADVANCED_FACE('',(#803),#807,.F.);
#803 = FACE_BOUND('',#804,.F.);
#804 = EDGE_LOOP('',(#805,#806));
#805 = ORIENTED_EDGE('',*,*,#790,.T.);
#806 = ORIENTED_EDGE('',*,*,#66,.F.);
#807 = PLANE('',#808);
#808 = AXIS2_PLACEMENT_3D('',#809,#810,#811);
#809 = CARTESIAN_POINT('',(100.,-89.13992400498,2.));
#810 = DIRECTION('',(-6.106226635438E-16,-1.283695372223E-16,1.));
#811 = DIRECTION('',(1.,-7.884318198315E-16,1.221245327088E-15));
#812 = ADVANCED_FACE('',(#813),#839,.T.);
#813 = FACE_BOUND('',#814,.F.);
#814 = EDGE_LOOP('',(#815,#823,#832,#838));
#815 = ORIENTED_EDGE('',*,*,#816,.T.);
#816 = EDGE_CURVE('',#32,#817,#819,.T.);
#817 = VERTEX_POINT('',#818);
#818 = CARTESIAN_POINT('',(94.554439580822,-109.5601182837,-1.7));
#819 = LINE('',#820,#821);
#820 = CARTESIAN_POINT('',(94.554439580827,-109.5601182837,
    5.506706202141E-14));
#821 = VECTOR('',#822,1.);
#822 = DIRECTION('',(-1.110223024625E-16,-2.081668171172E-16,-1.));
#823 = ORIENTED_EDGE('',*,*,#824,.T.);
#824 = EDGE_CURVE('',#817,#825,#827,.T.);
#825 = VERTEX_POINT('',#826);
#826 = CARTESIAN_POINT('',(93.225739226345,-108.6694510375,-1.7));
#827 = CIRCLE('',#828,11.002272248552);
#828 = AXIS2_PLACEMENT_3D('',#829,#830,#831);
#829 = CARTESIAN_POINT('',(100.00000000003,-99.99999975139,-1.7));
#830 = DIRECTION('',(1.584748258066E-15,9.607325211639E-17,-1.));
#831 = DIRECTION('',(0.838670567945,-0.544639035015,1.276756478319E-15)
  );
#832 = ORIENTED_EDGE('',*,*,#833,.F.);
#833 = EDGE_CURVE('',#41,#825,#834,.T.);
#834 = LINE('',#835,#836);
#835 = CARTESIAN_POINT('',(93.225739226352,-108.6694510374,
    5.506706202141E-14));
#836 = VECTOR('',#837,1.);
#837 = DIRECTION('',(-1.110223024625E-16,-2.081668171172E-16,-1.));
#838 = ORIENTED_EDGE('',*,*,#40,.T.);
#839 = CYLINDRICAL_SURFACE('',#840,11.002272248552);
#840 = AXIS2_PLACEMENT_3D('',#841,#842,#843);
#841 = CARTESIAN_POINT('',(100.00000000003,-99.99999975139,
    6.217248937901E-14));
#842 = DIRECTION('',(0.,2.480654570647E-16,1.));
#843 = DIRECTION('',(0.838670567945,-0.544639035015,1.609823385706E-15)
  );
#844 = ADVANCED_FACE('',(#845),#905,.F.);
#845 = FACE_BOUND('',#846,.F.);
#846 = EDGE_LOOP('',(#847,#848,#856,#865,#873,#882,#888,#889,#897,#904)
  );
#847 = ORIENTED_EDGE('',*,*,#137,.F.);
#848 = ORIENTED_EDGE('',*,*,#849,.T.);
#849 = EDGE_CURVE('',#138,#850,#852,.T.);
#850 = VERTEX_POINT('',#851);
#851 = CARTESIAN_POINT('',(93.068921762289,-105.6384448995,6.5));
#852 = LINE('',#853,#854);
#853 = CARTESIAN_POINT('',(93.068921762289,-105.6384448995,7.5));
#854 = VECTOR('',#855,1.);
#855 = DIRECTION('',(-7.355227538142E-16,-3.551846317063E-15,-1.));
#856 = ORIENTED_EDGE('',*,*,#857,.T.);
#857 = EDGE_CURVE('',#850,#858,#860,.T.);
#858 = VERTEX_POINT('',#859);
#859 = CARTESIAN_POINT('',(92.351840584703,-106.1310843857,6.5));
#860 = CIRCLE('',#861,1.1);
#861 = AXIS2_PLACEMENT_3D('',#862,#863,#864);
#862 = CARTESIAN_POINT('',(93.282485578734,-106.7175141727,6.5));
#863 = DIRECTION('',(4.520939133833E-16,2.862283293284E-15,1.));
#864 = DIRECTION('',(-0.19414892404,0.980972066521,-2.720046410332E-15)
  );
#865 = ORIENTED_EDGE('',*,*,#866,.T.);
#866 = EDGE_CURVE('',#858,#867,#869,.T.);
#867 = VERTEX_POINT('',#868);
#868 = CARTESIAN_POINT('',(92.351840584703,-106.1310843857,1.));
#869 = LINE('',#870,#871);
#870 = CARTESIAN_POINT('',(92.351840584703,-106.1310843857,
    -7.993605777301E-15));
#871 = VECTOR('',#872,1.);
#872 = DIRECTION('',(4.440892098501E-16,9.436895709314E-16,-1.));
#873 = ORIENTED_EDGE('',*,*,#874,.T.);
#874 = EDGE_CURVE('',#867,#875,#877,.T.);
#875 = VERTEX_POINT('',#876);
#876 = CARTESIAN_POINT('',(92.193227657432,-106.5641610479,1.));
#877 = CIRCLE('',#878,1.1);
#878 = AXIS2_PLACEMENT_3D('',#879,#880,#881);
#879 = CARTESIAN_POINT('',(93.282485578734,-106.7175141727,1.));
#880 = DIRECTION('',(4.520939133833E-16,2.862283293284E-15,1.));
#881 = DIRECTION('',(-0.19414892404,0.980972066521,-2.720046410332E-15)
  );
#882 = ORIENTED_EDGE('',*,*,#883,.F.);
#883 = EDGE_CURVE('',#426,#875,#884,.T.);
#884 = LINE('',#885,#886);
#885 = CARTESIAN_POINT('',(92.193227657432,-106.5641610479,7.5));
#886 = VECTOR('',#887,1.);
#887 = DIRECTION('',(3.885780586188E-16,2.831068712794E-15,1.));
#888 = ORIENTED_EDGE('',*,*,#425,.T.);
#889 = ORIENTED_EDGE('',*,*,#890,.F.);
#890 = EDGE_CURVE('',#891,#417,#893,.T.);
#891 = VERTEX_POINT('',#892);
#892 = CARTESIAN_POINT('',(93.868915365742,-107.6481591667,6.5));
#893 = LINE('',#894,#895);
#894 = CARTESIAN_POINT('',(93.868915365742,-107.6481591667,
    -7.993605777301E-15));
#895 = VECTOR('',#896,1.);
#896 = DIRECTION('',(4.440892098501E-16,9.436895709314E-16,-1.));
#897 = ORIENTED_EDGE('',*,*,#898,.T.);
#898 = EDGE_CURVE('',#891,#850,#899,.T.);
#899 = CIRCLE('',#900,1.1);
#900 = AXIS2_PLACEMENT_3D('',#901,#902,#903);
#901 = CARTESIAN_POINT('',(93.282485578734,-106.7175141727,6.5));
#902 = DIRECTION('',(4.520939133833E-16,2.862283293284E-15,1.));
#903 = DIRECTION('',(-0.19414892404,0.980972066521,-2.720046410332E-15)
  );
#904 = ORIENTED_EDGE('',*,*,#849,.F.);
#905 = CYLINDRICAL_SURFACE('',#906,1.1);
#906 = AXIS2_PLACEMENT_3D('',#907,#908,#909);
#907 = CARTESIAN_POINT('',(93.282485578734,-106.7175141727,7.5));
#908 = DIRECTION('',(5.499073418846E-16,3.41480316246E-15,1.));
#909 = DIRECTION('',(-0.19414892404,0.980972066521,-3.271688475692E-15)
  );
#910 = ADVANCED_FACE('',(#911),#971,.F.);
#911 = FACE_BOUND('',#912,.F.);
#912 = EDGE_LOOP('',(#913,#914,#922,#931,#937,#938,#946,#955,#963,#970)
  );
#913 = ORIENTED_EDGE('',*,*,#148,.F.);
#914 = ORIENTED_EDGE('',*,*,#915,.T.);
#915 = EDGE_CURVE('',#149,#916,#918,.T.);
#916 = VERTEX_POINT('',#917);
#917 = CARTESIAN_POINT('',(95.754258220433,-107.8616526289,6.5));
#918 = LINE('',#919,#920);
#919 = CARTESIAN_POINT('',(95.754258220433,-107.8616526289,7.5));
#920 = VECTOR('',#921,1.);
#921 = DIRECTION('',(5.551115123126E-17,-3.941291737419E-15,-1.));
#922 = ORIENTED_EDGE('',*,*,#923,.T.);
#923 = EDGE_CURVE('',#916,#924,#926,.T.);
#924 = VERTEX_POINT('',#925);
#925 = CARTESIAN_POINT('',(95.280286566798,-108.5912072534,6.5));
#926 = CIRCLE('',#927,1.1);
#927 = AXIS2_PLACEMENT_3D('',#928,#929,#930);
#928 = CARTESIAN_POINT('',(96.364507392549,-108.7768553103,6.5));
#929 = DIRECTION('',(-6.186832878737E-17,3.294743648347E-15,1.));
#930 = DIRECTION('',(-0.55477197465,0.832002437582,-2.775557561563E-15)
  );
#931 = ORIENTED_EDGE('',*,*,#932,.T.);
#932 = EDGE_CURVE('',#924,#408,#933,.T.);
#933 = LINE('',#934,#935);
#934 = CARTESIAN_POINT('',(95.280286566798,-108.5912072534,
    -6.217248937901E-15));
#935 = VECTOR('',#936,1.);
#936 = DIRECTION('',(4.440892098501E-16,9.436895709314E-16,-1.));
#937 = ORIENTED_EDGE('',*,*,#407,.T.);
#938 = ORIENTED_EDGE('',*,*,#939,.T.);
#939 = EDGE_CURVE('',#400,#940,#942,.T.);
#940 = VERTEX_POINT('',#941);
#941 = CARTESIAN_POINT('',(96.94118474459,-109.7135747088,3.));
#942 = LINE('',#943,#944);
#943 = CARTESIAN_POINT('',(96.94118474459,-109.7135747088,7.5));
#944 = VECTOR('',#945,1.);
#945 = DIRECTION('',(-5.551115123126E-17,3.219646771413E-15,1.));
#946 = ORIENTED_EDGE('',*,*,#947,.T.);
#947 = EDGE_CURVE('',#940,#948,#950,.T.);
#948 = VERTEX_POINT('',#949);
#949 = CARTESIAN_POINT('',(97.262440290649,-109.4122422086,3.));
#950 = CIRCLE('',#951,1.1);
#951 = AXIS2_PLACEMENT_3D('',#952,#953,#954);
#952 = CARTESIAN_POINT('',(96.364507392549,-108.7768553103,3.));
#953 = DIRECTION('',(-6.186832878737E-17,3.294743648347E-15,1.));
#954 = DIRECTION('',(-0.55477197465,0.832002437582,-2.775557561563E-15)
  );
#955 = ORIENTED_EDGE('',*,*,#956,.F.);
#956 = EDGE_CURVE('',#957,#948,#959,.T.);
#957 = VERTEX_POINT('',#958);
#958 = CARTESIAN_POINT('',(97.262440290649,-109.4122422086,6.5));
#959 = LINE('',#960,#961);
#960 = CARTESIAN_POINT('',(97.262440290649,-109.4122422086,
    -4.440892098501E-15));
#961 = VECTOR('',#962,1.);
#962 = DIRECTION('',(4.440892098501E-16,9.436895709314E-16,-1.));
#963 = ORIENTED_EDGE('',*,*,#964,.T.);
#964 = EDGE_CURVE('',#957,#916,#965,.T.);
#965 = CIRCLE('',#966,1.1);
#966 = AXIS2_PLACEMENT_3D('',#967,#968,#969);
#967 = CARTESIAN_POINT('',(96.364507392549,-108.7768553103,6.5));
#968 = DIRECTION('',(-6.186832878737E-17,3.294743648347E-15,1.));
#969 = DIRECTION('',(-0.55477197465,0.832002437582,-2.775557561563E-15)
  );
#970 = ORIENTED_EDGE('',*,*,#915,.F.);
#971 = CYLINDRICAL_SURFACE('',#972,1.1);
#972 = AXIS2_PLACEMENT_3D('',#973,#974,#975);
#973 = CARTESIAN_POINT('',(96.364507392549,-108.7768553103,7.5));
#974 = DIRECTION('',(-1.942890293094E-16,3.858025010572E-15,1.));
#975 = DIRECTION('',(-0.55477197465,0.832002437582,-3.191891195797E-15)
  );
#976 = ADVANCED_FACE('',(#977),#1037,.F.);
#977 = FACE_BOUND('',#978,.F.);
#978 = EDGE_LOOP('',(#979,#980,#988,#997,#1003,#1004,#1012,#1021,#1029,
    #1036));
#979 = ORIENTED_EDGE('',*,*,#159,.F.);
#980 = ORIENTED_EDGE('',*,*,#981,.T.);
#981 = EDGE_CURVE('',#160,#982,#984,.T.);
#982 = VERTEX_POINT('',#983);
#983 = CARTESIAN_POINT('',(91.438779135456,-102.5568350089,6.5));
#984 = LINE('',#985,#986);
#985 = CARTESIAN_POINT('',(91.438779135456,-102.5568350089,7.5));
#986 = VECTOR('',#987,1.);
#987 = DIRECTION('',(-1.318389841742E-15,-2.942091015257E-15,-1.));
#988 = ORIENTED_EDGE('',*,*,#989,.T.);
#989 = EDGE_CURVE('',#982,#990,#992,.T.);
#990 = VERTEX_POINT('',#991);
#991 = CARTESIAN_POINT('',(90.587757542849,-102.7375594608,6.5));
#992 = CIRCLE('',#993,1.1);
#993 = AXIS2_PLACEMENT_3D('',#994,#995,#996);
#994 = CARTESIAN_POINT('',(91.223144441137,-103.6354923589,6.5));
#995 = DIRECTION('',(9.959047473691E-16,2.574774496941E-15,1.));
#996 = DIRECTION('',(0.196031540291,0.980597590866,-2.720046410332E-15)
  );
#997 = ORIENTED_EDGE('',*,*,#998,.T.);
#998 = EDGE_CURVE('',#990,#459,#999,.T.);
#999 = LINE('',#1000,#1001);
#1000 = CARTESIAN_POINT('',(90.587757542849,-102.7375594608,
    -1.59872115546E-14));
#1001 = VECTOR('',#1002,1.);
#1002 = DIRECTION('',(4.440892098501E-16,9.436895709314E-16,-1.));
#1003 = ORIENTED_EDGE('',*,*,#458,.T.);
#1004 = ORIENTED_EDGE('',*,*,#1005,.T.);
#1005 = EDGE_CURVE('',#451,#1006,#1008,.T.);
#1006 = VERTEX_POINT('',#1007);
#1007 = CARTESIAN_POINT('',(90.936482615042,-104.6974834123,1.));
#1008 = LINE('',#1009,#1010);
#1009 = CARTESIAN_POINT('',(90.936482615042,-104.6974834123,7.5));
#1010 = VECTOR('',#1011,1.);
#1011 = DIRECTION('',(9.436895709314E-16,2.498001805407E-15,1.));
#1012 = ORIENTED_EDGE('',*,*,#1013,.T.);
#1013 = EDGE_CURVE('',#1006,#1014,#1016,.T.);
#1014 = VERTEX_POINT('',#1015);
#1015 = CARTESIAN_POINT('',(91.408792497981,-104.7197131846,1.));
#1016 = CIRCLE('',#1017,1.1);
#1017 = AXIS2_PLACEMENT_3D('',#1018,#1019,#1020);
#1018 = CARTESIAN_POINT('',(91.223144441137,-103.6354923589,1.));
#1019 = DIRECTION('',(9.959047473691E-16,2.574774496941E-15,1.));
#1020 = DIRECTION('',(0.196031540291,0.980597590866,-2.720046410332E-15)
  );
#1021 = ORIENTED_EDGE('',*,*,#1022,.F.);
#1022 = EDGE_CURVE('',#1023,#1014,#1025,.T.);
#1023 = VERTEX_POINT('',#1024);
#1024 = CARTESIAN_POINT('',(91.40879249798,-104.7197131846,6.5));
#1025 = LINE('',#1026,#1027);
#1026 = CARTESIAN_POINT('',(91.40879249798,-104.7197131846,
    -1.15463194561E-14));
#1027 = VECTOR('',#1028,1.);
#1028 = DIRECTION('',(4.440892098501E-16,9.436895709314E-16,-1.));
#1029 = ORIENTED_EDGE('',*,*,#1030,.T.);
#1030 = EDGE_CURVE('',#1023,#982,#1031,.T.);
#1031 = CIRCLE('',#1032,1.1);
#1032 = AXIS2_PLACEMENT_3D('',#1033,#1034,#1035);
#1033 = CARTESIAN_POINT('',(91.223144441137,-103.6354923589,6.5));
#1034 = DIRECTION('',(9.959047473691E-16,2.574774496941E-15,1.));
#1035 = DIRECTION('',(0.196031540291,0.980597590866,-2.720046410332E-15)
  );
#1036 = ORIENTED_EDGE('',*,*,#981,.F.);
#1037 = CYLINDRICAL_SURFACE('',#1038,1.1);
#1038 = AXIS2_PLACEMENT_3D('',#1039,#1040,#1041);
#1039 = CARTESIAN_POINT('',(91.223144441137,-103.6354923589,7.5));
#1040 = DIRECTION('',(1.20736753928E-15,2.942091015257E-15,1.));
#1041 = DIRECTION('',(0.196031540291,0.980597590866,-3.261280134836E-15)
  );
#1042 = ADVANCED_FACE('',(#1043),#1086,.F.);
#1043 = FACE_BOUND('',#1044,.F.);
#1044 = EDGE_LOOP('',(#1045,#1046,#1054,#1063,#1069,#1070,#1078,#1085));
#1045 = ORIENTED_EDGE('',*,*,#170,.F.);
#1046 = ORIENTED_EDGE('',*,*,#1047,.T.);
#1047 = EDGE_CURVE('',#171,#1048,#1050,.T.);
#1048 = VERTEX_POINT('',#1049);
#1049 = CARTESIAN_POINT('',(91.11200477759,-99.08597012821,6.5));
#1050 = LINE('',#1051,#1052);
#1051 = CARTESIAN_POINT('',(91.11200477759,-99.08597012821,7.5));
#1052 = VECTOR('',#1053,1.);
#1053 = DIRECTION('',(-1.52655665886E-15,-2.386979502944E-15,-1.));
#1054 = ORIENTED_EDGE('',*,*,#1055,.T.);
#1055 = EDGE_CURVE('',#1048,#1056,#1058,.T.);
#1056 = VERTEX_POINT('',#1057);
#1057 = CARTESIAN_POINT('',(90.256603092906,-98.92726588623,6.5));
#1058 = CIRCLE('',#1059,1.1);
#1059 = AXIS2_PLACEMENT_3D('',#1060,#1061,#1062);
#1060 = CARTESIAN_POINT('',(90.499999999983,-99.99999975147,6.5));
#1061 = DIRECTION('',(1.238628331828E-15,1.842877029981E-15,1.));
#1062 = DIRECTION('',(0.556367979642,0.83093602114,-2.22044604925E-15));
#1063 = ORIENTED_EDGE('',*,*,#1064,.T.);
#1064 = EDGE_CURVE('',#1056,#477,#1065,.T.);
#1065 = LINE('',#1066,#1067);
#1066 = CARTESIAN_POINT('',(90.256603092906,-98.92726588623,
    -1.68753899743E-14));
#1067 = VECTOR('',#1068,1.);
#1068 = DIRECTION('',(4.440892098501E-16,9.436895709314E-16,-1.));
#1069 = ORIENTED_EDGE('',*,*,#476,.T.);
#1070 = ORIENTED_EDGE('',*,*,#1071,.F.);
#1071 = EDGE_CURVE('',#1072,#468,#1074,.T.);
#1072 = VERTEX_POINT('',#1073);
#1073 = CARTESIAN_POINT('',(90.256603092912,-101.0727336167,6.5));
#1074 = LINE('',#1075,#1076);
#1075 = CARTESIAN_POINT('',(90.256603092912,-101.0727336167,
    -1.59872115546E-14));
#1076 = VECTOR('',#1077,1.);
#1077 = DIRECTION('',(4.440892098501E-16,9.436895709314E-16,-1.));
#1078 = ORIENTED_EDGE('',*,*,#1079,.T.);
#1079 = EDGE_CURVE('',#1072,#1048,#1080,.T.);
#1080 = CIRCLE('',#1081,1.1);
#1081 = AXIS2_PLACEMENT_3D('',#1082,#1083,#1084);
#1082 = CARTESIAN_POINT('',(90.499999999983,-99.99999975147,6.5));
#1083 = DIRECTION('',(1.238628331828E-15,1.842877029981E-15,1.));
#1084 = DIRECTION('',(0.556367979642,0.83093602114,-2.22044604925E-15));
#1085 = ORIENTED_EDGE('',*,*,#1047,.F.);
#1086 = CYLINDRICAL_SURFACE('',#1087,1.1);
#1087 = AXIS2_PLACEMENT_3D('',#1088,#1089,#1090);
#1088 = CARTESIAN_POINT('',(90.499999999983,-99.99999975147,7.5));
#1089 = DIRECTION('',(1.52655665886E-15,2.331468351713E-15,1.));
#1090 = DIRECTION('',(0.556367979642,0.83093602114,-2.581268532253E-15)
  );
#1091 = ADVANCED_FACE('',(#1092),#1169,.F.);
#1092 = FACE_BOUND('',#1093,.F.);
#1093 = EDGE_LOOP('',(#1094,#1095,#1103,#1112,#1120,#1129,#1135,#1136,
    #1144,#1153,#1161,#1168));
#1094 = ORIENTED_EDGE('',*,*,#181,.F.);
#1095 = ORIENTED_EDGE('',*,*,#1096,.T.);
#1096 = EDGE_CURVE('',#182,#1097,#1099,.T.);
#1097 = VERTEX_POINT('',#1098);
#1098 = CARTESIAN_POINT('',(99.085970376771,-108.8879949738,6.5));
#1099 = LINE('',#1100,#1101);
#1100 = CARTESIAN_POINT('',(99.085970376771,-108.8879949738,7.5));
#1101 = VECTOR('',#1102,1.);
#1102 = DIRECTION('',(1.249000902703E-15,-3.767819389822E-15,-1.));
#1103 = ORIENTED_EDGE('',*,*,#1104,.T.);
#1104 = EDGE_CURVE('',#1097,#1105,#1107,.T.);
#1105 = VERTEX_POINT('',#1106);
#1106 = CARTESIAN_POINT('',(98.927266134789,-109.7433966585,6.5));
#1107 = CIRCLE('',#1108,1.1);
#1108 = AXIS2_PLACEMENT_3D('',#1109,#1110,#1111);
#1109 = CARTESIAN_POINT('',(100.00000000002,-109.4999997514,6.5));
#1110 = DIRECTION('',(-7.401142251676E-16,3.167779273546E-15,1.));
#1111 = DIRECTION('',(-0.83093602114,0.556367979642,-2.377438523826E-15)
  );
#1112 = ORIENTED_EDGE('',*,*,#1113,.T.);
#1113 = EDGE_CURVE('',#1105,#1114,#1116,.T.);
#1114 = VERTEX_POINT('',#1115);
#1115 = CARTESIAN_POINT('',(98.927266134789,-109.7433966585,3.));
#1116 = LINE('',#1117,#1118);
#1117 = CARTESIAN_POINT('',(98.927266134789,-109.7433966585,
    -3.552713678801E-15));
#1118 = VECTOR('',#1119,1.);
#1119 = DIRECTION('',(4.440892098501E-16,9.436895709314E-16,-1.));
#1120 = ORIENTED_EDGE('',*,*,#1121,.T.);
#1121 = EDGE_CURVE('',#1114,#1122,#1124,.T.);
#1122 = VERTEX_POINT('',#1123);
#1123 = CARTESIAN_POINT('',(99.116739585585,-110.1556300133,3.));
#1124 = CIRCLE('',#1125,1.1);
#1125 = AXIS2_PLACEMENT_3D('',#1126,#1127,#1128);
#1126 = CARTESIAN_POINT('',(100.00000000002,-109.4999997514,3.));
#1127 = DIRECTION('',(-7.401142251676E-16,3.167779273546E-15,1.));
#1128 = DIRECTION('',(-0.83093602114,0.556367979642,-2.377438523826E-15)
  );
#1129 = ORIENTED_EDGE('',*,*,#1130,.F.);
#1130 = EDGE_CURVE('',#375,#1122,#1131,.T.);
#1131 = LINE('',#1132,#1133);
#1132 = CARTESIAN_POINT('',(99.116739585585,-110.1556300133,7.5));
#1133 = VECTOR('',#1134,1.);
#1134 = DIRECTION('',(-8.326672684689E-16,3.10862446895E-15,1.));
#1135 = ORIENTED_EDGE('',*,*,#374,.T.);
#1136 = ORIENTED_EDGE('',*,*,#1137,.T.);
#1137 = EDGE_CURVE('',#367,#1138,#1140,.T.);
#1138 = VERTEX_POINT('',#1139);
#1139 = CARTESIAN_POINT('',(100.88952161738,-110.1471097052,3.));
#1140 = LINE('',#1141,#1142);
#1141 = CARTESIAN_POINT('',(100.88952161738,-110.1471097052,7.5));
#1142 = VECTOR('',#1143,1.);
#1143 = DIRECTION('',(-8.326672684689E-16,3.10862446895E-15,1.));
#1144 = ORIENTED_EDGE('',*,*,#1145,.T.);
#1145 = EDGE_CURVE('',#1138,#1146,#1148,.T.);
#1146 = VERTEX_POINT('',#1147);
#1147 = CARTESIAN_POINT('',(101.07273386526,-109.7433966585,3.));
#1148 = CIRCLE('',#1149,1.1);
#1149 = AXIS2_PLACEMENT_3D('',#1150,#1151,#1152);
#1150 = CARTESIAN_POINT('',(100.00000000002,-109.4999997514,3.));
#1151 = DIRECTION('',(-7.401142251676E-16,3.167779273546E-15,1.));
#1152 = DIRECTION('',(-0.83093602114,0.556367979642,-2.377438523826E-15)
  );
#1153 = ORIENTED_EDGE('',*,*,#1154,.F.);
#1154 = EDGE_CURVE('',#1155,#1146,#1157,.T.);
#1155 = VERTEX_POINT('',#1156);
#1156 = CARTESIAN_POINT('',(101.07273386526,-109.7433966585,6.5));
#1157 = LINE('',#1158,#1159);
#1158 = CARTESIAN_POINT('',(101.07273386526,-109.7433966585,
    -2.6645352591E-15));
#1159 = VECTOR('',#1160,1.);
#1160 = DIRECTION('',(4.440892098501E-16,9.436895709314E-16,-1.));
#1161 = ORIENTED_EDGE('',*,*,#1162,.T.);
#1162 = EDGE_CURVE('',#1155,#1097,#1163,.T.);
#1163 = CIRCLE('',#1164,1.1);
#1164 = AXIS2_PLACEMENT_3D('',#1165,#1166,#1167);
#1165 = CARTESIAN_POINT('',(100.00000000002,-109.4999997514,6.5));
#1166 = DIRECTION('',(-7.401142251676E-16,3.167779273546E-15,1.));
#1167 = DIRECTION('',(-0.83093602114,0.556367979642,-2.377438523826E-15)
  );
#1168 = ORIENTED_EDGE('',*,*,#1096,.F.);
#1169 = CYLINDRICAL_SURFACE('',#1170,1.1);
#1170 = AXIS2_PLACEMENT_3D('',#1171,#1172,#1173);
#1171 = CARTESIAN_POINT('',(100.00000000002,-109.4999997514,7.5));
#1172 = DIRECTION('',(-1.276756478319E-15,3.600852255259E-15,1.));
#1173 = DIRECTION('',(-0.83093602114,0.556367979642,-3.191891195797E-15)
  );
#1174 = ADVANCED_FACE('',(#1175),#1252,.F.);
#1175 = FACE_BOUND('',#1176,.F.);
#1176 = EDGE_LOOP('',(#1177,#1178,#1186,#1195,#1203,#1212,#1218,#1219,
    #1227,#1236,#1244,#1251));
#1177 = ORIENTED_EDGE('',*,*,#192,.F.);
#1178 = ORIENTED_EDGE('',*,*,#1179,.T.);
#1179 = EDGE_CURVE('',#193,#1180,#1182,.T.);
#1180 = VERTEX_POINT('',#1181);
#1181 = CARTESIAN_POINT('',(102.55683525754,-108.5612206159,6.5));
#1182 = LINE('',#1183,#1184);
#1183 = CARTESIAN_POINT('',(102.55683525754,-108.5612206159,7.5));
#1184 = VECTOR('',#1185,1.);
#1185 = DIRECTION('',(1.804112415016E-15,-3.282096816548E-15,-1.));
#1186 = ORIENTED_EDGE('',*,*,#1187,.T.);
#1187 = EDGE_CURVE('',#1180,#1188,#1190,.T.);
#1188 = VERTEX_POINT('',#1189);
#1189 = CARTESIAN_POINT('',(102.7375597094,-109.4122422085,6.5));
#1190 = CIRCLE('',#1191,1.1);
#1191 = AXIS2_PLACEMENT_3D('',#1192,#1193,#1194);
#1192 = CARTESIAN_POINT('',(103.63549260749,-108.7768553103,6.5));
#1193 = DIRECTION('',(-1.230440222713E-15,2.90662472202E-15,1.));
#1194 = DIRECTION('',(-0.980597590866,0.196031540291,-1.7763568394E-15)
  );
#1195 = ORIENTED_EDGE('',*,*,#1196,.T.);
#1196 = EDGE_CURVE('',#1188,#1197,#1199,.T.);
#1197 = VERTEX_POINT('',#1198);
#1198 = CARTESIAN_POINT('',(102.7375597094,-109.4122422085,3.));
#1199 = LINE('',#1200,#1201);
#1200 = CARTESIAN_POINT('',(102.7375597094,-109.4122422085,
    -5.329070518201E-15));
#1201 = VECTOR('',#1202,1.);
#1202 = DIRECTION('',(4.440892098501E-16,9.436895709314E-16,-1.));
#1203 = ORIENTED_EDGE('',*,*,#1204,.T.);
#1204 = EDGE_CURVE('',#1197,#1205,#1207,.T.);
#1205 = VERTEX_POINT('',#1206);
#1206 = CARTESIAN_POINT('',(103.06788236262,-109.7190965797,3.));
#1207 = CIRCLE('',#1208,1.1);
#1208 = AXIS2_PLACEMENT_3D('',#1209,#1210,#1211);
#1209 = CARTESIAN_POINT('',(103.63549260749,-108.7768553103,3.));
#1210 = DIRECTION('',(-1.230440222713E-15,2.90662472202E-15,1.));
#1211 = DIRECTION('',(-0.980597590866,0.196031540291,-1.7763568394E-15)
  );
#1212 = ORIENTED_EDGE('',*,*,#1213,.F.);
#1213 = EDGE_CURVE('',#735,#1205,#1214,.T.);
#1214 = LINE('',#1215,#1216);
#1215 = CARTESIAN_POINT('',(103.06788236262,-109.7190965797,7.5));
#1216 = VECTOR('',#1217,1.);
#1217 = DIRECTION('',(-1.276756478319E-15,2.942091015257E-15,1.));
#1218 = ORIENTED_EDGE('',*,*,#734,.T.);
#1219 = ORIENTED_EDGE('',*,*,#1220,.T.);
#1220 = EDGE_CURVE('',#727,#1221,#1223,.T.);
#1221 = VERTEX_POINT('',#1222);
#1222 = CARTESIAN_POINT('',(104.70581553106,-109.0306442763,1.));
#1223 = LINE('',#1224,#1225);
#1224 = CARTESIAN_POINT('',(104.70581553106,-109.0306442763,7.5));
#1225 = VECTOR('',#1226,1.);
#1226 = DIRECTION('',(-1.276756478319E-15,2.942091015257E-15,1.));
#1227 = ORIENTED_EDGE('',*,*,#1228,.T.);
#1228 = EDGE_CURVE('',#1221,#1229,#1231,.T.);
#1229 = VERTEX_POINT('',#1230);
#1230 = CARTESIAN_POINT('',(104.71971343324,-108.5912072534,1.));
#1231 = CIRCLE('',#1232,1.1);
#1232 = AXIS2_PLACEMENT_3D('',#1233,#1234,#1235);
#1233 = CARTESIAN_POINT('',(103.63549260749,-108.7768553103,1.));
#1234 = DIRECTION('',(-1.230440222713E-15,2.90662472202E-15,1.));
#1235 = DIRECTION('',(-0.980597590866,0.196031540291,-1.7763568394E-15)
  );
#1236 = ORIENTED_EDGE('',*,*,#1237,.F.);
#1237 = EDGE_CURVE('',#1238,#1229,#1240,.T.);
#1238 = VERTEX_POINT('',#1239);
#1239 = CARTESIAN_POINT('',(104.71971343324,-108.5912072534,6.5));
#1240 = LINE('',#1241,#1242);
#1241 = CARTESIAN_POINT('',(104.71971343324,-108.5912072534,
    -6.217248937901E-15));
#1242 = VECTOR('',#1243,1.);
#1243 = DIRECTION('',(4.440892098501E-16,9.436895709314E-16,-1.));
#1244 = ORIENTED_EDGE('',*,*,#1245,.T.);
#1245 = EDGE_CURVE('',#1238,#1180,#1246,.T.);
#1246 = CIRCLE('',#1247,1.1);
#1247 = AXIS2_PLACEMENT_3D('',#1248,#1249,#1250);
#1248 = CARTESIAN_POINT('',(103.63549260749,-108.7768553103,6.5));
#1249 = DIRECTION('',(-1.230440222713E-15,2.90662472202E-15,1.));
#1250 = DIRECTION('',(-0.980597590866,0.196031540291,-1.7763568394E-15)
  );
#1251 = ORIENTED_EDGE('',*,*,#1179,.F.);
#1252 = CYLINDRICAL_SURFACE('',#1253,1.1);
#1253 = AXIS2_PLACEMENT_3D('',#1254,#1255,#1256);
#1254 = CARTESIAN_POINT('',(103.63549260749,-108.7768553103,7.5));
#1255 = DIRECTION('',(-1.748601263785E-15,3.115563362854E-15,1.));
#1256 = DIRECTION('',(-0.980597590866,0.196031540291,-2.206568261442E-15
    ));
#1257 = ADVANCED_FACE('',(#1258),#1335,.F.);
#1258 = FACE_BOUND('',#1259,.F.);
#1259 = EDGE_LOOP('',(#1260,#1261,#1269,#1278,#1286,#1295,#1301,#1302,
    #1310,#1319,#1327,#1334));
#1260 = ORIENTED_EDGE('',*,*,#203,.F.);
#1261 = ORIENTED_EDGE('',*,*,#1262,.T.);
#1262 = EDGE_CURVE('',#204,#1263,#1265,.T.);
#1263 = VERTEX_POINT('',#1264);
#1264 = CARTESIAN_POINT('',(105.63844514813,-106.9310779891,6.5));
#1265 = LINE('',#1266,#1267);
#1266 = CARTESIAN_POINT('',(105.63844514813,-106.9310779891,7.5));
#1267 = VECTOR('',#1268,1.);
#1268 = DIRECTION('',(2.598615767013E-15,-2.798108966751E-15,-1.));
#1269 = ORIENTED_EDGE('',*,*,#1270,.T.);
#1270 = EDGE_CURVE('',#1263,#1271,#1273,.T.);
#1271 = VERTEX_POINT('',#1272);
#1272 = CARTESIAN_POINT('',(106.13108463429,-107.6481591667,6.5));
#1273 = CIRCLE('',#1274,1.1);
#1274 = AXIS2_PLACEMENT_3D('',#1275,#1276,#1277);
#1275 = CARTESIAN_POINT('',(106.7175144213,-106.7175141727,6.5));
#1276 = DIRECTION('',(-1.758433926999E-15,2.594550748147E-15,1.));
#1277 = DIRECTION('',(-0.980972066521,-0.19414892404,-1.221245327088E-15
    ));
#1278 = ORIENTED_EDGE('',*,*,#1279,.T.);
#1279 = EDGE_CURVE('',#1271,#1280,#1282,.T.);
#1280 = VERTEX_POINT('',#1281);
#1281 = CARTESIAN_POINT('',(106.13108463429,-107.6481591667,1.));
#1282 = LINE('',#1283,#1284);
#1283 = CARTESIAN_POINT('',(106.13108463429,-107.6481591667,
    -4.440892098501E-15));
#1284 = VECTOR('',#1285,1.);
#1285 = DIRECTION('',(4.440892098501E-16,9.436895709314E-16,-1.));
#1286 = ORIENTED_EDGE('',*,*,#1287,.T.);
#1287 = EDGE_CURVE('',#1280,#1288,#1290,.T.);
#1288 = VERTEX_POINT('',#1289);
#1289 = CARTESIAN_POINT('',(106.59651415135,-107.8108388887,1.));
#1290 = CIRCLE('',#1291,1.1);
#1291 = AXIS2_PLACEMENT_3D('',#1292,#1293,#1294);
#1292 = CARTESIAN_POINT('',(106.7175144213,-106.7175141727,1.));
#1293 = DIRECTION('',(-1.758433926999E-15,2.594550748147E-15,1.));
#1294 = DIRECTION('',(-0.980972066521,-0.19414892404,-1.221245327088E-15
    ));
#1295 = ORIENTED_EDGE('',*,*,#1296,.F.);
#1296 = EDGE_CURVE('',#702,#1288,#1297,.T.);
#1297 = LINE('',#1298,#1299);
#1298 = CARTESIAN_POINT('',(106.59651415135,-107.8108388887,7.5));
#1299 = VECTOR('',#1300,1.);
#1300 = DIRECTION('',(-1.831867990632E-15,2.553512956638E-15,1.));
#1301 = ORIENTED_EDGE('',*,*,#701,.T.);
#1302 = ORIENTED_EDGE('',*,*,#1303,.T.);
#1303 = EDGE_CURVE('',#694,#1304,#1306,.T.);
#1304 = VERTEX_POINT('',#1305);
#1305 = CARTESIAN_POINT('',(107.81357433567,-106.6244944752,1.));
#1306 = LINE('',#1307,#1308);
#1307 = CARTESIAN_POINT('',(107.81357433567,-106.6244944752,7.5));
#1308 = VECTOR('',#1309,1.);
#1309 = DIRECTION('',(-1.831867990632E-15,2.553512956638E-15,1.));
#1310 = ORIENTED_EDGE('',*,*,#1311,.T.);
#1311 = EDGE_CURVE('',#1304,#1312,#1314,.T.);
#1312 = VERTEX_POINT('',#1313);
#1313 = CARTESIAN_POINT('',(107.64815941533,-106.1310843857,1.));
#1314 = CIRCLE('',#1315,1.1);
#1315 = AXIS2_PLACEMENT_3D('',#1316,#1317,#1318);
#1316 = CARTESIAN_POINT('',(106.7175144213,-106.7175141727,1.));
#1317 = DIRECTION('',(-1.758433926999E-15,2.594550748147E-15,1.));
#1318 = DIRECTION('',(-0.980972066521,-0.19414892404,-1.221245327088E-15
    ));
#1319 = ORIENTED_EDGE('',*,*,#1320,.F.);
#1320 = EDGE_CURVE('',#1321,#1312,#1323,.T.);
#1321 = VERTEX_POINT('',#1322);
#1322 = CARTESIAN_POINT('',(107.64815941533,-106.1310843857,6.5));
#1323 = LINE('',#1324,#1325);
#1324 = CARTESIAN_POINT('',(107.64815941533,-106.1310843857,
    -7.549516567451E-15));
#1325 = VECTOR('',#1326,1.);
#1326 = DIRECTION('',(4.440892098501E-16,9.436895709314E-16,-1.));
#1327 = ORIENTED_EDGE('',*,*,#1328,.T.);
#1328 = EDGE_CURVE('',#1321,#1263,#1329,.T.);
#1329 = CIRCLE('',#1330,1.1);
#1330 = AXIS2_PLACEMENT_3D('',#1331,#1332,#1333);
#1331 = CARTESIAN_POINT('',(106.7175144213,-106.7175141727,6.5));
#1332 = DIRECTION('',(-1.758433926999E-15,2.594550748147E-15,1.));
#1333 = DIRECTION('',(-0.980972066521,-0.19414892404,-1.221245327088E-15
    ));
#1334 = ORIENTED_EDGE('',*,*,#1262,.F.);
#1335 = CYLINDRICAL_SURFACE('',#1336,1.1);
#1336 = AXIS2_PLACEMENT_3D('',#1337,#1338,#1339);
#1337 = CARTESIAN_POINT('',(106.7175144213,-106.7175141727,7.5));
#1338 = DIRECTION('',(-2.492797634979E-15,2.647188024341E-15,1.));
#1339 = DIRECTION('',(-0.980972066521,-0.19414892404,-1.82839854368E-15)
  );
#1340 = ADVANCED_FACE('',(#1341),#1401,.F.);
#1341 = FACE_BOUND('',#1342,.F.);
#1342 = EDGE_LOOP('',(#1343,#1344,#1352,#1361,#1369,#1378,#1384,#1385,
    #1393,#1400));
#1343 = ORIENTED_EDGE('',*,*,#214,.F.);
#1344 = ORIENTED_EDGE('',*,*,#1345,.T.);
#1345 = EDGE_CURVE('',#215,#1346,#1348,.T.);
#1346 = VERTEX_POINT('',#1347);
#1347 = CARTESIAN_POINT('',(107.86165287754,-104.245741531,6.5));
#1348 = LINE('',#1349,#1350);
#1349 = CARTESIAN_POINT('',(107.86165287754,-104.245741531,7.5));
#1350 = VECTOR('',#1351,1.);
#1351 = DIRECTION('',(2.428612866368E-15,-1.887379141863E-15,-1.));
#1352 = ORIENTED_EDGE('',*,*,#1353,.T.);
#1353 = EDGE_CURVE('',#1346,#1354,#1356,.T.);
#1354 = VERTEX_POINT('',#1355);
#1355 = CARTESIAN_POINT('',(108.59120750204,-104.7197131846,6.5));
#1356 = CIRCLE('',#1357,1.1);
#1357 = AXIS2_PLACEMENT_3D('',#1358,#1359,#1360);
#1358 = CARTESIAN_POINT('',(108.77685555888,-103.6354923588,6.5));
#1359 = DIRECTION('',(-2.094026506833E-15,1.939718285066E-15,1.));
#1360 = DIRECTION('',(-0.832002437582,-0.55477197465,-6.661338147751E-16
    ));
#1361 = ORIENTED_EDGE('',*,*,#1362,.T.);
#1362 = EDGE_CURVE('',#1354,#1363,#1365,.T.);
#1363 = VERTEX_POINT('',#1364);
#1364 = CARTESIAN_POINT('',(108.59120750204,-104.7197131846,1.));
#1365 = LINE('',#1366,#1367);
#1366 = CARTESIAN_POINT('',(108.59120750204,-104.7197131846,
    -7.993605777301E-15));
#1367 = VECTOR('',#1368,1.);
#1368 = DIRECTION('',(4.440892098501E-16,9.436895709314E-16,-1.));
#1369 = ORIENTED_EDGE('',*,*,#1370,.T.);
#1370 = EDGE_CURVE('',#1363,#1371,#1373,.T.);
#1371 = VERTEX_POINT('',#1372);
#1372 = CARTESIAN_POINT('',(109.00453550458,-104.7116716387,1.));
#1373 = CIRCLE('',#1374,1.1);
#1374 = AXIS2_PLACEMENT_3D('',#1375,#1376,#1377);
#1375 = CARTESIAN_POINT('',(108.77685555888,-103.6354923588,1.));
#1376 = DIRECTION('',(-2.094026506833E-15,1.939718285066E-15,1.));
#1377 = DIRECTION('',(-0.832002437582,-0.55477197465,-6.661338147751E-16
    ));
#1378 = ORIENTED_EDGE('',*,*,#1379,.F.);
#1379 = EDGE_CURVE('',#669,#1371,#1380,.T.);
#1380 = LINE('',#1381,#1382);
#1381 = CARTESIAN_POINT('',(109.00453550458,-104.7116716387,7.5));
#1382 = VECTOR('',#1383,1.);
#1383 = DIRECTION('',(-2.164934898019E-15,1.831867990632E-15,1.));
#1384 = ORIENTED_EDGE('',*,*,#668,.T.);
#1385 = ORIENTED_EDGE('',*,*,#1386,.F.);
#1386 = EDGE_CURVE('',#1387,#660,#1389,.T.);
#1387 = VERTEX_POINT('',#1388);
#1388 = CARTESIAN_POINT('',(109.41224245716,-102.7375594607,6.5));
#1389 = LINE('',#1390,#1391);
#1390 = CARTESIAN_POINT('',(109.41224245716,-102.7375594607,
    -1.021405182655E-14));
#1391 = VECTOR('',#1392,1.);
#1392 = DIRECTION('',(4.440892098501E-16,9.436895709314E-16,-1.));
#1393 = ORIENTED_EDGE('',*,*,#1394,.T.);
#1394 = EDGE_CURVE('',#1387,#1346,#1395,.T.);
#1395 = CIRCLE('',#1396,1.1);
#1396 = AXIS2_PLACEMENT_3D('',#1397,#1398,#1399);
#1397 = CARTESIAN_POINT('',(108.77685555888,-103.6354923588,6.5));
#1398 = DIRECTION('',(-2.094026506833E-15,1.939718285066E-15,1.));
#1399 = DIRECTION('',(-0.832002437582,-0.55477197465,-6.661338147751E-16
    ));
#1400 = ORIENTED_EDGE('',*,*,#1345,.F.);
#1401 = CYLINDRICAL_SURFACE('',#1402,1.1);
#1402 = AXIS2_PLACEMENT_3D('',#1403,#1404,#1405);
#1403 = CARTESIAN_POINT('',(108.77685555888,-103.6354923588,7.5));
#1404 = DIRECTION('',(-2.192690473635E-15,1.665334536938E-15,1.));
#1405 = DIRECTION('',(-0.832002437582,-0.55477197465,-1.054711873394E-15
    ));
#1406 = ADVANCED_FACE('',(#1407),#1467,.F.);
#1407 = FACE_BOUND('',#1408,.F.);
#1408 = EDGE_LOOP('',(#1409,#1410,#1418,#1427,#1435,#1444,#1450,#1451,
    #1459,#1466));
#1409 = ORIENTED_EDGE('',*,*,#225,.F.);
#1410 = ORIENTED_EDGE('',*,*,#1411,.T.);
#1411 = EDGE_CURVE('',#226,#1412,#1414,.T.);
#1412 = VERTEX_POINT('',#1413);
#1413 = CARTESIAN_POINT('',(92.138347122457,-95.75425797188,6.5));
#1414 = LINE('',#1415,#1416);
#1415 = CARTESIAN_POINT('',(92.138347122457,-95.75425797188,7.5));
#1416 = VECTOR('',#1417,1.);
#1417 = DIRECTION('',(-1.387778780781E-15,-1.276756478319E-15,-1.));
#1418 = ORIENTED_EDGE('',*,*,#1419,.T.);
#1419 = EDGE_CURVE('',#1412,#1420,#1422,.T.);
#1420 = VERTEX_POINT('',#1421);
#1421 = CARTESIAN_POINT('',(91.408792497955,-95.28028631824,6.5));
#1422 = CIRCLE('',#1423,1.1);
#1423 = AXIS2_PLACEMENT_3D('',#1424,#1425,#1426);
#1424 = CARTESIAN_POINT('',(91.223144441117,-96.36450714399,6.5));
#1425 = DIRECTION('',(1.216175590373E-15,1.277974852456E-15,1.));
#1426 = DIRECTION('',(0.832002437582,0.55477197465,-1.720845688169E-15)
  );
#1427 = ORIENTED_EDGE('',*,*,#1428,.T.);
#1428 = EDGE_CURVE('',#1420,#1429,#1431,.T.);
#1429 = VERTEX_POINT('',#1430);
#1430 = CARTESIAN_POINT('',(91.408792497955,-95.28028631824,1.));
#1431 = LINE('',#1432,#1433);
#1432 = CARTESIAN_POINT('',(91.408792497955,-95.28028631824,
    -2.13162820728E-14));
#1433 = VECTOR('',#1434,1.);
#1434 = DIRECTION('',(4.440892098501E-16,9.436895709314E-16,-1.));
#1435 = ORIENTED_EDGE('',*,*,#1436,.T.);
#1436 = EDGE_CURVE('',#1429,#1437,#1439,.T.);
#1437 = VERTEX_POINT('',#1438);
#1438 = CARTESIAN_POINT('',(90.909998784148,-95.31002158339,1.));
#1439 = CIRCLE('',#1440,1.1);
#1440 = AXIS2_PLACEMENT_3D('',#1441,#1442,#1443);
#1441 = CARTESIAN_POINT('',(91.223144441117,-96.36450714399,1.));
#1442 = DIRECTION('',(1.216175590373E-15,1.277974852456E-15,1.));
#1443 = DIRECTION('',(0.832002437582,0.55477197465,-1.720845688169E-15)
  );
#1444 = ORIENTED_EDGE('',*,*,#1445,.F.);
#1445 = EDGE_CURVE('',#495,#1437,#1446,.T.);
#1446 = LINE('',#1447,#1448);
#1447 = CARTESIAN_POINT('',(90.909998784148,-95.31002158339,7.5));
#1448 = VECTOR('',#1449,1.);
#1449 = DIRECTION('',(1.165734175856E-15,1.221245327088E-15,1.));
#1450 = ORIENTED_EDGE('',*,*,#494,.T.);
#1451 = ORIENTED_EDGE('',*,*,#1452,.F.);
#1452 = EDGE_CURVE('',#1453,#486,#1455,.T.);
#1453 = VERTEX_POINT('',#1454);
#1454 = CARTESIAN_POINT('',(90.587757542834,-97.26244004209,6.5));
#1455 = LINE('',#1456,#1457);
#1456 = CARTESIAN_POINT('',(90.587757542834,-97.26244004209,
    -1.95399252334E-14));
#1457 = VECTOR('',#1458,1.);
#1458 = DIRECTION('',(4.440892098501E-16,9.436895709314E-16,-1.));
#1459 = ORIENTED_EDGE('',*,*,#1460,.T.);
#1460 = EDGE_CURVE('',#1453,#1412,#1461,.T.);
#1461 = CIRCLE('',#1462,1.1);
#1462 = AXIS2_PLACEMENT_3D('',#1463,#1464,#1465);
#1463 = CARTESIAN_POINT('',(91.223144441117,-96.36450714399,6.5));
#1464 = DIRECTION('',(1.216175590373E-15,1.277974852456E-15,1.));
#1465 = DIRECTION('',(0.832002437582,0.55477197465,-1.720845688169E-15)
  );
#1466 = ORIENTED_EDGE('',*,*,#1411,.F.);
#1467 = CYLINDRICAL_SURFACE('',#1468,1.1);
#1468 = AXIS2_PLACEMENT_3D('',#1469,#1470,#1471);
#1469 = CARTESIAN_POINT('',(91.223144441117,-96.36450714399,7.5));
#1470 = DIRECTION('',(1.221245327088E-15,1.443289932013E-15,1.));
#1471 = DIRECTION('',(0.832002437582,0.55477197465,-1.942890293094E-15)
  );
#1472 = ADVANCED_FACE('',(#1473),#1533,.F.);
#1473 = FACE_BOUND('',#1474,.F.);
#1474 = EDGE_LOOP('',(#1475,#1476,#1484,#1493,#1499,#1500,#1508,#1517,
    #1525,#1532));
#1475 = ORIENTED_EDGE('',*,*,#236,.F.);
#1476 = ORIENTED_EDGE('',*,*,#1477,.T.);
#1477 = EDGE_CURVE('',#237,#1478,#1480,.T.);
#1478 = VERTEX_POINT('',#1479);
#1479 = CARTESIAN_POINT('',(94.36155485187,-93.06892151373,6.5));
#1480 = LINE('',#1481,#1482);
#1481 = CARTESIAN_POINT('',(94.36155485187,-93.06892151373,7.5));
#1482 = VECTOR('',#1483,1.);
#1483 = DIRECTION('',(-1.151856388049E-15,-8.326672684689E-16,-1.));
#1484 = ORIENTED_EDGE('',*,*,#1485,.T.);
#1485 = EDGE_CURVE('',#1478,#1486,#1488,.T.);
#1486 = VERTEX_POINT('',#1487);
#1487 = CARTESIAN_POINT('',(93.868915365701,-92.35184033615,6.5));
#1488 = CIRCLE('',#1489,1.1);
#1489 = AXIS2_PLACEMENT_3D('',#1490,#1491,#1492);
#1490 = CARTESIAN_POINT('',(93.282485578698,-93.28248533018,6.5));
#1491 = DIRECTION('',(1.013655762779E-15,5.967328268437E-16,1.));
#1492 = DIRECTION('',(0.980972066521,0.19414892404,-1.110223024625E-15)
  );
#1493 = ORIENTED_EDGE('',*,*,#1494,.T.);
#1494 = EDGE_CURVE('',#1486,#528,#1495,.T.);
#1495 = LINE('',#1496,#1497);
#1496 = CARTESIAN_POINT('',(93.868915365701,-92.35184033615,
    -2.353672812205E-14));
#1497 = VECTOR('',#1498,1.);
#1498 = DIRECTION('',(4.440892098501E-16,9.436895709314E-16,-1.));
#1499 = ORIENTED_EDGE('',*,*,#527,.T.);
#1500 = ORIENTED_EDGE('',*,*,#1501,.T.);
#1501 = EDGE_CURVE('',#520,#1502,#1504,.T.);
#1502 = VERTEX_POINT('',#1503);
#1503 = CARTESIAN_POINT('',(92.197445165729,-93.46328163054,1.));
#1504 = LINE('',#1505,#1506);
#1505 = CARTESIAN_POINT('',(92.197445165729,-93.46328163054,7.5));
#1506 = VECTOR('',#1507,1.);
#1507 = DIRECTION('',(8.881784197001E-16,4.440892098501E-16,1.));
#1508 = ORIENTED_EDGE('',*,*,#1509,.T.);
#1509 = EDGE_CURVE('',#1502,#1510,#1512,.T.);
#1510 = VERTEX_POINT('',#1511);
#1511 = CARTESIAN_POINT('',(92.351840584669,-93.86891511718,1.));
#1512 = CIRCLE('',#1513,1.1);
#1513 = AXIS2_PLACEMENT_3D('',#1514,#1515,#1516);
#1514 = CARTESIAN_POINT('',(93.282485578698,-93.28248533018,1.));
#1515 = DIRECTION('',(1.013655762779E-15,5.967328268437E-16,1.));
#1516 = DIRECTION('',(0.980972066521,0.19414892404,-1.110223024625E-15)
  );
#1517 = ORIENTED_EDGE('',*,*,#1518,.F.);
#1518 = EDGE_CURVE('',#1519,#1510,#1521,.T.);
#1519 = VERTEX_POINT('',#1520);
#1520 = CARTESIAN_POINT('',(92.351840584669,-93.86891511718,6.5));
#1521 = LINE('',#1522,#1523);
#1522 = CARTESIAN_POINT('',(92.351840584669,-93.86891511718,
    -2.22044604925E-14));
#1523 = VECTOR('',#1524,1.);
#1524 = DIRECTION('',(4.440892098501E-16,9.436895709314E-16,-1.));
#1525 = ORIENTED_EDGE('',*,*,#1526,.T.);
#1526 = EDGE_CURVE('',#1519,#1478,#1527,.T.);
#1527 = CIRCLE('',#1528,1.1);
#1528 = AXIS2_PLACEMENT_3D('',#1529,#1530,#1531);
#1529 = CARTESIAN_POINT('',(93.282485578698,-93.28248533018,6.5));
#1530 = DIRECTION('',(1.013655762779E-15,5.967328268437E-16,1.));
#1531 = DIRECTION('',(0.980972066521,0.19414892404,-1.110223024625E-15)
  );
#1532 = ORIENTED_EDGE('',*,*,#1477,.F.);
#1533 = CYLINDRICAL_SURFACE('',#1534,1.1);
#1534 = AXIS2_PLACEMENT_3D('',#1535,#1536,#1537);
#1535 = CARTESIAN_POINT('',(93.282485578698,-93.28248533018,7.5));
#1536 = DIRECTION('',(1.040834085586E-15,9.992007221626E-16,1.));
#1537 = DIRECTION('',(0.980972066521,0.19414892404,-1.200428645376E-15)
  );
#1538 = ADVANCED_FACE('',(#1539),#1582,.F.);
#1539 = FACE_BOUND('',#1540,.F.);
#1540 = EDGE_LOOP('',(#1541,#1542,#1550,#1559,#1565,#1566,#1574,#1581));
#1541 = ORIENTED_EDGE('',*,*,#247,.F.);
#1542 = ORIENTED_EDGE('',*,*,#1543,.T.);
#1543 = EDGE_CURVE('',#248,#1544,#1546,.T.);
#1544 = VERTEX_POINT('',#1545);
#1545 = CARTESIAN_POINT('',(97.443164742454,-91.4387788869,6.5));
#1546 = LINE('',#1547,#1548);
#1547 = CARTESIAN_POINT('',(97.443164742454,-91.4387788869,7.5));
#1548 = VECTOR('',#1549,1.);
#1549 = DIRECTION('',(-1.117161918529E-15,2.22044604925E-16,-1.));
#1550 = ORIENTED_EDGE('',*,*,#1551,.T.);
#1551 = EDGE_CURVE('',#1544,#1552,#1554,.T.);
#1552 = VERTEX_POINT('',#1553);
#1553 = CARTESIAN_POINT('',(97.262440290598,-90.58775729429,6.5));
#1554 = CIRCLE('',#1555,1.1);
#1555 = AXIS2_PLACEMENT_3D('',#1556,#1557,#1558);
#1556 = CARTESIAN_POINT('',(96.364507392501,-91.22314419258,6.5));
#1557 = DIRECTION('',(4.735717963693E-16,-3.806235890934E-17,1.));
#1558 = DIRECTION('',(0.980597590866,-0.196031540291,-4.718447854657E-16
    ));
#1559 = ORIENTED_EDGE('',*,*,#1560,.T.);
#1560 = EDGE_CURVE('',#1552,#546,#1561,.T.);
#1561 = LINE('',#1562,#1563);
#1562 = CARTESIAN_POINT('',(97.262440290598,-90.58775729429,
    -2.48689957516E-14));
#1563 = VECTOR('',#1564,1.);
#1564 = DIRECTION('',(4.440892098501E-16,9.436895709314E-16,-1.));
#1565 = ORIENTED_EDGE('',*,*,#545,.T.);
#1566 = ORIENTED_EDGE('',*,*,#1567,.F.);
#1567 = EDGE_CURVE('',#1568,#537,#1570,.T.);
#1568 = VERTEX_POINT('',#1569);
#1569 = CARTESIAN_POINT('',(95.280286566751,-91.40879224942,6.5));
#1570 = LINE('',#1571,#1572);
#1571 = CARTESIAN_POINT('',(95.280286566751,-91.40879224942,
    -2.48689957516E-14));
#1572 = VECTOR('',#1573,1.);
#1573 = DIRECTION('',(4.440892098501E-16,9.436895709314E-16,-1.));
#1574 = ORIENTED_EDGE('',*,*,#1575,.T.);
#1575 = EDGE_CURVE('',#1568,#1544,#1576,.T.);
#1576 = CIRCLE('',#1577,1.1);
#1577 = AXIS2_PLACEMENT_3D('',#1578,#1579,#1580);
#1578 = CARTESIAN_POINT('',(96.364507392501,-91.22314419258,6.5));
#1579 = DIRECTION('',(4.735717963693E-16,-3.806235890934E-17,1.));
#1580 = DIRECTION('',(0.980597590866,-0.196031540291,-4.718447854657E-16
    ));
#1581 = ORIENTED_EDGE('',*,*,#1543,.F.);
#1582 = CYLINDRICAL_SURFACE('',#1583,1.1);
#1583 = AXIS2_PLACEMENT_3D('',#1584,#1585,#1586);
#1584 = CARTESIAN_POINT('',(96.364507392501,-91.22314419258,7.5));
#1585 = DIRECTION('',(1.103284130721E-15,-5.551115123126E-17,1.));
#1586 = DIRECTION('',(0.980597590866,-0.196031540291,-1.096345236817E-15
    ));
#1587 = ADVANCED_FACE('',(#1588),#1631,.F.);
#1588 = FACE_BOUND('',#1589,.F.);
#1589 = EDGE_LOOP('',(#1590,#1591,#1599,#1608,#1614,#1615,#1623,#1630));
#1590 = ORIENTED_EDGE('',*,*,#258,.F.);
#1591 = ORIENTED_EDGE('',*,*,#1592,.T.);
#1592 = EDGE_CURVE('',#259,#1593,#1595,.T.);
#1593 = VERTEX_POINT('',#1594);
#1594 = CARTESIAN_POINT('',(100.91402962322,-91.11200452903,6.5));
#1595 = LINE('',#1596,#1597);
#1596 = CARTESIAN_POINT('',(100.91402962322,-91.11200452903,7.5));
#1597 = VECTOR('',#1598,1.);
#1598 = DIRECTION('',(3.885780586188E-16,1.110223024625E-16,-1.));
#1599 = ORIENTED_EDGE('',*,*,#1600,.T.);
#1600 = EDGE_CURVE('',#1593,#1601,#1603,.T.);
#1601 = VERTEX_POINT('',#1602);
#1602 = CARTESIAN_POINT('',(101.07273386521,-90.25660284435,6.5));
#1603 = CIRCLE('',#1604,1.1);
#1604 = AXIS2_PLACEMENT_3D('',#1605,#1606,#1607);
#1605 = CARTESIAN_POINT('',(99.999999999974,-90.49999975143,6.5));
#1606 = DIRECTION('',(-1.592384967785E-16,3.070376634745E-16,1.));
#1607 = DIRECTION('',(0.83093602114,-0.556367979642,3.031429274269E-16)
  );
#1608 = ORIENTED_EDGE('',*,*,#1609,.T.);
#1609 = EDGE_CURVE('',#1601,#564,#1610,.T.);
#1610 = LINE('',#1611,#1612);
#1611 = CARTESIAN_POINT('',(101.07273386521,-90.25660284435,
    -2.48689957516E-14));
#1612 = VECTOR('',#1613,1.);
#1613 = DIRECTION('',(4.440892098501E-16,9.436895709314E-16,-1.));
#1614 = ORIENTED_EDGE('',*,*,#563,.T.);
#1615 = ORIENTED_EDGE('',*,*,#1616,.F.);
#1616 = EDGE_CURVE('',#1617,#555,#1619,.T.);
#1617 = VERTEX_POINT('',#1618);
#1618 = CARTESIAN_POINT('',(98.927266134737,-90.25660284435,6.5));
#1619 = LINE('',#1620,#1621);
#1620 = CARTESIAN_POINT('',(98.927266134737,-90.25660284435,
    -2.57571741713E-14));
#1621 = VECTOR('',#1622,1.);
#1622 = DIRECTION('',(4.440892098501E-16,9.436895709314E-16,-1.));
#1623 = ORIENTED_EDGE('',*,*,#1624,.T.);
#1624 = EDGE_CURVE('',#1617,#1593,#1625,.T.);
#1625 = CIRCLE('',#1626,1.1);
#1626 = AXIS2_PLACEMENT_3D('',#1627,#1628,#1629);
#1627 = CARTESIAN_POINT('',(99.999999999974,-90.49999975143,6.5));
#1628 = DIRECTION('',(-1.592384967785E-16,3.070376634745E-16,1.));
#1629 = DIRECTION('',(0.83093602114,-0.556367979642,3.031429274269E-16)
  );
#1630 = ORIENTED_EDGE('',*,*,#1592,.F.);
#1631 = CYLINDRICAL_SURFACE('',#1632,1.1);
#1632 = AXIS2_PLACEMENT_3D('',#1633,#1634,#1635);
#1633 = CARTESIAN_POINT('',(99.999999999974,-90.49999975143,7.5));
#1634 = DIRECTION('',(-3.330669073875E-16,5.551115123126E-17,1.));
#1635 = DIRECTION('',(0.83093602114,-0.556367979642,3.057450126409E-16)
  );
#1636 = ADVANCED_FACE('',(#1637,#1640),#1651,.T.);
#1637 = FACE_BOUND('',#1638,.T.);
#1638 = EDGE_LOOP('',(#1639));
#1639 = ORIENTED_EDGE('',*,*,#269,.T.);
#1640 = FACE_BOUND('',#1641,.T.);
#1641 = EDGE_LOOP('',(#1642));
#1642 = ORIENTED_EDGE('',*,*,#1643,.F.);
#1643 = EDGE_CURVE('',#1644,#1644,#1646,.T.);
#1644 = VERTEX_POINT('',#1645);
#1645 = CARTESIAN_POINT('',(106.56628266031,-104.3965709968,7.5));
#1646 = CIRCLE('',#1647,7.902272248552);
#1647 = AXIS2_PLACEMENT_3D('',#1648,#1649,#1650);
#1648 = CARTESIAN_POINT('',(100.00000000003,-99.9999997515,7.5));
#1649 = DIRECTION('',(-5.382729935275E-16,2.936046824955E-16,1.));
#1650 = DIRECTION('',(0.830936021152,-0.556367979625,6.106226635438E-16)
  );
#1651 = PLANE('',#1652);
#1652 = AXIS2_PLACEMENT_3D('',#1653,#1654,#1655);
#1653 = CARTESIAN_POINT('',(100.,-99.99999975144,7.5));
#1654 = DIRECTION('',(-6.106226635438E-16,-1.283695372223E-16,1.));
#1655 = DIRECTION('',(1.,-7.884318198315E-16,1.221245327088E-15));
#1656 = ADVANCED_FACE('',(#1657),#1700,.F.);
#1657 = FACE_BOUND('',#1658,.F.);
#1658 = EDGE_LOOP('',(#1659,#1660,#1668,#1677,#1683,#1684,#1692,#1699));
#1659 = ORIENTED_EDGE('',*,*,#280,.F.);
#1660 = ORIENTED_EDGE('',*,*,#1661,.T.);
#1661 = EDGE_CURVE('',#281,#1662,#1664,.T.);
#1662 = VERTEX_POINT('',#1663);
#1663 = CARTESIAN_POINT('',(108.88799522241,-100.9140293746,6.5));
#1664 = LINE('',#1665,#1666);
#1665 = CARTESIAN_POINT('',(108.88799522241,-100.9140293746,7.5));
#1666 = VECTOR('',#1667,1.);
#1667 = DIRECTION('',(2.248201624866E-15,-1.165734175856E-15,-1.));
#1668 = ORIENTED_EDGE('',*,*,#1669,.T.);
#1669 = EDGE_CURVE('',#1662,#1670,#1672,.T.);
#1670 = VERTEX_POINT('',#1671);
#1671 = CARTESIAN_POINT('',(109.74339690709,-101.0727336166,6.5));
#1672 = CIRCLE('',#1673,1.1);
#1673 = AXIS2_PLACEMENT_3D('',#1674,#1675,#1676);
#1674 = CARTESIAN_POINT('',(109.50000000001,-99.99999975142,6.5));
#1675 = DIRECTION('',(-2.141306482981E-15,1.233333111051E-15,1.));
#1676 = DIRECTION('',(-0.556367979642,-0.83093602114,-1.665334536938E-16
    ));
#1677 = ORIENTED_EDGE('',*,*,#1678,.T.);
#1678 = EDGE_CURVE('',#1670,#651,#1679,.T.);
#1679 = LINE('',#1680,#1681);
#1680 = CARTESIAN_POINT('',(109.74339690709,-101.0727336166,
    -1.199040866595E-14));
#1681 = VECTOR('',#1682,1.);
#1682 = DIRECTION('',(4.440892098501E-16,9.436895709314E-16,-1.));
#1683 = ORIENTED_EDGE('',*,*,#650,.T.);
#1684 = ORIENTED_EDGE('',*,*,#1685,.F.);
#1685 = EDGE_CURVE('',#1686,#642,#1688,.T.);
#1686 = VERTEX_POINT('',#1687);
#1687 = CARTESIAN_POINT('',(109.74339690708,-98.92726588618,6.5));
#1688 = LINE('',#1689,#1690);
#1689 = CARTESIAN_POINT('',(109.74339690708,-98.92726588618,
    -1.42108547152E-14));
#1690 = VECTOR('',#1691,1.);
#1691 = DIRECTION('',(4.440892098501E-16,9.436895709314E-16,-1.));
#1692 = ORIENTED_EDGE('',*,*,#1693,.T.);
#1693 = EDGE_CURVE('',#1686,#1662,#1694,.T.);
#1694 = CIRCLE('',#1695,1.1);
#1695 = AXIS2_PLACEMENT_3D('',#1696,#1697,#1698);
#1696 = CARTESIAN_POINT('',(109.50000000001,-99.99999975142,6.5));
#1697 = DIRECTION('',(-2.141306482981E-15,1.233333111051E-15,1.));
#1698 = DIRECTION('',(-0.556367979642,-0.83093602114,-1.665334536938E-16
    ));
#1699 = ORIENTED_EDGE('',*,*,#1661,.F.);
#1700 = CYLINDRICAL_SURFACE('',#1701,1.1);
#1701 = AXIS2_PLACEMENT_3D('',#1702,#1703,#1704);
#1702 = CARTESIAN_POINT('',(109.50000000001,-99.99999975142,7.5));
#1703 = DIRECTION('',(-2.081668171172E-15,1.110223024625E-15,1.));
#1704 = DIRECTION('',(-0.556367979642,-0.83093602114,-5.551115123126E-17
    ));
#1705 = ADVANCED_FACE('',(#1706),#1766,.F.);
#1706 = FACE_BOUND('',#1707,.F.);
#1707 = EDGE_LOOP('',(#1708,#1709,#1717,#1726,#1732,#1733,#1741,#1750,
    #1758,#1765));
#1708 = ORIENTED_EDGE('',*,*,#291,.F.);
#1709 = ORIENTED_EDGE('',*,*,#1710,.T.);
#1710 = EDGE_CURVE('',#292,#1711,#1713,.T.);
#1711 = VERTEX_POINT('',#1712);
#1712 = CARTESIAN_POINT('',(108.56122086454,-97.4431644939,6.5));
#1713 = LINE('',#1714,#1715);
#1714 = CARTESIAN_POINT('',(108.56122086454,-97.4431644939,7.5));
#1715 = VECTOR('',#1716,1.);
#1716 = DIRECTION('',(1.748601263785E-15,-4.996003610813E-16,-1.));
#1717 = ORIENTED_EDGE('',*,*,#1718,.T.);
#1718 = EDGE_CURVE('',#1711,#1719,#1721,.T.);
#1719 = VERTEX_POINT('',#1720);
#1720 = CARTESIAN_POINT('',(109.41224245715,-97.26244004204,6.5));
#1721 = CIRCLE('',#1722,1.1);
#1722 = AXIS2_PLACEMENT_3D('',#1723,#1724,#1725);
#1723 = CARTESIAN_POINT('',(108.77685555886,-96.36450714394,6.5));
#1724 = DIRECTION('',(-1.698387910085E-15,8.490108142843E-16,1.));
#1725 = DIRECTION('',(-0.196031540291,-0.980597590866,4.996003610813E-16
    ));
#1726 = ORIENTED_EDGE('',*,*,#1727,.T.);
#1727 = EDGE_CURVE('',#1719,#633,#1728,.T.);
#1728 = LINE('',#1729,#1730);
#1729 = CARTESIAN_POINT('',(109.41224245715,-97.26244004204,
    -1.643130076445E-14));
#1730 = VECTOR('',#1731,1.);
#1731 = DIRECTION('',(4.440892098501E-16,9.436895709314E-16,-1.));
#1732 = ORIENTED_EDGE('',*,*,#632,.T.);
#1733 = ORIENTED_EDGE('',*,*,#1734,.T.);
#1734 = EDGE_CURVE('',#625,#1735,#1737,.T.);
#1735 = VERTEX_POINT('',#1736);
#1736 = CARTESIAN_POINT('',(109.09337452601,-95.31102921658,1.));
#1737 = LINE('',#1738,#1739);
#1738 = CARTESIAN_POINT('',(109.09337452601,-95.31102921658,7.5));
#1739 = VECTOR('',#1740,1.);
#1740 = DIRECTION('',(-1.7763568394E-15,6.661338147751E-16,1.));
#1741 = ORIENTED_EDGE('',*,*,#1742,.T.);
#1742 = EDGE_CURVE('',#1735,#1743,#1745,.T.);
#1743 = VERTEX_POINT('',#1744);
#1744 = CARTESIAN_POINT('',(108.59120750201,-95.28028631819,1.));
#1745 = CIRCLE('',#1746,1.1);
#1746 = AXIS2_PLACEMENT_3D('',#1747,#1748,#1749);
#1747 = CARTESIAN_POINT('',(108.77685555886,-96.36450714394,1.));
#1748 = DIRECTION('',(-1.698387910085E-15,8.490108142843E-16,1.));
#1749 = DIRECTION('',(-0.196031540291,-0.980597590866,4.996003610813E-16
    ));
#1750 = ORIENTED_EDGE('',*,*,#1751,.F.);
#1751 = EDGE_CURVE('',#1752,#1743,#1754,.T.);
#1752 = VERTEX_POINT('',#1753);
#1753 = CARTESIAN_POINT('',(108.59120750201,-95.28028631819,6.5));
#1754 = LINE('',#1755,#1756);
#1755 = CARTESIAN_POINT('',(108.59120750201,-95.28028631819,
    -1.86517468137E-14));
#1756 = VECTOR('',#1757,1.);
#1757 = DIRECTION('',(4.440892098501E-16,9.436895709314E-16,-1.));
#1758 = ORIENTED_EDGE('',*,*,#1759,.T.);
#1759 = EDGE_CURVE('',#1752,#1711,#1760,.T.);
#1760 = CIRCLE('',#1761,1.1);
#1761 = AXIS2_PLACEMENT_3D('',#1762,#1763,#1764);
#1762 = CARTESIAN_POINT('',(108.77685555886,-96.36450714394,6.5));
#1763 = DIRECTION('',(-1.698387910085E-15,8.490108142843E-16,1.));
#1764 = DIRECTION('',(-0.196031540291,-0.980597590866,4.996003610813E-16
    ));
#1765 = ORIENTED_EDGE('',*,*,#1710,.F.);
#1766 = CYLINDRICAL_SURFACE('',#1767,1.1);
#1767 = AXIS2_PLACEMENT_3D('',#1768,#1769,#1770);
#1768 = CARTESIAN_POINT('',(108.77685555886,-96.36450714394,7.5));
#1769 = DIRECTION('',(-1.609823385706E-15,4.996003610813E-16,1.));
#1770 = DIRECTION('',(-0.196031540291,-0.980597590866,3.885780586188E-16
    ));
#1771 = ADVANCED_FACE('',(#1772),#1815,.F.);
#1772 = FACE_BOUND('',#1773,.F.);
#1773 = EDGE_LOOP('',(#1774,#1775,#1783,#1792,#1798,#1799,#1807,#1814));
#1774 = ORIENTED_EDGE('',*,*,#302,.F.);
#1775 = ORIENTED_EDGE('',*,*,#1776,.T.);
#1776 = EDGE_CURVE('',#303,#1777,#1779,.T.);
#1777 = VERTEX_POINT('',#1778);
#1778 = CARTESIAN_POINT('',(104.24574177956,-92.1383468739,6.5));
#1779 = LINE('',#1780,#1781);
#1780 = CARTESIAN_POINT('',(104.24574177956,-92.1383468739,7.5));
#1781 = VECTOR('',#1782,1.);
#1782 = DIRECTION('',(-1.873501354055E-16,1.054711873394E-15,-1.));
#1783 = ORIENTED_EDGE('',*,*,#1784,.T.);
#1784 = EDGE_CURVE('',#1777,#1785,#1787,.T.);
#1785 = VERTEX_POINT('',#1786);
#1786 = CARTESIAN_POINT('',(104.7197134332,-91.4087922494,6.5));
#1787 = CIRCLE('',#1788,1.1);
#1788 = AXIS2_PLACEMENT_3D('',#1789,#1790,#1791);
#1789 = CARTESIAN_POINT('',(103.63549260745,-91.22314419256,6.5));
#1790 = DIRECTION('',(-7.390011435508E-16,-9.243989297979E-17,1.));
#1791 = DIRECTION('',(0.55477197465,-0.832002437582,3.330669073875E-16)
  );
#1792 = ORIENTED_EDGE('',*,*,#1793,.T.);
#1793 = EDGE_CURVE('',#1785,#582,#1794,.T.);
#1794 = LINE('',#1795,#1796);
#1795 = CARTESIAN_POINT('',(104.7197134332,-91.4087922494,
    -2.30926389122E-14));
#1796 = VECTOR('',#1797,1.);
#1797 = DIRECTION('',(4.440892098501E-16,9.436895709314E-16,-1.));
#1798 = ORIENTED_EDGE('',*,*,#581,.T.);
#1799 = ORIENTED_EDGE('',*,*,#1800,.F.);
#1800 = EDGE_CURVE('',#1801,#573,#1803,.T.);
#1801 = VERTEX_POINT('',#1802);
#1802 = CARTESIAN_POINT('',(102.73755970935,-90.58775729428,6.5));
#1803 = LINE('',#1804,#1805);
#1804 = CARTESIAN_POINT('',(102.73755970935,-90.58775729428,
    -2.39808173319E-14));
#1805 = VECTOR('',#1806,1.);
#1806 = DIRECTION('',(4.440892098501E-16,9.436895709314E-16,-1.));
#1807 = ORIENTED_EDGE('',*,*,#1808,.T.);
#1808 = EDGE_CURVE('',#1801,#1777,#1809,.T.);
#1809 = CIRCLE('',#1810,1.1);
#1810 = AXIS2_PLACEMENT_3D('',#1811,#1812,#1813);
#1811 = CARTESIAN_POINT('',(103.63549260745,-91.22314419256,6.5));
#1812 = DIRECTION('',(-7.390011435508E-16,-9.243989297979E-17,1.));
#1813 = DIRECTION('',(0.55477197465,-0.832002437582,3.330669073875E-16)
  );
#1814 = ORIENTED_EDGE('',*,*,#1776,.F.);
#1815 = CYLINDRICAL_SURFACE('',#1816,1.1);
#1816 = AXIS2_PLACEMENT_3D('',#1817,#1818,#1819);
#1817 = CARTESIAN_POINT('',(103.63549260745,-91.22314419256,7.5));
#1818 = DIRECTION('',(2.844946500602E-16,-8.881784197001E-16,1.));
#1819 = DIRECTION('',(0.55477197465,-0.832002437582,-7.216449660064E-16)
  );
#1820 = ADVANCED_FACE('',(#1821),#1881,.F.);
#1821 = FACE_BOUND('',#1822,.F.);
#1822 = EDGE_LOOP('',(#1823,#1824,#1832,#1841,#1849,#1858,#1864,#1865,
    #1873,#1880));
#1823 = ORIENTED_EDGE('',*,*,#313,.F.);
#1824 = ORIENTED_EDGE('',*,*,#1825,.T.);
#1825 = EDGE_CURVE('',#314,#1826,#1828,.T.);
#1826 = VERTEX_POINT('',#1827);
#1827 = CARTESIAN_POINT('',(106.93107823771,-94.36155460331,6.5));
#1828 = LINE('',#1829,#1830);
#1829 = CARTESIAN_POINT('',(106.93107823771,-94.36155460331,7.5));
#1830 = VECTOR('',#1831,1.);
#1831 = DIRECTION('',(1.068589661202E-15,3.885780586188E-16,-1.));
#1832 = ORIENTED_EDGE('',*,*,#1833,.T.);
#1833 = EDGE_CURVE('',#1826,#1834,#1836,.T.);
#1834 = VERTEX_POINT('',#1835);
#1835 = CARTESIAN_POINT('',(107.64815941529,-93.86891511714,6.5));
#1836 = CIRCLE('',#1837,1.1);
#1837 = AXIS2_PLACEMENT_3D('',#1838,#1839,#1840);
#1838 = CARTESIAN_POINT('',(106.71751442126,-93.28248533014,6.5));
#1839 = DIRECTION('',(-1.327904452967E-15,1.333033246408E-16,1.));
#1840 = DIRECTION('',(0.19414892404,-0.980972066521,3.885780586188E-16)
  );
#1841 = ORIENTED_EDGE('',*,*,#1842,.T.);
#1842 = EDGE_CURVE('',#1834,#1843,#1845,.T.);
#1843 = VERTEX_POINT('',#1844);
#1844 = CARTESIAN_POINT('',(107.64815941529,-93.86891511714,1.));
#1845 = LINE('',#1846,#1847);
#1846 = CARTESIAN_POINT('',(107.64815941529,-93.86891511714,
    -1.95399252334E-14));
#1847 = VECTOR('',#1848,1.);
#1848 = DIRECTION('',(4.440892098501E-16,9.436895709314E-16,-1.));
#1849 = ORIENTED_EDGE('',*,*,#1850,.T.);
#1850 = EDGE_CURVE('',#1843,#1851,#1853,.T.);
#1851 = VERTEX_POINT('',#1852);
#1852 = CARTESIAN_POINT('',(107.80162440582,-93.46877956351,1.));
#1853 = CIRCLE('',#1854,1.1);
#1854 = AXIS2_PLACEMENT_3D('',#1855,#1856,#1857);
#1855 = CARTESIAN_POINT('',(106.71751442126,-93.28248533014,1.));
#1856 = DIRECTION('',(-1.327904452967E-15,1.333033246408E-16,1.));
#1857 = DIRECTION('',(0.19414892404,-0.980972066521,3.885780586188E-16)
  );
#1858 = ORIENTED_EDGE('',*,*,#1859,.F.);
#1859 = EDGE_CURVE('',#600,#1851,#1860,.T.);
#1860 = LINE('',#1861,#1862);
#1861 = CARTESIAN_POINT('',(107.80162440582,-93.46877956351,7.5));
#1862 = VECTOR('',#1863,1.);
#1863 = DIRECTION('',(-1.387778780781E-15,0.,1.));
#1864 = ORIENTED_EDGE('',*,*,#599,.T.);
#1865 = ORIENTED_EDGE('',*,*,#1866,.F.);
#1866 = EDGE_CURVE('',#1867,#591,#1869,.T.);
#1867 = VERTEX_POINT('',#1868);
#1868 = CARTESIAN_POINT('',(106.13108463425,-92.35184033611,6.5));
#1869 = LINE('',#1870,#1871);
#1870 = CARTESIAN_POINT('',(106.13108463425,-92.35184033611,
    -2.22044604925E-14));
#1871 = VECTOR('',#1872,1.);
#1872 = DIRECTION('',(4.440892098501E-16,9.436895709314E-16,-1.));
#1873 = ORIENTED_EDGE('',*,*,#1874,.T.);
#1874 = EDGE_CURVE('',#1867,#1826,#1875,.T.);
#1875 = CIRCLE('',#1876,1.1);
#1876 = AXIS2_PLACEMENT_3D('',#1877,#1878,#1879);
#1877 = CARTESIAN_POINT('',(106.71751442126,-93.28248533014,6.5));
#1878 = DIRECTION('',(-1.327904452967E-15,1.333033246408E-16,1.));
#1879 = DIRECTION('',(0.19414892404,-0.980972066521,3.885780586188E-16)
  );
#1880 = ORIENTED_EDGE('',*,*,#1825,.F.);
#1881 = CYLINDRICAL_SURFACE('',#1882,1.1);
#1882 = AXIS2_PLACEMENT_3D('',#1883,#1884,#1885);
#1883 = CARTESIAN_POINT('',(106.71751442126,-93.28248533014,7.5));
#1884 = DIRECTION('',(-8.743006318923E-16,-1.110223024625E-16,1.));
#1885 = DIRECTION('',(0.19414892404,-0.980972066521,-5.551115123126E-17)
  );
#1886 = ADVANCED_FACE('',(#1887),#1908,.T.);
#1887 = FACE_BOUND('',#1888,.F.);
#1888 = EDGE_LOOP('',(#1889,#1890,#1899,#1906,#1907));
#1889 = ORIENTED_EDGE('',*,*,#833,.T.);
#1890 = ORIENTED_EDGE('',*,*,#1891,.T.);
#1891 = EDGE_CURVE('',#825,#1892,#1894,.T.);
#1892 = VERTEX_POINT('',#1893);
#1893 = CARTESIAN_POINT('',(94.58652352632,-109.5107133401,-1.7));
#1894 = CIRCLE('',#1895,0.8);
#1895 = AXIS2_PLACEMENT_3D('',#1896,#1897,#1898);
#1896 = CARTESIAN_POINT('',(93.9,-109.1,-1.7));
#1897 = DIRECTION('',(1.584748258066E-15,9.607325211639E-17,-1.));
#1898 = DIRECTION('',(0.838670567945,-0.544639035015,1.276756478319E-15)
  );
#1899 = ORIENTED_EDGE('',*,*,#1900,.T.);
#1900 = EDGE_CURVE('',#1892,#817,#1901,.T.);
#1901 = CIRCLE('',#1902,0.8);
#1902 = AXIS2_PLACEMENT_3D('',#1903,#1904,#1905);
#1903 = CARTESIAN_POINT('',(93.9,-109.1,-1.7));
#1904 = DIRECTION('',(1.584748258066E-15,9.607325211639E-17,-1.));
#1905 = DIRECTION('',(0.838670567945,-0.544639035015,1.276756478319E-15)
  );
#1906 = ORIENTED_EDGE('',*,*,#816,.F.);
#1907 = ORIENTED_EDGE('',*,*,#337,.F.);
#1908 = CYLINDRICAL_SURFACE('',#1909,0.8);
#1909 = AXIS2_PLACEMENT_3D('',#1910,#1911,#1912);
#1910 = CARTESIAN_POINT('',(93.9,-109.1,4.085620730621E-14));
#1911 = DIRECTION('',(0.,2.480654570647E-16,1.));
#1912 = DIRECTION('',(0.838670567945,-0.544639035015,1.609823385706E-15)
  );
#1913 = ADVANCED_FACE('',(#1914),#1935,.T.);
#1914 = FACE_BOUND('',#1915,.F.);
#1915 = EDGE_LOOP('',(#1916,#1917,#1926,#1933,#1934));
#1916 = ORIENTED_EDGE('',*,*,#774,.T.);
#1917 = ORIENTED_EDGE('',*,*,#1918,.T.);
#1918 = EDGE_CURVE('',#766,#1919,#1921,.T.);
#1919 = VERTEX_POINT('',#1920);
#1920 = CARTESIAN_POINT('',(105.6208384521,-90.57690719604,-1.7));
#1921 = CIRCLE('',#1922,0.800167438041);
#1922 = AXIS2_PLACEMENT_3D('',#1923,#1924,#1925);
#1923 = CARTESIAN_POINT('',(106.3,-91.,-1.7));
#1924 = DIRECTION('',(2.315174250092E-15,8.131393299073E-16,-1.));
#1925 = DIRECTION('',(0.838670567945,-0.544639035015,1.498801083244E-15)
  );
#1926 = ORIENTED_EDGE('',*,*,#1927,.T.);
#1927 = EDGE_CURVE('',#1919,#758,#1928,.T.);
#1928 = CIRCLE('',#1929,0.800167438041);
#1929 = AXIS2_PLACEMENT_3D('',#1930,#1931,#1932);
#1930 = CARTESIAN_POINT('',(106.3,-91.,-1.7));
#1931 = DIRECTION('',(2.315174250092E-15,8.131393299073E-16,-1.));
#1932 = DIRECTION('',(0.838670567945,-0.544639035015,1.498801083244E-15)
  );
#1933 = ORIENTED_EDGE('',*,*,#757,.F.);
#1934 = ORIENTED_EDGE('',*,*,#346,.F.);
#1935 = CYLINDRICAL_SURFACE('',#1936,0.800167438041);
#1936 = AXIS2_PLACEMENT_3D('',#1937,#1938,#1939);
#1937 = CARTESIAN_POINT('',(106.3,-91.,8.348877145181E-14));
#1938 = DIRECTION('',(-2.22044604925E-16,-3.278627369596E-16,1.));
#1939 = DIRECTION('',(0.838670567945,-0.544639035015,1.33226762955E-15)
  );
#1940 = ADVANCED_FACE('',(#1941),#1966,.T.);
#1941 = FACE_BOUND('',#1942,.T.);
#1942 = EDGE_LOOP('',(#1943,#1944,#1952,#1960));
#1943 = ORIENTED_EDGE('',*,*,#356,.F.);
#1944 = ORIENTED_EDGE('',*,*,#1945,.T.);
#1945 = EDGE_CURVE('',#357,#1946,#1948,.T.);
#1946 = VERTEX_POINT('',#1947);
#1947 = CARTESIAN_POINT('',(101.,-110.7,3.));
#1948 = LINE('',#1949,#1950);
#1949 = CARTESIAN_POINT('',(101.,-110.7,4.085620730621E-14));
#1950 = VECTOR('',#1951,1.);
#1951 = DIRECTION('',(-4.996003610813E-16,-1.110223024625E-16,1.));
#1952 = ORIENTED_EDGE('',*,*,#1953,.T.);
#1953 = EDGE_CURVE('',#1946,#1954,#1956,.T.);
#1954 = VERTEX_POINT('',#1955);
#1955 = CARTESIAN_POINT('',(103.17696454197,-110.2649995597,3.));
#1956 = LINE('',#1957,#1958);
#1957 = CARTESIAN_POINT('',(101.,-110.7,3.));
#1958 = VECTOR('',#1959,1.);
#1959 = DIRECTION('',(0.980614658547,0.195946144243,1.165734175856E-15)
  );
#1960 = ORIENTED_EDGE('',*,*,#1961,.F.);
#1961 = EDGE_CURVE('',#359,#1954,#1962,.T.);
#1962 = LINE('',#1963,#1964);
#1963 = CARTESIAN_POINT('',(103.17696454197,-110.2649995597,
    4.796163466381E-14));
#1964 = VECTOR('',#1965,1.);
#1965 = DIRECTION('',(-4.996003610813E-16,-1.110223024625E-16,1.));
#1966 = PLANE('',#1967);
#1967 = AXIS2_PLACEMENT_3D('',#1968,#1969,#1970);
#1968 = CARTESIAN_POINT('',(101.,-110.7,4.085620730621E-14));
#1969 = DIRECTION('',(-0.195946144243,0.980614658547,0.));
#1970 = DIRECTION('',(0.980614658547,0.195946144243,1.165734175856E-15)
  );
#1971 = ADVANCED_FACE('',(#1972),#1983,.F.);
#1972 = FACE_BOUND('',#1973,.F.);
#1973 = EDGE_LOOP('',(#1974,#1975,#1976,#1977));
#1974 = ORIENTED_EDGE('',*,*,#1961,.F.);
#1975 = ORIENTED_EDGE('',*,*,#743,.T.);
#1976 = ORIENTED_EDGE('',*,*,#1213,.T.);
#1977 = ORIENTED_EDGE('',*,*,#1978,.F.);
#1978 = EDGE_CURVE('',#1954,#1205,#1979,.T.);
#1979 = LINE('',#1980,#1981);
#1980 = CARTESIAN_POINT('',(103.17696454197,-110.2649995597,3.));
#1981 = VECTOR('',#1982,1.);
#1982 = DIRECTION('',(-0.195946144243,0.980614658547,0.));
#1983 = PLANE('',#1984);
#1984 = AXIS2_PLACEMENT_3D('',#1985,#1986,#1987);
#1985 = CARTESIAN_POINT('',(103.17696454197,-110.2649995597,
    4.796163466381E-14));
#1986 = DIRECTION('',(0.980614658547,0.195946144243,1.165734175856E-15)
  );
#1987 = DIRECTION('',(-0.195946144243,0.980614658547,0.));
#1988 = ADVANCED_FACE('',(#1989),#2007,.T.);
#1989 = FACE_BOUND('',#1990,.T.);
#1990 = EDGE_LOOP('',(#1991,#1999,#2000,#2001));
#1991 = ORIENTED_EDGE('',*,*,#1992,.F.);
#1992 = EDGE_CURVE('',#719,#1993,#1995,.T.);
#1993 = VERTEX_POINT('',#1994);
#1994 = CARTESIAN_POINT('',(104.75,-109.1,1.));
#1995 = LINE('',#1996,#1997);
#1996 = CARTESIAN_POINT('',(104.75,-109.1,6.927791673661E-14));
#1997 = VECTOR('',#1998,1.);
#1998 = DIRECTION('',(-2.775557561563E-16,-1.665334536938E-16,1.));
#1999 = ORIENTED_EDGE('',*,*,#726,.T.);
#2000 = ORIENTED_EDGE('',*,*,#1220,.T.);
#2001 = ORIENTED_EDGE('',*,*,#2002,.F.);
#2002 = EDGE_CURVE('',#1993,#1221,#2003,.T.);
#2003 = LINE('',#2004,#2005);
#2004 = CARTESIAN_POINT('',(104.75,-109.1,1.));
#2005 = VECTOR('',#2006,1.);
#2006 = DIRECTION('',(-0.537299608347,0.843391445813,-8.326672684689E-16
    ));
#2007 = PLANE('',#2008);
#2008 = AXIS2_PLACEMENT_3D('',#2009,#2010,#2011);
#2009 = CARTESIAN_POINT('',(104.75,-109.1,6.927791673661E-14));
#2010 = DIRECTION('',(0.843391445813,0.537299608347,1.360023205166E-15)
  );
#2011 = DIRECTION('',(-0.537299608347,0.843391445813,-8.326672684689E-16
    ));
#2012 = ADVANCED_FACE('',(#2013),#2031,.T.);
#2013 = FACE_BOUND('',#2014,.T.);
#2014 = EDGE_LOOP('',(#2015,#2016,#2017,#2025));
#2015 = ORIENTED_EDGE('',*,*,#718,.F.);
#2016 = ORIENTED_EDGE('',*,*,#1992,.T.);
#2017 = ORIENTED_EDGE('',*,*,#2018,.T.);
#2018 = EDGE_CURVE('',#1993,#2019,#2021,.T.);
#2019 = VERTEX_POINT('',#2020);
#2020 = CARTESIAN_POINT('',(106.64763075307,-107.8910758812,1.));
#2021 = LINE('',#2022,#2023);
#2022 = CARTESIAN_POINT('',(104.75,-109.1,1.));
#2023 = VECTOR('',#2024,1.);
#2024 = DIRECTION('',(0.843391445813,0.537299608347,1.360023205166E-15)
  );
#2025 = ORIENTED_EDGE('',*,*,#2026,.F.);
#2026 = EDGE_CURVE('',#711,#2019,#2027,.T.);
#2027 = LINE('',#2028,#2029);
#2028 = CARTESIAN_POINT('',(106.64763075307,-107.8910758812,
    8.348877145181E-14));
#2029 = VECTOR('',#2030,1.);
#2030 = DIRECTION('',(-2.775557561563E-16,-1.665334536938E-16,1.));
#2031 = PLANE('',#2032);
#2032 = AXIS2_PLACEMENT_3D('',#2033,#2034,#2035);
#2033 = CARTESIAN_POINT('',(104.75,-109.1,6.927791673661E-14));
#2034 = DIRECTION('',(-0.537299608347,0.843391445813,-8.326672684689E-16
    ));
#2035 = DIRECTION('',(0.843391445813,0.537299608347,1.360023205166E-15)
  );
#2036 = ADVANCED_FACE('',(#2037),#2048,.F.);
#2037 = FACE_BOUND('',#2038,.F.);
#2038 = EDGE_LOOP('',(#2039,#2040,#2041,#2042));
#2039 = ORIENTED_EDGE('',*,*,#2026,.F.);
#2040 = ORIENTED_EDGE('',*,*,#710,.T.);
#2041 = ORIENTED_EDGE('',*,*,#1296,.T.);
#2042 = ORIENTED_EDGE('',*,*,#2043,.F.);
#2043 = EDGE_CURVE('',#2019,#1288,#2044,.T.);
#2044 = LINE('',#2045,#2046);
#2045 = CARTESIAN_POINT('',(106.64763075307,-107.8910758812,1.));
#2046 = VECTOR('',#2047,1.);
#2047 = DIRECTION('',(-0.537299608347,0.843391445813,-8.326672684689E-16
    ));
#2048 = PLANE('',#2049);
#2049 = AXIS2_PLACEMENT_3D('',#2050,#2051,#2052);
#2050 = CARTESIAN_POINT('',(106.64763075307,-107.8910758812,
    8.348877145181E-14));
#2051 = DIRECTION('',(0.843391445813,0.537299608347,1.360023205166E-15)
  );
#2052 = DIRECTION('',(-0.537299608347,0.843391445813,-8.326672684689E-16
    ));
#2053 = ADVANCED_FACE('',(#2054),#2072,.T.);
#2054 = FACE_BOUND('',#2055,.T.);
#2055 = EDGE_LOOP('',(#2056,#2064,#2065,#2066));
#2056 = ORIENTED_EDGE('',*,*,#2057,.F.);
#2057 = EDGE_CURVE('',#686,#2058,#2060,.T.);
#2058 = VERTEX_POINT('',#2059);
#2059 = CARTESIAN_POINT('',(107.85,-106.65,1.));
#2060 = LINE('',#2061,#2062);
#2061 = CARTESIAN_POINT('',(107.85,-106.65,5.417888360171E-14));
#2062 = VECTOR('',#2063,1.);
#2063 = DIRECTION('',(5.551115123126E-17,-9.020562075079E-17,1.));
#2064 = ORIENTED_EDGE('',*,*,#693,.T.);
#2065 = ORIENTED_EDGE('',*,*,#1303,.T.);
#2066 = ORIENTED_EDGE('',*,*,#2067,.F.);
#2067 = EDGE_CURVE('',#2058,#1304,#2068,.T.);
#2068 = LINE('',#2069,#2070);
#2069 = CARTESIAN_POINT('',(107.85,-106.65,1.));
#2070 = VECTOR('',#2071,1.);
#2071 = DIRECTION('',(-0.819152044289,0.573576436351,-1.443289932013E-15
    ));
#2072 = PLANE('',#2073);
#2073 = AXIS2_PLACEMENT_3D('',#2074,#2075,#2076);
#2074 = CARTESIAN_POINT('',(107.85,-106.65,5.417888360171E-14));
#2075 = DIRECTION('',(0.573576436351,0.819152044289,1.165734175856E-15)
  );
#2076 = DIRECTION('',(-0.819152044289,0.573576436351,-1.443289932013E-15
    ));
#2077 = ADVANCED_FACE('',(#2078),#2096,.T.);
#2078 = FACE_BOUND('',#2079,.T.);
#2079 = EDGE_LOOP('',(#2080,#2081,#2082,#2090));
#2080 = ORIENTED_EDGE('',*,*,#685,.F.);
#2081 = ORIENTED_EDGE('',*,*,#2057,.T.);
#2082 = ORIENTED_EDGE('',*,*,#2083,.T.);
#2083 = EDGE_CURVE('',#2058,#2084,#2086,.T.);
#2084 = VERTEX_POINT('',#2085);
#2085 = CARTESIAN_POINT('',(109.14054698179,-104.8069079003,1.));
#2086 = LINE('',#2087,#2088);
#2087 = CARTESIAN_POINT('',(107.85,-106.65,1.));
#2088 = VECTOR('',#2089,1.);
#2089 = DIRECTION('',(0.573576436351,0.819152044289,1.165734175856E-15)
  );
#2090 = ORIENTED_EDGE('',*,*,#2091,.F.);
#2091 = EDGE_CURVE('',#678,#2084,#2092,.T.);
#2092 = LINE('',#2093,#2094);
#2093 = CARTESIAN_POINT('',(109.14054698179,-104.8069079003,
    6.128431095931E-14));
#2094 = VECTOR('',#2095,1.);
#2095 = DIRECTION('',(5.551115123126E-17,-9.020562075079E-17,1.));
#2096 = PLANE('',#2097);
#2097 = AXIS2_PLACEMENT_3D('',#2098,#2099,#2100);
#2098 = CARTESIAN_POINT('',(107.85,-106.65,5.417888360171E-14));
#2099 = DIRECTION('',(-0.819152044289,0.573576436351,-1.443289932013E-15
    ));
#2100 = DIRECTION('',(0.573576436351,0.819152044289,1.165734175856E-15)
  );
#2101 = ADVANCED_FACE('',(#2102),#2113,.F.);
#2102 = FACE_BOUND('',#2103,.F.);
#2103 = EDGE_LOOP('',(#2104,#2105,#2106,#2107));
#2104 = ORIENTED_EDGE('',*,*,#2091,.F.);
#2105 = ORIENTED_EDGE('',*,*,#677,.T.);
#2106 = ORIENTED_EDGE('',*,*,#1379,.T.);
#2107 = ORIENTED_EDGE('',*,*,#2108,.F.);
#2108 = EDGE_CURVE('',#2084,#1371,#2109,.T.);
#2109 = LINE('',#2110,#2111);
#2110 = CARTESIAN_POINT('',(109.14054698179,-104.8069079003,1.));
#2111 = VECTOR('',#2112,1.);
#2112 = DIRECTION('',(-0.819152044289,0.573576436351,-1.443289932013E-15
    ));
#2113 = PLANE('',#2114);
#2114 = AXIS2_PLACEMENT_3D('',#2115,#2116,#2117);
#2115 = CARTESIAN_POINT('',(109.14054698179,-104.8069079003,
    6.128431095931E-14));
#2116 = DIRECTION('',(0.573576436351,0.819152044289,1.165734175856E-15)
  );
#2117 = DIRECTION('',(-0.819152044289,0.573576436351,-1.443289932013E-15
    ));
#2118 = ADVANCED_FACE('',(#2119),#2131,.F.);
#2119 = FACE_BOUND('',#2120,.F.);
#2120 = EDGE_LOOP('',(#2121,#2122,#2123,#2130));
#2121 = ORIENTED_EDGE('',*,*,#659,.F.);
#2122 = ORIENTED_EDGE('',*,*,#1678,.F.);
#2123 = ORIENTED_EDGE('',*,*,#2124,.T.);
#2124 = EDGE_CURVE('',#1670,#1387,#2125,.T.);
#2125 = CIRCLE('',#2126,9.802272248552);
#2126 = AXIS2_PLACEMENT_3D('',#2127,#2128,#2129);
#2127 = CARTESIAN_POINT('',(100.,-99.99999975144,6.5));
#2128 = DIRECTION('',(1.221245327088E-15,-2.949029909161E-17,-1.));
#2129 = DIRECTION('',(1.,-7.884318198315E-16,1.221245327088E-15));
#2130 = ORIENTED_EDGE('',*,*,#1386,.T.);
#2131 = CYLINDRICAL_SURFACE('',#2132,9.802272248552);
#2132 = AXIS2_PLACEMENT_3D('',#2133,#2134,#2135);
#2133 = CARTESIAN_POINT('',(100.,-99.99999975144,2.84217094304E-14));
#2134 = DIRECTION('',(6.106226635438E-16,1.283695372223E-16,-1.));
#2135 = DIRECTION('',(1.,-7.884318198315E-16,1.221245327088E-15));
#2136 = ADVANCED_FACE('',(#2137),#2149,.F.);
#2137 = FACE_BOUND('',#2138,.F.);
#2138 = EDGE_LOOP('',(#2139,#2140,#2141,#2142));
#2139 = ORIENTED_EDGE('',*,*,#1685,.T.);
#2140 = ORIENTED_EDGE('',*,*,#641,.F.);
#2141 = ORIENTED_EDGE('',*,*,#1727,.F.);
#2142 = ORIENTED_EDGE('',*,*,#2143,.T.);
#2143 = EDGE_CURVE('',#1719,#1686,#2144,.T.);
#2144 = CIRCLE('',#2145,9.802272248552);
#2145 = AXIS2_PLACEMENT_3D('',#2146,#2147,#2148);
#2146 = CARTESIAN_POINT('',(100.,-99.99999975144,6.5));
#2147 = DIRECTION('',(1.221245327088E-15,-2.949029909161E-17,-1.));
#2148 = DIRECTION('',(1.,-7.884318198315E-16,1.221245327088E-15));
#2149 = CYLINDRICAL_SURFACE('',#2150,9.802272248552);
#2150 = AXIS2_PLACEMENT_3D('',#2151,#2152,#2153);
#2151 = CARTESIAN_POINT('',(100.,-99.99999975144,2.84217094304E-14));
#2152 = DIRECTION('',(6.106226635438E-16,1.283695372223E-16,-1.));
#2153 = DIRECTION('',(1.,-7.884318198315E-16,1.221245327088E-15));
#2154 = ADVANCED_FACE('',(#2155),#2173,.F.);
#2155 = FACE_BOUND('',#2156,.F.);
#2156 = EDGE_LOOP('',(#2157,#2165,#2166,#2167));
#2157 = ORIENTED_EDGE('',*,*,#2158,.F.);
#2158 = EDGE_CURVE('',#1735,#2159,#2161,.T.);
#2159 = VERTEX_POINT('',#2160);
#2160 = CARTESIAN_POINT('',(109.18203820836,-95.24894623784,1.));
#2161 = LINE('',#2162,#2163);
#2162 = CARTESIAN_POINT('',(108.69054698179,-95.59309209965,1.));
#2163 = VECTOR('',#2164,1.);
#2164 = DIRECTION('',(0.819152044289,0.573576436351,1.665334536938E-15)
  );
#2165 = ORIENTED_EDGE('',*,*,#1734,.F.);
#2166 = ORIENTED_EDGE('',*,*,#624,.T.);
#2167 = ORIENTED_EDGE('',*,*,#2168,.T.);
#2168 = EDGE_CURVE('',#617,#2159,#2169,.T.);
#2169 = LINE('',#2170,#2171);
#2170 = CARTESIAN_POINT('',(109.18203820836,-95.24894623783,
    1.161293283758E-13));
#2171 = VECTOR('',#2172,1.);
#2172 = DIRECTION('',(5.551115123126E-17,5.551115123126E-17,1.));
#2173 = PLANE('',#2174);
#2174 = AXIS2_PLACEMENT_3D('',#2175,#2176,#2177);
#2175 = CARTESIAN_POINT('',(108.69054698179,-95.59309209965,
    9.836575998179E-14));
#2176 = DIRECTION('',(0.573576436351,-0.819152044289,9.159339953158E-16)
  );
#2177 = DIRECTION('',(0.819152044289,0.573576436351,1.665334536938E-15)
  );
#2178 = ADVANCED_FACE('',(#2179),#2197,.F.);
#2179 = FACE_BOUND('',#2180,.F.);
#2180 = EDGE_LOOP('',(#2181,#2182,#2190,#2196));
#2181 = ORIENTED_EDGE('',*,*,#616,.F.);
#2182 = ORIENTED_EDGE('',*,*,#2183,.T.);
#2183 = EDGE_CURVE('',#609,#2184,#2186,.T.);
#2184 = VERTEX_POINT('',#2185);
#2185 = CARTESIAN_POINT('',(107.89149122657,-93.40585413818,1.));
#2186 = LINE('',#2187,#2188);
#2187 = CARTESIAN_POINT('',(107.89149122657,-93.40585413818,
    1.12576614697E-13));
#2188 = VECTOR('',#2189,1.);
#2189 = DIRECTION('',(5.551115123126E-17,5.551115123126E-17,1.));
#2190 = ORIENTED_EDGE('',*,*,#2191,.T.);
#2191 = EDGE_CURVE('',#2184,#2159,#2192,.T.);
#2192 = LINE('',#2193,#2194);
#2193 = CARTESIAN_POINT('',(107.89149122657,-93.40585413818,1.));
#2194 = VECTOR('',#2195,1.);
#2195 = DIRECTION('',(0.573576436351,-0.819152044289,9.159339953158E-16)
  );
#2196 = ORIENTED_EDGE('',*,*,#2168,.F.);
#2197 = PLANE('',#2198);
#2198 = AXIS2_PLACEMENT_3D('',#2199,#2200,#2201);
#2199 = CARTESIAN_POINT('',(107.89149122657,-93.40585413818,
    1.12576614697E-13));
#2200 = DIRECTION('',(0.819152044289,0.573576436351,1.665334536938E-15)
  );
#2201 = DIRECTION('',(0.573576436351,-0.819152044289,9.159339953158E-16)
  );
#2202 = ADVANCED_FACE('',(#2203),#2214,.T.);
#2203 = FACE_BOUND('',#2204,.T.);
#2204 = EDGE_LOOP('',(#2205,#2211,#2212,#2213));
#2205 = ORIENTED_EDGE('',*,*,#2206,.F.);
#2206 = EDGE_CURVE('',#1851,#2184,#2207,.T.);
#2207 = LINE('',#2208,#2209);
#2208 = CARTESIAN_POINT('',(107.4,-93.75,1.));
#2209 = VECTOR('',#2210,1.);
#2210 = DIRECTION('',(0.819152044289,0.573576436351,1.665334536938E-15)
  );
#2211 = ORIENTED_EDGE('',*,*,#1859,.F.);
#2212 = ORIENTED_EDGE('',*,*,#608,.T.);
#2213 = ORIENTED_EDGE('',*,*,#2183,.T.);
#2214 = PLANE('',#2215);
#2215 = AXIS2_PLACEMENT_3D('',#2216,#2217,#2218);
#2216 = CARTESIAN_POINT('',(107.4,-93.75,1.019184736606E-13));
#2217 = DIRECTION('',(0.573576436351,-0.819152044289,9.159339953158E-16)
  );
#2218 = DIRECTION('',(0.819152044289,0.573576436351,1.665334536938E-15)
  );
#2219 = ADVANCED_FACE('',(#2220),#2232,.F.);
#2220 = FACE_BOUND('',#2221,.F.);
#2221 = EDGE_LOOP('',(#2222,#2229,#2230,#2231));
#2222 = ORIENTED_EDGE('',*,*,#2223,.T.);
#2223 = EDGE_CURVE('',#1785,#1867,#2224,.T.);
#2224 = CIRCLE('',#2225,9.802272248552);
#2225 = AXIS2_PLACEMENT_3D('',#2226,#2227,#2228);
#2226 = CARTESIAN_POINT('',(100.,-99.99999975144,6.5));
#2227 = DIRECTION('',(1.221245327088E-15,-2.949029909161E-17,-1.));
#2228 = DIRECTION('',(1.,-7.884318198315E-16,1.221245327088E-15));
#2229 = ORIENTED_EDGE('',*,*,#1866,.T.);
#2230 = ORIENTED_EDGE('',*,*,#590,.F.);
#2231 = ORIENTED_EDGE('',*,*,#1793,.F.);
#2232 = CYLINDRICAL_SURFACE('',#2233,9.802272248552);
#2233 = AXIS2_PLACEMENT_3D('',#2234,#2235,#2236);
#2234 = CARTESIAN_POINT('',(100.,-99.99999975144,2.84217094304E-14));
#2235 = DIRECTION('',(6.106226635438E-16,1.283695372223E-16,-1.));
#2236 = DIRECTION('',(1.,-7.884318198315E-16,1.221245327088E-15));
#2237 = ADVANCED_FACE('',(#2238),#2250,.F.);
#2238 = FACE_BOUND('',#2239,.F.);
#2239 = EDGE_LOOP('',(#2240,#2247,#2248,#2249));
#2240 = ORIENTED_EDGE('',*,*,#2241,.T.);
#2241 = EDGE_CURVE('',#1601,#1801,#2242,.T.);
#2242 = CIRCLE('',#2243,9.802272248552);
#2243 = AXIS2_PLACEMENT_3D('',#2244,#2245,#2246);
#2244 = CARTESIAN_POINT('',(100.,-99.99999975144,6.5));
#2245 = DIRECTION('',(1.221245327088E-15,-2.949029909161E-17,-1.));
#2246 = DIRECTION('',(1.,-7.884318198315E-16,1.221245327088E-15));
#2247 = ORIENTED_EDGE('',*,*,#1800,.T.);
#2248 = ORIENTED_EDGE('',*,*,#572,.F.);
#2249 = ORIENTED_EDGE('',*,*,#1609,.F.);
#2250 = CYLINDRICAL_SURFACE('',#2251,9.802272248552);
#2251 = AXIS2_PLACEMENT_3D('',#2252,#2253,#2254);
#2252 = CARTESIAN_POINT('',(100.,-99.99999975144,2.84217094304E-14));
#2253 = DIRECTION('',(6.106226635438E-16,1.283695372223E-16,-1.));
#2254 = DIRECTION('',(1.,-7.884318198315E-16,1.221245327088E-15));
#2255 = ADVANCED_FACE('',(#2256),#2268,.F.);
#2256 = FACE_BOUND('',#2257,.F.);
#2257 = EDGE_LOOP('',(#2258,#2259,#2266,#2267));
#2258 = ORIENTED_EDGE('',*,*,#1560,.F.);
#2259 = ORIENTED_EDGE('',*,*,#2260,.T.);
#2260 = EDGE_CURVE('',#1552,#1617,#2261,.T.);
#2261 = CIRCLE('',#2262,9.802272248552);
#2262 = AXIS2_PLACEMENT_3D('',#2263,#2264,#2265);
#2263 = CARTESIAN_POINT('',(100.,-99.99999975144,6.5));
#2264 = DIRECTION('',(1.221245327088E-15,-2.949029909161E-17,-1.));
#2265 = DIRECTION('',(1.,-7.884318198315E-16,1.221245327088E-15));
#2266 = ORIENTED_EDGE('',*,*,#1616,.T.);
#2267 = ORIENTED_EDGE('',*,*,#554,.F.);
#2268 = CYLINDRICAL_SURFACE('',#2269,9.802272248552);
#2269 = AXIS2_PLACEMENT_3D('',#2270,#2271,#2272);
#2270 = CARTESIAN_POINT('',(100.,-99.99999975144,2.84217094304E-14));
#2271 = DIRECTION('',(6.106226635438E-16,1.283695372223E-16,-1.));
#2272 = DIRECTION('',(1.,-7.884318198315E-16,1.221245327088E-15));
#2273 = ADVANCED_FACE('',(#2274),#2286,.F.);
#2274 = FACE_BOUND('',#2275,.F.);
#2275 = EDGE_LOOP('',(#2276,#2277,#2284,#2285));
#2276 = ORIENTED_EDGE('',*,*,#1494,.F.);
#2277 = ORIENTED_EDGE('',*,*,#2278,.T.);
#2278 = EDGE_CURVE('',#1486,#1568,#2279,.T.);
#2279 = CIRCLE('',#2280,9.802272248552);
#2280 = AXIS2_PLACEMENT_3D('',#2281,#2282,#2283);
#2281 = CARTESIAN_POINT('',(100.,-99.99999975144,6.5));
#2282 = DIRECTION('',(1.221245327088E-15,-2.949029909161E-17,-1.));
#2283 = DIRECTION('',(1.,-7.884318198315E-16,1.221245327088E-15));
#2284 = ORIENTED_EDGE('',*,*,#1567,.T.);
#2285 = ORIENTED_EDGE('',*,*,#536,.F.);
#2286 = CYLINDRICAL_SURFACE('',#2287,9.802272248552);
#2287 = AXIS2_PLACEMENT_3D('',#2288,#2289,#2290);
#2288 = CARTESIAN_POINT('',(100.,-99.99999975144,2.84217094304E-14));
#2289 = DIRECTION('',(6.106226635438E-16,1.283695372223E-16,-1.));
#2290 = DIRECTION('',(1.,-7.884318198315E-16,1.221245327088E-15));
#2291 = ADVANCED_FACE('',(#2292),#2310,.T.);
#2292 = FACE_BOUND('',#2293,.T.);
#2293 = EDGE_LOOP('',(#2294,#2302,#2303,#2304));
#2294 = ORIENTED_EDGE('',*,*,#2295,.F.);
#2295 = EDGE_CURVE('',#512,#2296,#2298,.T.);
#2296 = VERTEX_POINT('',#2297);
#2297 = CARTESIAN_POINT('',(92.1,-93.4,1.));
#2298 = LINE('',#2299,#2300);
#2299 = CARTESIAN_POINT('',(92.1,-93.4,6.572520305781E-14));
#2300 = VECTOR('',#2301,1.);
#2301 = DIRECTION('',(5.551115123126E-17,-1.422473250301E-16,1.));
#2302 = ORIENTED_EDGE('',*,*,#519,.T.);
#2303 = ORIENTED_EDGE('',*,*,#1501,.T.);
#2304 = ORIENTED_EDGE('',*,*,#2305,.F.);
#2305 = EDGE_CURVE('',#2296,#1502,#2306,.T.);
#2306 = LINE('',#2307,#2308);
#2307 = CARTESIAN_POINT('',(92.1,-93.4,1.));
#2308 = VECTOR('',#2309,1.);
#2309 = DIRECTION('',(0.838670567945,-0.544639035015,1.33226762955E-15)
  );
#2310 = PLANE('',#2311);
#2311 = AXIS2_PLACEMENT_3D('',#2312,#2313,#2314);
#2312 = CARTESIAN_POINT('',(92.1,-93.4,6.572520305781E-14));
#2313 = DIRECTION('',(-0.544639035015,-0.838670567945,
    -9.992007221626E-16));
#2314 = DIRECTION('',(0.838670567945,-0.544639035015,1.33226762955E-15)
  );
#2315 = ADVANCED_FACE('',(#2316),#2334,.T.);
#2316 = FACE_BOUND('',#2317,.T.);
#2317 = EDGE_LOOP('',(#2318,#2319,#2320,#2328));
#2318 = ORIENTED_EDGE('',*,*,#511,.F.);
#2319 = ORIENTED_EDGE('',*,*,#2295,.T.);
#2320 = ORIENTED_EDGE('',*,*,#2321,.T.);
#2321 = EDGE_CURVE('',#2296,#2322,#2324,.T.);
#2322 = VERTEX_POINT('',#2323);
#2323 = CARTESIAN_POINT('',(90.874562171216,-95.28700877787,1.));
#2324 = LINE('',#2325,#2326);
#2325 = CARTESIAN_POINT('',(92.1,-93.4,1.));
#2326 = VECTOR('',#2327,1.);
#2327 = DIRECTION('',(-0.544639035015,-0.838670567945,
    -9.992007221626E-16));
#2328 = ORIENTED_EDGE('',*,*,#2329,.F.);
#2329 = EDGE_CURVE('',#504,#2322,#2330,.T.);
#2330 = LINE('',#2331,#2332);
#2331 = CARTESIAN_POINT('',(90.874562171216,-95.28700877787,
    5.861977570021E-14));
#2332 = VECTOR('',#2333,1.);
#2333 = DIRECTION('',(5.551115123126E-17,-1.422473250301E-16,1.));
#2334 = PLANE('',#2335);
#2335 = AXIS2_PLACEMENT_3D('',#2336,#2337,#2338);
#2336 = CARTESIAN_POINT('',(92.1,-93.4,6.572520305781E-14));
#2337 = DIRECTION('',(0.838670567945,-0.544639035015,1.33226762955E-15)
  );
#2338 = DIRECTION('',(-0.544639035015,-0.838670567945,
    -9.992007221626E-16));
#2339 = ADVANCED_FACE('',(#2340),#2351,.F.);
#2340 = FACE_BOUND('',#2341,.F.);
#2341 = EDGE_LOOP('',(#2342,#2343,#2344,#2345));
#2342 = ORIENTED_EDGE('',*,*,#2329,.F.);
#2343 = ORIENTED_EDGE('',*,*,#503,.T.);
#2344 = ORIENTED_EDGE('',*,*,#1445,.T.);
#2345 = ORIENTED_EDGE('',*,*,#2346,.F.);
#2346 = EDGE_CURVE('',#2322,#1437,#2347,.T.);
#2347 = LINE('',#2348,#2349);
#2348 = CARTESIAN_POINT('',(90.874562171216,-95.28700877787,1.));
#2349 = VECTOR('',#2350,1.);
#2350 = DIRECTION('',(0.838670567945,-0.544639035015,1.33226762955E-15)
  );
#2351 = PLANE('',#2352);
#2352 = AXIS2_PLACEMENT_3D('',#2353,#2354,#2355);
#2353 = CARTESIAN_POINT('',(90.874562171216,-95.28700877787,
    5.861977570021E-14));
#2354 = DIRECTION('',(-0.544639035015,-0.838670567945,
    -9.992007221626E-16));
#2355 = DIRECTION('',(0.838670567945,-0.544639035015,1.33226762955E-15)
  );
#2356 = ADVANCED_FACE('',(#2357),#2369,.F.);
#2357 = FACE_BOUND('',#2358,.F.);
#2358 = EDGE_LOOP('',(#2359,#2360,#2367,#2368));
#2359 = ORIENTED_EDGE('',*,*,#1064,.F.);
#2360 = ORIENTED_EDGE('',*,*,#2361,.T.);
#2361 = EDGE_CURVE('',#1056,#1453,#2362,.T.);
#2362 = CIRCLE('',#2363,9.802272248552);
#2363 = AXIS2_PLACEMENT_3D('',#2364,#2365,#2366);
#2364 = CARTESIAN_POINT('',(100.,-99.99999975144,6.5));
#2365 = DIRECTION('',(1.221245327088E-15,-2.949029909161E-17,-1.));
#2366 = DIRECTION('',(1.,-7.884318198315E-16,1.221245327088E-15));
#2367 = ORIENTED_EDGE('',*,*,#1452,.T.);
#2368 = ORIENTED_EDGE('',*,*,#485,.F.);
#2369 = CYLINDRICAL_SURFACE('',#2370,9.802272248552);
#2370 = AXIS2_PLACEMENT_3D('',#2371,#2372,#2373);
#2371 = CARTESIAN_POINT('',(100.,-99.99999975144,2.84217094304E-14));
#2372 = DIRECTION('',(6.106226635438E-16,1.283695372223E-16,-1.));
#2373 = DIRECTION('',(1.,-7.884318198315E-16,1.221245327088E-15));
#2374 = ADVANCED_FACE('',(#2375),#2387,.F.);
#2375 = FACE_BOUND('',#2376,.F.);
#2376 = EDGE_LOOP('',(#2377,#2378,#2385,#2386));
#2377 = ORIENTED_EDGE('',*,*,#998,.F.);
#2378 = ORIENTED_EDGE('',*,*,#2379,.T.);
#2379 = EDGE_CURVE('',#990,#1072,#2380,.T.);
#2380 = CIRCLE('',#2381,9.802272248552);
#2381 = AXIS2_PLACEMENT_3D('',#2382,#2383,#2384);
#2382 = CARTESIAN_POINT('',(100.,-99.99999975144,6.5));
#2383 = DIRECTION('',(1.221245327088E-15,-2.949029909161E-17,-1.));
#2384 = DIRECTION('',(1.,-7.884318198315E-16,1.221245327088E-15));
#2385 = ORIENTED_EDGE('',*,*,#1071,.T.);
#2386 = ORIENTED_EDGE('',*,*,#467,.F.);
#2387 = CYLINDRICAL_SURFACE('',#2388,9.802272248552);
#2388 = AXIS2_PLACEMENT_3D('',#2389,#2390,#2391);
#2389 = CARTESIAN_POINT('',(100.,-99.99999975144,2.84217094304E-14));
#2390 = DIRECTION('',(6.106226635438E-16,1.283695372223E-16,-1.));
#2391 = DIRECTION('',(1.,-7.884318198315E-16,1.221245327088E-15));
#2392 = ADVANCED_FACE('',(#2393),#2411,.F.);
#2393 = FACE_BOUND('',#2394,.F.);
#2394 = EDGE_LOOP('',(#2395,#2403,#2404,#2405));
#2395 = ORIENTED_EDGE('',*,*,#2396,.F.);
#2396 = EDGE_CURVE('',#1006,#2397,#2399,.T.);
#2397 = VERTEX_POINT('',#2398);
#2398 = CARTESIAN_POINT('',(90.871359830449,-104.7397746431,1.));
#2399 = LINE('',#2400,#2401);
#2400 = CARTESIAN_POINT('',(91.374562171216,-104.4129912221,1.));
#2401 = VECTOR('',#2402,1.);
#2402 = DIRECTION('',(-0.838670567945,-0.544639035015,
    -1.554312234475E-15));
#2403 = ORIENTED_EDGE('',*,*,#1005,.F.);
#2404 = ORIENTED_EDGE('',*,*,#450,.T.);
#2405 = ORIENTED_EDGE('',*,*,#2406,.T.);
#2406 = EDGE_CURVE('',#443,#2397,#2407,.T.);
#2407 = LINE('',#2408,#2409);
#2408 = CARTESIAN_POINT('',(90.871359830449,-104.7397746431,
    3.37507799486E-14));
#2409 = VECTOR('',#2410,1.);
#2410 = DIRECTION('',(1.387778780781E-17,5.551115123126E-17,1.));
#2411 = PLANE('',#2412);
#2412 = AXIS2_PLACEMENT_3D('',#2413,#2414,#2415);
#2413 = CARTESIAN_POINT('',(91.374562171216,-104.4129912221,
    3.730349362741E-14));
#2414 = DIRECTION('',(-0.544639035015,0.838670567945,-8.326672684689E-16
    ));
#2415 = DIRECTION('',(-0.838670567945,-0.544639035015,
    -1.554312234475E-15));
#2416 = ADVANCED_FACE('',(#2417),#2435,.F.);
#2417 = FACE_BOUND('',#2418,.F.);
#2418 = EDGE_LOOP('',(#2419,#2420,#2428,#2434));
#2419 = ORIENTED_EDGE('',*,*,#442,.F.);
#2420 = ORIENTED_EDGE('',*,*,#2421,.T.);
#2421 = EDGE_CURVE('',#435,#2422,#2424,.T.);
#2422 = VERTEX_POINT('',#2423);
#2423 = CARTESIAN_POINT('',(92.096797659233,-106.626783421,1.));
#2424 = LINE('',#2425,#2426);
#2425 = CARTESIAN_POINT('',(92.096797659233,-106.626783421,
    3.37507799486E-14));
#2426 = VECTOR('',#2427,1.);
#2427 = DIRECTION('',(1.387778780781E-17,5.551115123126E-17,1.));
#2428 = ORIENTED_EDGE('',*,*,#2429,.T.);
#2429 = EDGE_CURVE('',#2422,#2397,#2430,.T.);
#2430 = LINE('',#2431,#2432);
#2431 = CARTESIAN_POINT('',(92.096797659233,-106.626783421,1.));
#2432 = VECTOR('',#2433,1.);
#2433 = DIRECTION('',(-0.544639035015,0.838670567945,-8.326672684689E-16
    ));
#2434 = ORIENTED_EDGE('',*,*,#2406,.F.);
#2435 = PLANE('',#2436);
#2436 = AXIS2_PLACEMENT_3D('',#2437,#2438,#2439);
#2437 = CARTESIAN_POINT('',(92.096797659233,-106.626783421,
    3.37507799486E-14));
#2438 = DIRECTION('',(-0.838670567945,-0.544639035015,
    -1.554312234475E-15));
#2439 = DIRECTION('',(-0.544639035015,0.838670567945,-8.326672684689E-16
    ));
#2440 = ADVANCED_FACE('',(#2441),#2452,.T.);
#2441 = FACE_BOUND('',#2442,.T.);
#2442 = EDGE_LOOP('',(#2443,#2449,#2450,#2451));
#2443 = ORIENTED_EDGE('',*,*,#2444,.F.);
#2444 = EDGE_CURVE('',#875,#2422,#2445,.T.);
#2445 = LINE('',#2446,#2447);
#2446 = CARTESIAN_POINT('',(92.6,-106.3,1.));
#2447 = VECTOR('',#2448,1.);
#2448 = DIRECTION('',(-0.838670567945,-0.544639035015,
    -1.554312234475E-15));
#2449 = ORIENTED_EDGE('',*,*,#883,.F.);
#2450 = ORIENTED_EDGE('',*,*,#434,.T.);
#2451 = ORIENTED_EDGE('',*,*,#2421,.T.);
#2452 = PLANE('',#2453);
#2453 = AXIS2_PLACEMENT_3D('',#2454,#2455,#2456);
#2454 = CARTESIAN_POINT('',(92.6,-106.3,4.085620730621E-14));
#2455 = DIRECTION('',(-0.544639035015,0.838670567945,-8.326672684689E-16
    ));
#2456 = DIRECTION('',(-0.838670567945,-0.544639035015,
    -1.554312234475E-15));
#2457 = ADVANCED_FACE('',(#2458),#2470,.F.);
#2458 = FACE_BOUND('',#2459,.F.);
#2459 = EDGE_LOOP('',(#2460,#2461,#2468,#2469));
#2460 = ORIENTED_EDGE('',*,*,#932,.F.);
#2461 = ORIENTED_EDGE('',*,*,#2462,.T.);
#2462 = EDGE_CURVE('',#924,#891,#2463,.T.);
#2463 = CIRCLE('',#2464,9.802272248552);
#2464 = AXIS2_PLACEMENT_3D('',#2465,#2466,#2467);
#2465 = CARTESIAN_POINT('',(100.,-99.99999975144,6.5));
#2466 = DIRECTION('',(1.221245327088E-15,-2.949029909161E-17,-1.));
#2467 = DIRECTION('',(1.,-7.884318198315E-16,1.221245327088E-15));
#2468 = ORIENTED_EDGE('',*,*,#890,.T.);
#2469 = ORIENTED_EDGE('',*,*,#416,.F.);
#2470 = CYLINDRICAL_SURFACE('',#2471,9.802272248552);
#2471 = AXIS2_PLACEMENT_3D('',#2472,#2473,#2474);
#2472 = CARTESIAN_POINT('',(100.,-99.99999975144,2.84217094304E-14));
#2473 = DIRECTION('',(6.106226635438E-16,1.283695372223E-16,-1.));
#2474 = DIRECTION('',(1.,-7.884318198315E-16,1.221245327088E-15));
#2475 = ADVANCED_FACE('',(#2476),#2494,.T.);
#2476 = FACE_BOUND('',#2477,.T.);
#2477 = EDGE_LOOP('',(#2478,#2486,#2487,#2488));
#2478 = ORIENTED_EDGE('',*,*,#2479,.F.);
#2479 = EDGE_CURVE('',#392,#2480,#2482,.T.);
#2480 = VERTEX_POINT('',#2481);
#2481 = CARTESIAN_POINT('',(96.83,-110.27,3.));
#2482 = LINE('',#2483,#2484);
#2483 = CARTESIAN_POINT('',(96.83,-110.27,4.796163466381E-14));
#2484 = VECTOR('',#2485,1.);
#2485 = DIRECTION('',(-4.440892098501E-16,-5.551115123126E-17,1.));
#2486 = ORIENTED_EDGE('',*,*,#399,.T.);
#2487 = ORIENTED_EDGE('',*,*,#939,.T.);
#2488 = ORIENTED_EDGE('',*,*,#2489,.F.);
#2489 = EDGE_CURVE('',#2480,#940,#2490,.T.);
#2490 = LINE('',#2491,#2492);
#2491 = CARTESIAN_POINT('',(96.83,-110.27,3.));
#2492 = VECTOR('',#2493,1.);
#2493 = DIRECTION('',(0.195946144243,0.980614658547,2.775557561563E-16)
  );
#2494 = PLANE('',#2495);
#2495 = AXIS2_PLACEMENT_3D('',#2496,#2497,#2498);
#2496 = CARTESIAN_POINT('',(96.83,-110.27,4.796163466381E-14));
#2497 = DIRECTION('',(0.980614658547,-0.195946144243,1.318389841742E-15)
  );
#2498 = DIRECTION('',(0.195946144243,0.980614658547,2.775557561563E-16)
  );
#2499 = ADVANCED_FACE('',(#2500),#2518,.T.);
#2500 = FACE_BOUND('',#2501,.T.);
#2501 = EDGE_LOOP('',(#2502,#2503,#2504,#2512));
#2502 = ORIENTED_EDGE('',*,*,#391,.F.);
#2503 = ORIENTED_EDGE('',*,*,#2479,.T.);
#2504 = ORIENTED_EDGE('',*,*,#2505,.T.);
#2505 = EDGE_CURVE('',#2480,#2506,#2508,.T.);
#2506 = VERTEX_POINT('',#2507);
#2507 = CARTESIAN_POINT('',(99.006964541973,-110.7050004402,3.));
#2508 = LINE('',#2509,#2510);
#2509 = CARTESIAN_POINT('',(96.83,-110.27,3.));
#2510 = VECTOR('',#2511,1.);
#2511 = DIRECTION('',(0.980614658547,-0.195946144243,1.318389841742E-15)
  );
#2512 = ORIENTED_EDGE('',*,*,#2513,.F.);
#2513 = EDGE_CURVE('',#384,#2506,#2514,.T.);
#2514 = LINE('',#2515,#2516);
#2515 = CARTESIAN_POINT('',(99.006964541973,-110.7050004402,
    4.796163466381E-14));
#2516 = VECTOR('',#2517,1.);
#2517 = DIRECTION('',(-4.440892098501E-16,-5.551115123126E-17,1.));
#2518 = PLANE('',#2519);
#2519 = AXIS2_PLACEMENT_3D('',#2520,#2521,#2522);
#2520 = CARTESIAN_POINT('',(96.83,-110.27,4.796163466381E-14));
#2521 = DIRECTION('',(0.195946144243,0.980614658547,2.775557561563E-16)
  );
#2522 = DIRECTION('',(0.980614658547,-0.195946144243,1.318389841742E-15)
  );
#2523 = ADVANCED_FACE('',(#2524),#2535,.F.);
#2524 = FACE_BOUND('',#2525,.F.);
#2525 = EDGE_LOOP('',(#2526,#2527,#2528,#2529));
#2526 = ORIENTED_EDGE('',*,*,#2513,.F.);
#2527 = ORIENTED_EDGE('',*,*,#383,.T.);
#2528 = ORIENTED_EDGE('',*,*,#1130,.T.);
#2529 = ORIENTED_EDGE('',*,*,#2530,.F.);
#2530 = EDGE_CURVE('',#2506,#1122,#2531,.T.);
#2531 = LINE('',#2532,#2533);
#2532 = CARTESIAN_POINT('',(99.006964541973,-110.7050004402,3.));
#2533 = VECTOR('',#2534,1.);
#2534 = DIRECTION('',(0.195946144243,0.980614658547,2.775557561563E-16)
  );
#2535 = PLANE('',#2536);
#2536 = AXIS2_PLACEMENT_3D('',#2537,#2538,#2539);
#2537 = CARTESIAN_POINT('',(99.006964541973,-110.7050004402,
    4.796163466381E-14));
#2538 = DIRECTION('',(0.980614658547,-0.195946144243,1.318389841742E-15)
  );
#2539 = DIRECTION('',(0.195946144243,0.980614658547,2.775557561563E-16)
  );
#2540 = ADVANCED_FACE('',(#2541),#2552,.T.);
#2541 = FACE_BOUND('',#2542,.T.);
#2542 = EDGE_LOOP('',(#2543,#2544,#2545,#2546));
#2543 = ORIENTED_EDGE('',*,*,#1945,.F.);
#2544 = ORIENTED_EDGE('',*,*,#366,.T.);
#2545 = ORIENTED_EDGE('',*,*,#1137,.T.);
#2546 = ORIENTED_EDGE('',*,*,#2547,.F.);
#2547 = EDGE_CURVE('',#1946,#1138,#2548,.T.);
#2548 = LINE('',#2549,#2550);
#2549 = CARTESIAN_POINT('',(101.,-110.7,3.));
#2550 = VECTOR('',#2551,1.);
#2551 = DIRECTION('',(-0.195946144243,0.980614658547,0.));
#2552 = PLANE('',#2553);
#2553 = AXIS2_PLACEMENT_3D('',#2554,#2555,#2556);
#2554 = CARTESIAN_POINT('',(101.,-110.7,4.085620730621E-14));
#2555 = DIRECTION('',(0.980614658547,0.195946144243,1.165734175856E-15)
  );
#2556 = DIRECTION('',(-0.195946144243,0.980614658547,0.));
#2557 = ADVANCED_FACE('',(#2558),#2584,.T.);
#2558 = FACE_BOUND('',#2559,.F.);
#2559 = EDGE_LOOP('',(#2560,#2568,#2577,#2583));
#2560 = ORIENTED_EDGE('',*,*,#2561,.T.);
#2561 = EDGE_CURVE('',#758,#2562,#2564,.T.);
#2562 = VERTEX_POINT('',#2563);
#2563 = CARTESIAN_POINT('',(105.63724560268,-90.5516423997,-2.7));
#2564 = LINE('',#2565,#2566);
#2565 = CARTESIAN_POINT('',(105.63724560268,-90.5516423997,-1.7));
#2566 = VECTOR('',#2567,1.);
#2567 = DIRECTION('',(-1.110223024625E-16,-1.52655665886E-16,-1.));
#2568 = ORIENTED_EDGE('',*,*,#2569,.T.);
#2569 = EDGE_CURVE('',#2562,#2570,#2572,.T.);
#2570 = VERTEX_POINT('',#2571);
#2571 = CARTESIAN_POINT('',(106.94812440597,-91.46925758734,-2.7));
#2572 = CIRCLE('',#2573,11.002272248552);
#2573 = AXIS2_PLACEMENT_3D('',#2574,#2575,#2576);
#2574 = CARTESIAN_POINT('',(100.,-99.99999975144,-2.7));
#2575 = DIRECTION('',(1.691770906474E-15,1.589508497381E-16,-1.));
#2576 = DIRECTION('',(0.838670567945,-0.544639035015,1.33226762955E-15)
  );
#2577 = ORIENTED_EDGE('',*,*,#2578,.F.);
#2578 = EDGE_CURVE('',#766,#2570,#2579,.T.);
#2579 = LINE('',#2580,#2581);
#2580 = CARTESIAN_POINT('',(106.94812440597,-91.46925758734,-1.7));
#2581 = VECTOR('',#2582,1.);
#2582 = DIRECTION('',(-1.110223024625E-16,-1.52655665886E-16,-1.));
#2583 = ORIENTED_EDGE('',*,*,#765,.F.);
#2584 = CYLINDRICAL_SURFACE('',#2585,11.002272248552);
#2585 = AXIS2_PLACEMENT_3D('',#2586,#2587,#2588);
#2586 = CARTESIAN_POINT('',(100.,-99.99999975144,-1.7));
#2587 = DIRECTION('',(0.,1.925543058334E-16,1.));
#2588 = DIRECTION('',(0.838670567945,-0.544639035015,1.498801083244E-15)
  );
#2589 = ADVANCED_FACE('',(#2590),#2616,.T.);
#2590 = FACE_BOUND('',#2591,.F.);
#2591 = EDGE_LOOP('',(#2592,#2600,#2609,#2615));
#2592 = ORIENTED_EDGE('',*,*,#2593,.T.);
#2593 = EDGE_CURVE('',#817,#2594,#2596,.T.);
#2594 = VERTEX_POINT('',#2595);
#2595 = CARTESIAN_POINT('',(94.554439580811,-109.5601182837,-2.7));
#2596 = LINE('',#2597,#2598);
#2597 = CARTESIAN_POINT('',(94.554439580811,-109.5601182837,-1.7));
#2598 = VECTOR('',#2599,1.);
#2599 = DIRECTION('',(1.665334536938E-16,-9.71445146547E-17,-1.));
#2600 = ORIENTED_EDGE('',*,*,#2601,.T.);
#2601 = EDGE_CURVE('',#2594,#2602,#2604,.T.);
#2602 = VERTEX_POINT('',#2603);
#2603 = CARTESIAN_POINT('',(93.225739226331,-108.6694510375,-2.7));
#2604 = CIRCLE('',#2605,11.002272248552);
#2605 = AXIS2_PLACEMENT_3D('',#2606,#2607,#2608);
#2606 = CARTESIAN_POINT('',(100.,-99.99999975144,-2.7));
#2607 = DIRECTION('',(1.801204072826E-15,2.169466149015E-17,-1.));
#2608 = DIRECTION('',(0.838670567945,-0.544639035015,1.498801083244E-15)
  );
#2609 = ORIENTED_EDGE('',*,*,#2610,.F.);
#2610 = EDGE_CURVE('',#825,#2602,#2611,.T.);
#2611 = LINE('',#2612,#2613);
#2612 = CARTESIAN_POINT('',(93.225739226331,-108.6694510375,-1.7));
#2613 = VECTOR('',#2614,1.);
#2614 = DIRECTION('',(1.665334536938E-16,-9.71445146547E-17,-1.));
#2615 = ORIENTED_EDGE('',*,*,#824,.F.);
#2616 = CYLINDRICAL_SURFACE('',#2617,11.002272248552);
#2617 = AXIS2_PLACEMENT_3D('',#2618,#2619,#2620);
#2618 = CARTESIAN_POINT('',(100.,-99.99999975144,-1.7));
#2619 = DIRECTION('',(-2.775557561563E-16,1.370431546022E-16,1.));
#2620 = DIRECTION('',(0.838670567945,-0.544639035015,1.498801083244E-15)
  );
#2621 = ADVANCED_FACE('',(#2622,#2714),#2725,.F.);
#2622 = FACE_BOUND('',#2623,.F.);
#2623 = EDGE_LOOP('',(#2624,#2625,#2626,#2627,#2628,#2629,#2630,#2637,
    #2638,#2639,#2640,#2641,#2642,#2643,#2644,#2645,#2646,#2647,#2648,
    #2649,#2650,#2651,#2658,#2659,#2660,#2661,#2662,#2663,#2664,#2665,
    #2666,#2673,#2674,#2675,#2676,#2677,#2678,#2685,#2686,#2687,#2694,
    #2695,#2696,#2703,#2704,#2705,#2712,#2713));
#2624 = ORIENTED_EDGE('',*,*,#2124,.F.);
#2625 = ORIENTED_EDGE('',*,*,#1669,.F.);
#2626 = ORIENTED_EDGE('',*,*,#1693,.F.);
#2627 = ORIENTED_EDGE('',*,*,#2143,.F.);
#2628 = ORIENTED_EDGE('',*,*,#1718,.F.);
#2629 = ORIENTED_EDGE('',*,*,#1759,.F.);
#2630 = ORIENTED_EDGE('',*,*,#2631,.F.);
#2631 = EDGE_CURVE('',#1834,#1752,#2632,.T.);
#2632 = CIRCLE('',#2633,9.802272248552);
#2633 = AXIS2_PLACEMENT_3D('',#2634,#2635,#2636);
#2634 = CARTESIAN_POINT('',(100.,-99.99999975144,6.5));
#2635 = DIRECTION('',(1.221245327088E-15,-2.949029909161E-17,-1.));
#2636 = DIRECTION('',(1.,-7.884318198315E-16,1.221245327088E-15));
#2637 = ORIENTED_EDGE('',*,*,#1833,.F.);
#2638 = ORIENTED_EDGE('',*,*,#1874,.F.);
#2639 = ORIENTED_EDGE('',*,*,#2223,.F.);
#2640 = ORIENTED_EDGE('',*,*,#1784,.F.);
#2641 = ORIENTED_EDGE('',*,*,#1808,.F.);
#2642 = ORIENTED_EDGE('',*,*,#2241,.F.);
#2643 = ORIENTED_EDGE('',*,*,#1600,.F.);
#2644 = ORIENTED_EDGE('',*,*,#1624,.F.);
#2645 = ORIENTED_EDGE('',*,*,#2260,.F.);
#2646 = ORIENTED_EDGE('',*,*,#1551,.F.);
#2647 = ORIENTED_EDGE('',*,*,#1575,.F.);
#2648 = ORIENTED_EDGE('',*,*,#2278,.F.);
#2649 = ORIENTED_EDGE('',*,*,#1485,.F.);
#2650 = ORIENTED_EDGE('',*,*,#1526,.F.);
#2651 = ORIENTED_EDGE('',*,*,#2652,.F.);
#2652 = EDGE_CURVE('',#1420,#1519,#2653,.T.);
#2653 = CIRCLE('',#2654,9.802272248552);
#2654 = AXIS2_PLACEMENT_3D('',#2655,#2656,#2657);
#2655 = CARTESIAN_POINT('',(100.,-99.99999975144,6.5));
#2656 = DIRECTION('',(1.221245327088E-15,-2.949029909161E-17,-1.));
#2657 = DIRECTION('',(1.,-7.884318198315E-16,1.221245327088E-15));
#2658 = ORIENTED_EDGE('',*,*,#1419,.F.);
#2659 = ORIENTED_EDGE('',*,*,#1460,.F.);
#2660 = ORIENTED_EDGE('',*,*,#2361,.F.);
#2661 = ORIENTED_EDGE('',*,*,#1055,.F.);
#2662 = ORIENTED_EDGE('',*,*,#1079,.F.);
#2663 = ORIENTED_EDGE('',*,*,#2379,.F.);
#2664 = ORIENTED_EDGE('',*,*,#989,.F.);
#2665 = ORIENTED_EDGE('',*,*,#1030,.F.);
#2666 = ORIENTED_EDGE('',*,*,#2667,.F.);
#2667 = EDGE_CURVE('',#858,#1023,#2668,.T.);
#2668 = CIRCLE('',#2669,9.802272248552);
#2669 = AXIS2_PLACEMENT_3D('',#2670,#2671,#2672);
#2670 = CARTESIAN_POINT('',(100.,-99.99999975144,6.5));
#2671 = DIRECTION('',(1.221245327088E-15,-2.949029909161E-17,-1.));
#2672 = DIRECTION('',(1.,-7.884318198315E-16,1.221245327088E-15));
#2673 = ORIENTED_EDGE('',*,*,#857,.F.);
#2674 = ORIENTED_EDGE('',*,*,#898,.F.);
#2675 = ORIENTED_EDGE('',*,*,#2462,.F.);
#2676 = ORIENTED_EDGE('',*,*,#923,.F.);
#2677 = ORIENTED_EDGE('',*,*,#964,.F.);
#2678 = ORIENTED_EDGE('',*,*,#2679,.F.);
#2679 = EDGE_CURVE('',#1105,#957,#2680,.T.);
#2680 = CIRCLE('',#2681,9.802272248552);
#2681 = AXIS2_PLACEMENT_3D('',#2682,#2683,#2684);
#2682 = CARTESIAN_POINT('',(100.,-99.99999975144,6.5));
#2683 = DIRECTION('',(1.221245327088E-15,-2.949029909161E-17,-1.));
#2684 = DIRECTION('',(1.,-7.884318198315E-16,1.221245327088E-15));
#2685 = ORIENTED_EDGE('',*,*,#1104,.F.);
#2686 = ORIENTED_EDGE('',*,*,#1162,.F.);
#2687 = ORIENTED_EDGE('',*,*,#2688,.F.);
#2688 = EDGE_CURVE('',#1188,#1155,#2689,.T.);
#2689 = CIRCLE('',#2690,9.802272248552);
#2690 = AXIS2_PLACEMENT_3D('',#2691,#2692,#2693);
#2691 = CARTESIAN_POINT('',(100.,-99.99999975144,6.5));
#2692 = DIRECTION('',(1.221245327088E-15,-2.949029909161E-17,-1.));
#2693 = DIRECTION('',(1.,-7.884318198315E-16,1.221245327088E-15));
#2694 = ORIENTED_EDGE('',*,*,#1187,.F.);
#2695 = ORIENTED_EDGE('',*,*,#1245,.F.);
#2696 = ORIENTED_EDGE('',*,*,#2697,.F.);
#2697 = EDGE_CURVE('',#1271,#1238,#2698,.T.);
#2698 = CIRCLE('',#2699,9.802272248552);
#2699 = AXIS2_PLACEMENT_3D('',#2700,#2701,#2702);
#2700 = CARTESIAN_POINT('',(100.,-99.99999975144,6.5));
#2701 = DIRECTION('',(1.221245327088E-15,-2.949029909161E-17,-1.));
#2702 = DIRECTION('',(1.,-7.884318198315E-16,1.221245327088E-15));
#2703 = ORIENTED_EDGE('',*,*,#1270,.F.);
#2704 = ORIENTED_EDGE('',*,*,#1328,.F.);
#2705 = ORIENTED_EDGE('',*,*,#2706,.F.);
#2706 = EDGE_CURVE('',#1354,#1321,#2707,.T.);
#2707 = CIRCLE('',#2708,9.802272248552);
#2708 = AXIS2_PLACEMENT_3D('',#2709,#2710,#2711);
#2709 = CARTESIAN_POINT('',(100.,-99.99999975144,6.5));
#2710 = DIRECTION('',(1.221245327088E-15,-2.949029909161E-17,-1.));
#2711 = DIRECTION('',(1.,-7.884318198315E-16,1.221245327088E-15));
#2712 = ORIENTED_EDGE('',*,*,#1353,.F.);
#2713 = ORIENTED_EDGE('',*,*,#1394,.F.);
#2714 = FACE_BOUND('',#2715,.F.);
#2715 = EDGE_LOOP('',(#2716));
#2716 = ORIENTED_EDGE('',*,*,#2717,.F.);
#2717 = EDGE_CURVE('',#2718,#2718,#2720,.T.);
#2718 = VERTEX_POINT('',#2719);
#2719 = CARTESIAN_POINT('',(103.6,-99.99999975144,6.5));
#2720 = CIRCLE('',#2721,3.6);
#2721 = AXIS2_PLACEMENT_3D('',#2722,#2723,#2724);
#2722 = CARTESIAN_POINT('',(100.,-99.99999975144,6.5));
#2723 = DIRECTION('',(-1.221245327088E-15,2.949029909161E-17,1.));
#2724 = DIRECTION('',(1.,-7.884318198315E-16,1.221245327088E-15));
#2725 = PLANE('',#2726);
#2726 = AXIS2_PLACEMENT_3D('',#2727,#2728,#2729);
#2727 = CARTESIAN_POINT('',(100.,-99.99999975144,6.5));
#2728 = DIRECTION('',(-6.106226635438E-16,-1.283695372223E-16,1.));
#2729 = DIRECTION('',(1.,-7.884318198315E-16,1.221245327088E-15));
#2730 = ADVANCED_FACE('',(#2731),#2745,.F.);
#2731 = FACE_BOUND('',#2732,.F.);
#2732 = EDGE_LOOP('',(#2733,#2734,#2735,#2742,#2743,#2744));
#2733 = ORIENTED_EDGE('',*,*,#2444,.F.);
#2734 = ORIENTED_EDGE('',*,*,#874,.F.);
#2735 = ORIENTED_EDGE('',*,*,#2736,.T.);
#2736 = EDGE_CURVE('',#867,#1014,#2737,.T.);
#2737 = CIRCLE('',#2738,9.802272248552);
#2738 = AXIS2_PLACEMENT_3D('',#2739,#2740,#2741);
#2739 = CARTESIAN_POINT('',(100.,-99.99999975144,1.));
#2740 = DIRECTION('',(1.720845688169E-15,1.165734175856E-15,-1.));
#2741 = DIRECTION('',(1.,-6.938893903907E-16,1.720845688169E-15));
#2742 = ORIENTED_EDGE('',*,*,#1013,.F.);
#2743 = ORIENTED_EDGE('',*,*,#2396,.T.);
#2744 = ORIENTED_EDGE('',*,*,#2429,.F.);
#2745 = PLANE('',#2746);
#2746 = AXIS2_PLACEMENT_3D('',#2747,#2748,#2749);
#2747 = CARTESIAN_POINT('',(92.6,-106.3,1.));
#2748 = DIRECTION('',(1.387778780781E-17,5.551115123126E-17,1.));
#2749 = DIRECTION('',(-0.544639035015,0.838670567945,-8.326672684689E-16
    ));
#2750 = ADVANCED_FACE('',(#2751),#2757,.F.);
#2751 = FACE_BOUND('',#2752,.F.);
#2752 = EDGE_LOOP('',(#2753,#2754,#2755,#2756));
#2753 = ORIENTED_EDGE('',*,*,#866,.F.);
#2754 = ORIENTED_EDGE('',*,*,#2667,.T.);
#2755 = ORIENTED_EDGE('',*,*,#1022,.T.);
#2756 = ORIENTED_EDGE('',*,*,#2736,.F.);
#2757 = CYLINDRICAL_SURFACE('',#2758,9.802272248552);
#2758 = AXIS2_PLACEMENT_3D('',#2759,#2760,#2761);
#2759 = CARTESIAN_POINT('',(100.,-99.99999975144,2.84217094304E-14));
#2760 = DIRECTION('',(6.106226635438E-16,1.283695372223E-16,-1.));
#2761 = DIRECTION('',(1.,-7.884318198315E-16,1.221245327088E-15));
#2762 = ADVANCED_FACE('',(#2763),#2775,.F.);
#2763 = FACE_BOUND('',#2764,.F.);
#2764 = EDGE_LOOP('',(#2765,#2766,#2767,#2768));
#2765 = ORIENTED_EDGE('',*,*,#1113,.F.);
#2766 = ORIENTED_EDGE('',*,*,#2679,.T.);
#2767 = ORIENTED_EDGE('',*,*,#956,.T.);
#2768 = ORIENTED_EDGE('',*,*,#2769,.F.);
#2769 = EDGE_CURVE('',#1114,#948,#2770,.T.);
#2770 = CIRCLE('',#2771,9.802272248552);
#2771 = AXIS2_PLACEMENT_3D('',#2772,#2773,#2774);
#2772 = CARTESIAN_POINT('',(100.,-99.99999975144,3.));
#2773 = DIRECTION('',(1.595945597899E-15,5.551115123126E-17,-1.));
#2774 = DIRECTION('',(1.,-9.436895709314E-16,1.595945597899E-15));
#2775 = CYLINDRICAL_SURFACE('',#2776,9.802272248552);
#2776 = AXIS2_PLACEMENT_3D('',#2777,#2778,#2779);
#2777 = CARTESIAN_POINT('',(100.,-99.99999975144,2.84217094304E-14));
#2778 = DIRECTION('',(6.106226635438E-16,1.283695372223E-16,-1.));
#2779 = DIRECTION('',(1.,-7.884318198315E-16,1.221245327088E-15));
#2780 = ADVANCED_FACE('',(#2781),#2789,.F.);
#2781 = FACE_BOUND('',#2782,.F.);
#2782 = EDGE_LOOP('',(#2783,#2784,#2785,#2786,#2787,#2788));
#2783 = ORIENTED_EDGE('',*,*,#2489,.F.);
#2784 = ORIENTED_EDGE('',*,*,#2505,.T.);
#2785 = ORIENTED_EDGE('',*,*,#2530,.T.);
#2786 = ORIENTED_EDGE('',*,*,#1121,.F.);
#2787 = ORIENTED_EDGE('',*,*,#2769,.T.);
#2788 = ORIENTED_EDGE('',*,*,#947,.F.);
#2789 = PLANE('',#2790);
#2790 = AXIS2_PLACEMENT_3D('',#2791,#2792,#2793);
#2791 = CARTESIAN_POINT('',(96.83,-110.27,3.));
#2792 = DIRECTION('',(-4.440892098501E-16,-5.551115123126E-17,1.));
#2793 = DIRECTION('',(0.980614658547,-0.195946144243,1.318389841742E-15)
  );
#2794 = ADVANCED_FACE('',(#2795),#2807,.F.);
#2795 = FACE_BOUND('',#2796,.F.);
#2796 = EDGE_LOOP('',(#2797,#2798,#2799,#2800));
#2797 = ORIENTED_EDGE('',*,*,#1196,.F.);
#2798 = ORIENTED_EDGE('',*,*,#2688,.T.);
#2799 = ORIENTED_EDGE('',*,*,#1154,.T.);
#2800 = ORIENTED_EDGE('',*,*,#2801,.F.);
#2801 = EDGE_CURVE('',#1197,#1146,#2802,.T.);
#2802 = CIRCLE('',#2803,9.802272248552);
#2803 = AXIS2_PLACEMENT_3D('',#2804,#2805,#2806);
#2804 = CARTESIAN_POINT('',(100.,-99.99999975144,3.));
#2805 = DIRECTION('',(1.443289932013E-15,2.775557561563E-16,-1.));
#2806 = DIRECTION('',(1.,-6.106226635438E-16,1.443289932013E-15));
#2807 = CYLINDRICAL_SURFACE('',#2808,9.802272248552);
#2808 = AXIS2_PLACEMENT_3D('',#2809,#2810,#2811);
#2809 = CARTESIAN_POINT('',(100.,-99.99999975144,2.84217094304E-14));
#2810 = DIRECTION('',(6.106226635438E-16,1.283695372223E-16,-1.));
#2811 = DIRECTION('',(1.,-7.884318198315E-16,1.221245327088E-15));
#2812 = ADVANCED_FACE('',(#2813),#2821,.F.);
#2813 = FACE_BOUND('',#2814,.F.);
#2814 = EDGE_LOOP('',(#2815,#2816,#2817,#2818,#2819,#2820));
#2815 = ORIENTED_EDGE('',*,*,#2547,.F.);
#2816 = ORIENTED_EDGE('',*,*,#1953,.T.);
#2817 = ORIENTED_EDGE('',*,*,#1978,.T.);
#2818 = ORIENTED_EDGE('',*,*,#1204,.F.);
#2819 = ORIENTED_EDGE('',*,*,#2801,.T.);
#2820 = ORIENTED_EDGE('',*,*,#1145,.F.);
#2821 = PLANE('',#2822);
#2822 = AXIS2_PLACEMENT_3D('',#2823,#2824,#2825);
#2823 = CARTESIAN_POINT('',(101.,-110.7,3.));
#2824 = DIRECTION('',(-4.996003610813E-16,-1.110223024625E-16,1.));
#2825 = DIRECTION('',(0.980614658547,0.195946144243,1.165734175856E-15)
  );
#2826 = ADVANCED_FACE('',(#2827),#2839,.F.);
#2827 = FACE_BOUND('',#2828,.F.);
#2828 = EDGE_LOOP('',(#2829,#2830,#2831,#2832));
#2829 = ORIENTED_EDGE('',*,*,#1279,.F.);
#2830 = ORIENTED_EDGE('',*,*,#2697,.T.);
#2831 = ORIENTED_EDGE('',*,*,#1237,.T.);
#2832 = ORIENTED_EDGE('',*,*,#2833,.F.);
#2833 = EDGE_CURVE('',#1280,#1229,#2834,.T.);
#2834 = CIRCLE('',#2835,9.802272248552);
#2835 = AXIS2_PLACEMENT_3D('',#2836,#2837,#2838);
#2836 = CARTESIAN_POINT('',(100.,-99.99999975144,1.));
#2837 = DIRECTION('',(1.665334536938E-15,2.775557561563E-16,-1.));
#2838 = DIRECTION('',(1.,-6.938893903907E-16,1.665334536938E-15));
#2839 = CYLINDRICAL_SURFACE('',#2840,9.802272248552);
#2840 = AXIS2_PLACEMENT_3D('',#2841,#2842,#2843);
#2841 = CARTESIAN_POINT('',(100.,-99.99999975144,2.84217094304E-14));
#2842 = DIRECTION('',(6.106226635438E-16,1.283695372223E-16,-1.));
#2843 = DIRECTION('',(1.,-7.884318198315E-16,1.221245327088E-15));
#2844 = ADVANCED_FACE('',(#2845),#2853,.F.);
#2845 = FACE_BOUND('',#2846,.F.);
#2846 = EDGE_LOOP('',(#2847,#2848,#2849,#2850,#2851,#2852));
#2847 = ORIENTED_EDGE('',*,*,#2002,.F.);
#2848 = ORIENTED_EDGE('',*,*,#2018,.T.);
#2849 = ORIENTED_EDGE('',*,*,#2043,.T.);
#2850 = ORIENTED_EDGE('',*,*,#1287,.F.);
#2851 = ORIENTED_EDGE('',*,*,#2833,.T.);
#2852 = ORIENTED_EDGE('',*,*,#1228,.F.);
#2853 = PLANE('',#2854);
#2854 = AXIS2_PLACEMENT_3D('',#2855,#2856,#2857);
#2855 = CARTESIAN_POINT('',(104.75,-109.1,1.));
#2856 = DIRECTION('',(-2.775557561563E-16,-1.665334536938E-16,1.));
#2857 = DIRECTION('',(0.843391445813,0.537299608347,1.360023205166E-15)
  );
#2858 = ADVANCED_FACE('',(#2859),#2871,.F.);
#2859 = FACE_BOUND('',#2860,.F.);
#2860 = EDGE_LOOP('',(#2861,#2862,#2863,#2864));
#2861 = ORIENTED_EDGE('',*,*,#1362,.F.);
#2862 = ORIENTED_EDGE('',*,*,#2706,.T.);
#2863 = ORIENTED_EDGE('',*,*,#1320,.T.);
#2864 = ORIENTED_EDGE('',*,*,#2865,.F.);
#2865 = EDGE_CURVE('',#1363,#1312,#2866,.T.);
#2866 = CIRCLE('',#2867,9.802272248552);
#2867 = AXIS2_PLACEMENT_3D('',#2868,#2869,#2870);
#2868 = CARTESIAN_POINT('',(100.,-99.99999975144,1.));
#2869 = DIRECTION('',(1.998401444325E-15,8.014422459013E-16,-1.));
#2870 = DIRECTION('',(1.,-4.406197628981E-16,1.998401444325E-15));
#2871 = CYLINDRICAL_SURFACE('',#2872,9.802272248552);
#2872 = AXIS2_PLACEMENT_3D('',#2873,#2874,#2875);
#2873 = CARTESIAN_POINT('',(100.,-99.99999975144,2.84217094304E-14));
#2874 = DIRECTION('',(6.106226635438E-16,1.283695372223E-16,-1.));
#2875 = DIRECTION('',(1.,-7.884318198315E-16,1.221245327088E-15));
#2876 = ADVANCED_FACE('',(#2877),#2885,.F.);
#2877 = FACE_BOUND('',#2878,.F.);
#2878 = EDGE_LOOP('',(#2879,#2880,#2881,#2882,#2883,#2884));
#2879 = ORIENTED_EDGE('',*,*,#2067,.F.);
#2880 = ORIENTED_EDGE('',*,*,#2083,.T.);
#2881 = ORIENTED_EDGE('',*,*,#2108,.T.);
#2882 = ORIENTED_EDGE('',*,*,#1370,.F.);
#2883 = ORIENTED_EDGE('',*,*,#2865,.T.);
#2884 = ORIENTED_EDGE('',*,*,#1311,.F.);
#2885 = PLANE('',#2886);
#2886 = AXIS2_PLACEMENT_3D('',#2887,#2888,#2889);
#2887 = CARTESIAN_POINT('',(107.85,-106.65,1.));
#2888 = DIRECTION('',(5.551115123126E-17,-9.020562075079E-17,1.));
#2889 = DIRECTION('',(0.573576436351,0.819152044289,1.165734175856E-15)
  );
#2890 = ADVANCED_FACE('',(#2891),#2905,.F.);
#2891 = FACE_BOUND('',#2892,.F.);
#2892 = EDGE_LOOP('',(#2893,#2894,#2895,#2896,#2897,#2904));
#2893 = ORIENTED_EDGE('',*,*,#2305,.F.);
#2894 = ORIENTED_EDGE('',*,*,#2321,.T.);
#2895 = ORIENTED_EDGE('',*,*,#2346,.T.);
#2896 = ORIENTED_EDGE('',*,*,#1436,.F.);
#2897 = ORIENTED_EDGE('',*,*,#2898,.T.);
#2898 = EDGE_CURVE('',#1429,#1510,#2899,.T.);
#2899 = CIRCLE('',#2900,9.802272248552);
#2900 = AXIS2_PLACEMENT_3D('',#2901,#2902,#2903);
#2901 = CARTESIAN_POINT('',(100.,-99.99999975144,1.));
#2902 = DIRECTION('',(1.609823385706E-15,1.075528555106E-15,-1.));
#2903 = DIRECTION('',(1.,-1.5092094241E-16,1.609823385706E-15));
#2904 = ORIENTED_EDGE('',*,*,#1509,.F.);
#2905 = PLANE('',#2906);
#2906 = AXIS2_PLACEMENT_3D('',#2907,#2908,#2909);
#2907 = CARTESIAN_POINT('',(92.1,-93.4,1.));
#2908 = DIRECTION('',(5.551115123126E-17,-1.422473250301E-16,1.));
#2909 = DIRECTION('',(-0.544639035015,-0.838670567945,
    -9.992007221626E-16));
#2910 = ADVANCED_FACE('',(#2911),#2917,.F.);
#2911 = FACE_BOUND('',#2912,.F.);
#2912 = EDGE_LOOP('',(#2913,#2914,#2915,#2916));
#2913 = ORIENTED_EDGE('',*,*,#1428,.F.);
#2914 = ORIENTED_EDGE('',*,*,#2652,.T.);
#2915 = ORIENTED_EDGE('',*,*,#1518,.T.);
#2916 = ORIENTED_EDGE('',*,*,#2898,.F.);
#2917 = CYLINDRICAL_SURFACE('',#2918,9.802272248552);
#2918 = AXIS2_PLACEMENT_3D('',#2919,#2920,#2921);
#2919 = CARTESIAN_POINT('',(100.,-99.99999975144,2.84217094304E-14));
#2920 = DIRECTION('',(6.106226635438E-16,1.283695372223E-16,-1.));
#2921 = DIRECTION('',(1.,-7.884318198315E-16,1.221245327088E-15));
#2922 = ADVANCED_FACE('',(#2923,#2926),#2937,.T.);
#2923 = FACE_BOUND('',#2924,.T.);
#2924 = EDGE_LOOP('',(#2925));
#2925 = ORIENTED_EDGE('',*,*,#1643,.T.);
#2926 = FACE_BOUND('',#2927,.T.);
#2927 = EDGE_LOOP('',(#2928));
#2928 = ORIENTED_EDGE('',*,*,#2929,.F.);
#2929 = EDGE_CURVE('',#2930,#2930,#2932,.T.);
#2930 = VERTEX_POINT('',#2931);
#2931 = CARTESIAN_POINT('',(103.6,-99.99999975144,7.5));
#2932 = CIRCLE('',#2933,3.6);
#2933 = AXIS2_PLACEMENT_3D('',#2934,#2935,#2936);
#2934 = CARTESIAN_POINT('',(100.,-99.99999975144,7.5));
#2935 = DIRECTION('',(-1.221245327088E-15,2.949029909161E-17,1.));
#2936 = DIRECTION('',(1.,-7.884318198315E-16,1.221245327088E-15));
#2937 = PLANE('',#2938);
#2938 = AXIS2_PLACEMENT_3D('',#2939,#2940,#2941);
#2939 = CARTESIAN_POINT('',(100.,-99.99999975144,7.5));
#2940 = DIRECTION('',(-6.106226635438E-16,-1.283695372223E-16,1.));
#2941 = DIRECTION('',(1.,-7.884318198315E-16,1.221245327088E-15));
#2942 = ADVANCED_FACE('',(#2943),#2955,.F.);
#2943 = FACE_BOUND('',#2944,.F.);
#2944 = EDGE_LOOP('',(#2945,#2946,#2947,#2954));
#2945 = ORIENTED_EDGE('',*,*,#2631,.T.);
#2946 = ORIENTED_EDGE('',*,*,#1751,.T.);
#2947 = ORIENTED_EDGE('',*,*,#2948,.F.);
#2948 = EDGE_CURVE('',#1843,#1743,#2949,.T.);
#2949 = CIRCLE('',#2950,9.802272248552);
#2950 = AXIS2_PLACEMENT_3D('',#2951,#2952,#2953);
#2951 = CARTESIAN_POINT('',(100.,-99.99999975144,1.));
#2952 = DIRECTION('',(2.206568261442E-15,9.436895709314E-16,-1.));
#2953 = DIRECTION('',(1.,-6.661338147751E-16,2.206568261442E-15));
#2954 = ORIENTED_EDGE('',*,*,#1842,.F.);
#2955 = CYLINDRICAL_SURFACE('',#2956,9.802272248552);
#2956 = AXIS2_PLACEMENT_3D('',#2957,#2958,#2959);
#2957 = CARTESIAN_POINT('',(100.,-99.99999975144,2.84217094304E-14));
#2958 = DIRECTION('',(6.106226635438E-16,1.283695372223E-16,-1.));
#2959 = DIRECTION('',(1.,-7.884318198315E-16,1.221245327088E-15));
#2960 = ADVANCED_FACE('',(#2961),#2969,.F.);
#2961 = FACE_BOUND('',#2962,.F.);
#2962 = EDGE_LOOP('',(#2963,#2964,#2965,#2966,#2967,#2968));
#2963 = ORIENTED_EDGE('',*,*,#2206,.F.);
#2964 = ORIENTED_EDGE('',*,*,#1850,.F.);
#2965 = ORIENTED_EDGE('',*,*,#2948,.T.);
#2966 = ORIENTED_EDGE('',*,*,#1742,.F.);
#2967 = ORIENTED_EDGE('',*,*,#2158,.T.);
#2968 = ORIENTED_EDGE('',*,*,#2191,.F.);
#2969 = PLANE('',#2970);
#2970 = AXIS2_PLACEMENT_3D('',#2971,#2972,#2973);
#2971 = CARTESIAN_POINT('',(107.4,-93.75,1.));
#2972 = DIRECTION('',(5.551115123126E-17,5.551115123126E-17,1.));
#2973 = DIRECTION('',(0.573576436351,-0.819152044289,9.159339953158E-16)
  );
#2974 = ADVANCED_FACE('',(#2975),#3001,.T.);
#2975 = FACE_BOUND('',#2976,.T.);
#2976 = EDGE_LOOP('',(#2977,#2985,#2986,#2994));
#2977 = ORIENTED_EDGE('',*,*,#2978,.F.);
#2978 = EDGE_CURVE('',#825,#2979,#2981,.T.);
#2979 = VERTEX_POINT('',#2980);
#2980 = CARTESIAN_POINT('',(93.392475010135,-108.4127004458,-1.7));
#2981 = LINE('',#2982,#2983);
#2982 = CARTESIAN_POINT('',(93.225739226331,-108.6694510375,-1.7));
#2983 = VECTOR('',#2984,1.);
#2984 = DIRECTION('',(0.544639035015,0.838670567945,9.992007221626E-16)
  );
#2985 = ORIENTED_EDGE('',*,*,#1891,.T.);
#2986 = ORIENTED_EDGE('',*,*,#2987,.T.);
#2987 = EDGE_CURVE('',#1892,#2988,#2990,.T.);
#2988 = VERTEX_POINT('',#2989);
#2989 = CARTESIAN_POINT('',(94.721175364615,-109.303367692,-1.7));
#2990 = LINE('',#2991,#2992);
#2991 = CARTESIAN_POINT('',(94.554439580811,-109.5601182837,-1.7));
#2992 = VECTOR('',#2993,1.);
#2993 = DIRECTION('',(0.544639035015,0.838670567945,9.992007221626E-16)
  );
#2994 = ORIENTED_EDGE('',*,*,#2995,.F.);
#2995 = EDGE_CURVE('',#2979,#2988,#2996,.T.);
#2996 = CIRCLE('',#2997,0.799886937145);
#2997 = AXIS2_PLACEMENT_3D('',#2998,#2999,#3000);
#2998 = CARTESIAN_POINT('',(94.063316642002,-108.8483500953,-1.7));
#2999 = DIRECTION('',(1.801204072826E-15,2.169466149015E-17,-1.));
#3000 = DIRECTION('',(0.838670567945,-0.544639035015,1.498801083244E-15)
  );
#3001 = PLANE('',#3002);
#3002 = AXIS2_PLACEMENT_3D('',#3003,#3004,#3005);
#3003 = CARTESIAN_POINT('',(94.121063801435,-108.7655012096,-1.7));
#3004 = DIRECTION('',(-2.22044604925E-16,3.903127820948E-17,1.));
#3005 = DIRECTION('',(1.,-5.074066167232E-16,1.7763568394E-15));
#3006 = ADVANCED_FACE('',(#3007),#3016,.F.);
#3007 = FACE_BOUND('',#3008,.F.);
#3008 = EDGE_LOOP('',(#3009,#3010));
#3009 = ORIENTED_EDGE('',*,*,#1900,.F.);
#3010 = ORIENTED_EDGE('',*,*,#3011,.F.);
#3011 = EDGE_CURVE('',#817,#1892,#3012,.T.);
#3012 = LINE('',#3013,#3014);
#3013 = CARTESIAN_POINT('',(94.554439580811,-109.5601182837,-1.7));
#3014 = VECTOR('',#3015,1.);
#3015 = DIRECTION('',(0.544639035015,0.838670567945,9.992007221626E-16)
  );
#3016 = PLANE('',#3017);
#3017 = AXIS2_PLACEMENT_3D('',#3018,#3019,#3020);
#3018 = CARTESIAN_POINT('',(94.044649500592,-108.8842113948,-1.7));
#3019 = DIRECTION('',(-2.22044604925E-16,3.903127820948E-17,1.));
#3020 = DIRECTION('',(1.,-6.192962809237E-16,1.665334536938E-15));
#3021 = ADVANCED_FACE('',(#3022),#3048,.T.);
#3022 = FACE_BOUND('',#3023,.T.);
#3023 = EDGE_LOOP('',(#3024,#3025,#3033,#3042));
#3024 = ORIENTED_EDGE('',*,*,#1918,.T.);
#3025 = ORIENTED_EDGE('',*,*,#3026,.T.);
#3026 = EDGE_CURVE('',#1919,#3027,#3029,.T.);
#3027 = VERTEX_POINT('',#3028);
#3028 = CARTESIAN_POINT('',(105.46565049535,-90.81587569345,-1.7));
#3029 = LINE('',#3030,#3031);
#3030 = CARTESIAN_POINT('',(105.63724560268,-90.5516423997,-1.7));
#3031 = VECTOR('',#3032,1.);
#3032 = DIRECTION('',(-0.544639035015,-0.838670567945,
    -1.054711873394E-15));
#3033 = ORIENTED_EDGE('',*,*,#3034,.F.);
#3034 = EDGE_CURVE('',#3035,#3027,#3037,.T.);
#3035 = VERTEX_POINT('',#3036);
#3036 = CARTESIAN_POINT('',(106.80682271222,-91.68684311487,-1.7));
#3037 = CIRCLE('',#3038,0.799582260386);
#3038 = AXIS2_PLACEMENT_3D('',#3039,#3040,#3041);
#3039 = CARTESIAN_POINT('',(106.13623660378,-91.25135940416,-1.7));
#3040 = DIRECTION('',(1.691770906474E-15,1.589508497381E-16,-1.));
#3041 = DIRECTION('',(0.838670567945,-0.544639035015,1.33226762955E-15)
  );
#3042 = ORIENTED_EDGE('',*,*,#3043,.F.);
#3043 = EDGE_CURVE('',#766,#3035,#3044,.T.);
#3044 = LINE('',#3045,#3046);
#3045 = CARTESIAN_POINT('',(106.94812440597,-91.46925758734,-1.7));
#3046 = VECTOR('',#3047,1.);
#3047 = DIRECTION('',(-0.544639035015,-0.838670567945,
    -1.054711873394E-15));
#3048 = PLANE('',#3049);
#3049 = AXIS2_PLACEMENT_3D('',#3050,#3051,#3052);
#3050 = CARTESIAN_POINT('',(106.06439246711,-91.34452534252,-1.7));
#3051 = DIRECTION('',(-5.551115123126E-17,4.076600168545E-17,1.));
#3052 = DIRECTION('',(1.,-4.51895465492E-16,1.831867990632E-15));
#3053 = ADVANCED_FACE('',(#3054),#3063,.F.);
#3054 = FACE_BOUND('',#3055,.F.);
#3055 = EDGE_LOOP('',(#3056,#3057));
#3056 = ORIENTED_EDGE('',*,*,#1927,.F.);
#3057 = ORIENTED_EDGE('',*,*,#3058,.F.);
#3058 = EDGE_CURVE('',#758,#1919,#3059,.T.);
#3059 = LINE('',#3060,#3061);
#3060 = CARTESIAN_POINT('',(105.63724560268,-90.5516423997,-1.7));
#3061 = VECTOR('',#3062,1.);
#3062 = DIRECTION('',(-0.544639035015,-0.838670567945,
    -1.054711873394E-15));
#3063 = PLANE('',#3064);
#3064 = AXIS2_PLACEMENT_3D('',#3065,#3066,#3067);
#3065 = CARTESIAN_POINT('',(106.14077419115,-91.22746543493,-1.7));
#3066 = DIRECTION('',(-5.551115123126E-17,-6.808789643209E-16,1.));
#3067 = DIRECTION('',(4.675079767757E-16,1.,5.915407053081E-16));
#3068 = ADVANCED_FACE('',(#3069),#3088,.T.);
#3069 = FACE_BOUND('',#3070,.T.);
#3070 = EDGE_LOOP('',(#3071,#3072,#3080,#3086,#3087));
#3071 = ORIENTED_EDGE('',*,*,#2561,.T.);
#3072 = ORIENTED_EDGE('',*,*,#3073,.T.);
#3073 = EDGE_CURVE('',#2562,#3074,#3076,.T.);
#3074 = VERTEX_POINT('',#3075);
#3075 = CARTESIAN_POINT('',(105.46565049535,-90.81587569345,-2.7));
#3076 = LINE('',#3077,#3078);
#3077 = CARTESIAN_POINT('',(105.63724560268,-90.5516423997,-2.7));
#3078 = VECTOR('',#3079,1.);
#3079 = DIRECTION('',(-0.544639035015,-0.838670567945,
    -1.054711873394E-15));
#3080 = ORIENTED_EDGE('',*,*,#3081,.F.);
#3081 = EDGE_CURVE('',#3027,#3074,#3082,.T.);
#3082 = LINE('',#3083,#3084);
#3083 = CARTESIAN_POINT('',(105.46565049535,-90.81587569345,-1.7));
#3084 = VECTOR('',#3085,1.);
#3085 = DIRECTION('',(-1.110223024625E-16,-1.52655665886E-16,-1.));
#3086 = ORIENTED_EDGE('',*,*,#3026,.F.);
#3087 = ORIENTED_EDGE('',*,*,#3058,.F.);
#3088 = PLANE('',#3089);
#3089 = AXIS2_PLACEMENT_3D('',#3090,#3091,#3092);
#3090 = CARTESIAN_POINT('',(105.63724560268,-90.5516423997,-1.7));
#3091 = DIRECTION('',(-0.838670567945,0.544639035015,-1.276756478319E-15
    ));
#3092 = DIRECTION('',(-0.544639035015,-0.838670567945,
    -7.216449660064E-16));
#3093 = ADVANCED_FACE('',(#3094),#3112,.F.);
#3094 = FACE_BOUND('',#3095,.F.);
#3095 = EDGE_LOOP('',(#3096,#3097,#3105,#3111));
#3096 = ORIENTED_EDGE('',*,*,#2578,.T.);
#3097 = ORIENTED_EDGE('',*,*,#3098,.T.);
#3098 = EDGE_CURVE('',#2570,#3099,#3101,.T.);
#3099 = VERTEX_POINT('',#3100);
#3100 = CARTESIAN_POINT('',(106.80682271222,-91.68684311487,-2.7));
#3101 = LINE('',#3102,#3103);
#3102 = CARTESIAN_POINT('',(106.94812440597,-91.46925758734,-2.7));
#3103 = VECTOR('',#3104,1.);
#3104 = DIRECTION('',(-0.544639035015,-0.838670567945,
    -1.054711873394E-15));
#3105 = ORIENTED_EDGE('',*,*,#3106,.F.);
#3106 = EDGE_CURVE('',#3035,#3099,#3107,.T.);
#3107 = LINE('',#3108,#3109);
#3108 = CARTESIAN_POINT('',(106.80682271222,-91.68684311487,-1.7));
#3109 = VECTOR('',#3110,1.);
#3110 = DIRECTION('',(-1.110223024625E-16,-1.52655665886E-16,-1.));
#3111 = ORIENTED_EDGE('',*,*,#3043,.F.);
#3112 = PLANE('',#3113);
#3113 = AXIS2_PLACEMENT_3D('',#3114,#3115,#3116);
#3114 = CARTESIAN_POINT('',(106.94812440597,-91.46925758734,-1.7));
#3115 = DIRECTION('',(-0.838670567945,0.544639035015,-1.276756478319E-15
    ));
#3116 = DIRECTION('',(-0.544639035015,-0.838670567945,
    -7.216449660064E-16));
#3117 = ADVANCED_FACE('',(#3118),#3147,.F.);
#3118 = FACE_BOUND('',#3119,.F.);
#3119 = EDGE_LOOP('',(#3120,#3121,#3122,#3131,#3139,#3146));
#3120 = ORIENTED_EDGE('',*,*,#2569,.F.);
#3121 = ORIENTED_EDGE('',*,*,#3073,.T.);
#3122 = ORIENTED_EDGE('',*,*,#3123,.F.);
#3123 = EDGE_CURVE('',#3124,#3074,#3126,.T.);
#3124 = VERTEX_POINT('',#3125);
#3125 = CARTESIAN_POINT('',(105.40729223064,-90.92276863743,-2.7));
#3126 = CIRCLE('',#3127,0.799582260386);
#3127 = AXIS2_PLACEMENT_3D('',#3128,#3129,#3130);
#3128 = CARTESIAN_POINT('',(106.13623660378,-91.25135940416,-2.7));
#3129 = DIRECTION('',(1.691770906474E-15,1.589508497381E-16,-1.));
#3130 = DIRECTION('',(0.838670567945,-0.544639035015,1.33226762955E-15)
  );
#3131 = ORIENTED_EDGE('',*,*,#3132,.F.);
#3132 = EDGE_CURVE('',#3133,#3124,#3135,.T.);
#3133 = VERTEX_POINT('',#3134);
#3134 = CARTESIAN_POINT('',(106.72624160686,-91.79101289249,-2.7));
#3135 = LINE('',#3136,#3137);
#3136 = CARTESIAN_POINT('',(105.65039770129,-91.08280126042,-2.7));
#3137 = VECTOR('',#3138,1.);
#3138 = DIRECTION('',(-0.835267474778,0.549843837447,-1.205529465797E-15
    ));
#3139 = ORIENTED_EDGE('',*,*,#3140,.F.);
#3140 = EDGE_CURVE('',#3099,#3133,#3141,.T.);
#3141 = CIRCLE('',#3142,0.799582260386);
#3142 = AXIS2_PLACEMENT_3D('',#3143,#3144,#3145);
#3143 = CARTESIAN_POINT('',(106.13623660378,-91.25135940416,-2.7));
#3144 = DIRECTION('',(1.691770906474E-15,1.589508497381E-16,-1.));
#3145 = DIRECTION('',(0.838670567945,-0.544639035015,1.33226762955E-15)
  );
#3146 = ORIENTED_EDGE('',*,*,#3098,.F.);
#3147 = PLANE('',#3148);
#3148 = AXIS2_PLACEMENT_3D('',#3149,#3150,#3151);
#3149 = CARTESIAN_POINT('',(106.06439246711,-91.34452534252,-2.7));
#3150 = DIRECTION('',(-5.551115123126E-17,4.076600168545E-17,1.));
#3151 = DIRECTION('',(1.,-4.51895465492E-16,1.831867990632E-15));
#3152 = ADVANCED_FACE('',(#3153),#3172,.T.);
#3153 = FACE_BOUND('',#3154,.T.);
#3154 = EDGE_LOOP('',(#3155,#3156,#3164,#3170,#3171));
#3155 = ORIENTED_EDGE('',*,*,#2593,.T.);
#3156 = ORIENTED_EDGE('',*,*,#3157,.T.);
#3157 = EDGE_CURVE('',#2594,#3158,#3160,.T.);
#3158 = VERTEX_POINT('',#3159);
#3159 = CARTESIAN_POINT('',(94.721175364615,-109.303367692,-2.7));
#3160 = LINE('',#3161,#3162);
#3161 = CARTESIAN_POINT('',(94.554439580811,-109.5601182837,-2.7));
#3162 = VECTOR('',#3163,1.);
#3163 = DIRECTION('',(0.544639035015,0.838670567945,9.992007221626E-16)
  );
#3164 = ORIENTED_EDGE('',*,*,#3165,.F.);
#3165 = EDGE_CURVE('',#2988,#3158,#3166,.T.);
#3166 = LINE('',#3167,#3168);
#3167 = CARTESIAN_POINT('',(94.721175364615,-109.303367692,-1.7));
#3168 = VECTOR('',#3169,1.);
#3169 = DIRECTION('',(1.665334536938E-16,-9.71445146547E-17,-1.));
#3170 = ORIENTED_EDGE('',*,*,#2987,.F.);
#3171 = ORIENTED_EDGE('',*,*,#3011,.F.);
#3172 = PLANE('',#3173);
#3173 = AXIS2_PLACEMENT_3D('',#3174,#3175,#3176);
#3174 = CARTESIAN_POINT('',(94.554439580811,-109.5601182837,-1.7));
#3175 = DIRECTION('',(0.838670567945,-0.544639035015,1.33226762955E-15)
  );
#3176 = DIRECTION('',(0.544639035015,0.838670567945,7.771561172376E-16)
  );
#3177 = ADVANCED_FACE('',(#3178),#3196,.F.);
#3178 = FACE_BOUND('',#3179,.F.);
#3179 = EDGE_LOOP('',(#3180,#3181,#3189,#3195));
#3180 = ORIENTED_EDGE('',*,*,#2610,.T.);
#3181 = ORIENTED_EDGE('',*,*,#3182,.T.);
#3182 = EDGE_CURVE('',#2602,#3183,#3185,.T.);
#3183 = VERTEX_POINT('',#3184);
#3184 = CARTESIAN_POINT('',(93.392475010135,-108.4127004458,-2.7));
#3185 = LINE('',#3186,#3187);
#3186 = CARTESIAN_POINT('',(93.225739226331,-108.6694510375,-2.7));
#3187 = VECTOR('',#3188,1.);
#3188 = DIRECTION('',(0.544639035015,0.838670567945,9.992007221626E-16)
  );
#3189 = ORIENTED_EDGE('',*,*,#3190,.F.);
#3190 = EDGE_CURVE('',#2979,#3183,#3191,.T.);
#3191 = LINE('',#3192,#3193);
#3192 = CARTESIAN_POINT('',(93.392475010135,-108.4127004458,-1.7));
#3193 = VECTOR('',#3194,1.);
#3194 = DIRECTION('',(1.665334536938E-16,-9.71445146547E-17,-1.));
#3195 = ORIENTED_EDGE('',*,*,#2978,.F.);
#3196 = PLANE('',#3197);
#3197 = AXIS2_PLACEMENT_3D('',#3198,#3199,#3200);
#3198 = CARTESIAN_POINT('',(93.225739226331,-108.6694510375,-1.7));
#3199 = DIRECTION('',(0.838670567945,-0.544639035015,1.33226762955E-15)
  );
#3200 = DIRECTION('',(0.544639035015,0.838670567945,7.771561172376E-16)
  );
#3201 = ADVANCED_FACE('',(#3202),#3231,.F.);
#3202 = FACE_BOUND('',#3203,.F.);
#3203 = EDGE_LOOP('',(#3204,#3205,#3206,#3215,#3223,#3230));
#3204 = ORIENTED_EDGE('',*,*,#2601,.F.);
#3205 = ORIENTED_EDGE('',*,*,#3157,.T.);
#3206 = ORIENTED_EDGE('',*,*,#3207,.F.);
#3207 = EDGE_CURVE('',#3208,#3158,#3210,.T.);
#3208 = VERTEX_POINT('',#3209);
#3209 = CARTESIAN_POINT('',(94.777716341427,-109.2081447335,-2.7));
#3210 = CIRCLE('',#3211,0.799886937145);
#3211 = AXIS2_PLACEMENT_3D('',#3212,#3213,#3214);
#3212 = CARTESIAN_POINT('',(94.063316642002,-108.8483500953,-2.7));
#3213 = DIRECTION('',(1.801204072826E-15,2.169466149015E-17,-1.));
#3214 = DIRECTION('',(0.838670567945,-0.544639035015,1.498801083244E-15)
  );
#3215 = ORIENTED_EDGE('',*,*,#3216,.T.);
#3216 = EDGE_CURVE('',#3208,#3217,#3219,.T.);
#3217 = VERTEX_POINT('',#3218);
#3218 = CARTESIAN_POINT('',(93.459587872898,-108.3236304697,-2.7));
#3219 = LINE('',#3220,#3221);
#3220 = CARTESIAN_POINT('',(93.703739105926,-108.4874652197,-2.7));
#3221 = VECTOR('',#3222,1.);
#3222 = DIRECTION('',(-0.830371201672,0.557210613174,-8.326672684689E-16
    ));
#3223 = ORIENTED_EDGE('',*,*,#3224,.F.);
#3224 = EDGE_CURVE('',#3183,#3217,#3225,.T.);
#3225 = CIRCLE('',#3226,0.799886937145);
#3226 = AXIS2_PLACEMENT_3D('',#3227,#3228,#3229);
#3227 = CARTESIAN_POINT('',(94.063316642002,-108.8483500953,-2.7));
#3228 = DIRECTION('',(1.801204072826E-15,2.169466149015E-17,-1.));
#3229 = DIRECTION('',(0.838670567945,-0.544639035015,1.498801083244E-15)
  );
#3230 = ORIENTED_EDGE('',*,*,#3182,.F.);
#3231 = PLANE('',#3232);
#3232 = AXIS2_PLACEMENT_3D('',#3233,#3234,#3235);
#3233 = CARTESIAN_POINT('',(94.121063801435,-108.7655012096,-2.7));
#3234 = DIRECTION('',(-2.22044604925E-16,3.903127820948E-17,1.));
#3235 = DIRECTION('',(1.,-5.074066167232E-16,1.7763568394E-15));
#3236 = ADVANCED_FACE('',(#3237),#3248,.F.);
#3237 = FACE_BOUND('',#3238,.F.);
#3238 = EDGE_LOOP('',(#3239,#3240,#3246,#3247));
#3239 = ORIENTED_EDGE('',*,*,#2929,.F.);
#3240 = ORIENTED_EDGE('',*,*,#3241,.T.);
#3241 = EDGE_CURVE('',#2930,#2718,#3242,.T.);
#3242 = LINE('',#3243,#3244);
#3243 = CARTESIAN_POINT('',(103.6,-99.99999975144,8.5));
#3244 = VECTOR('',#3245,1.);
#3245 = DIRECTION('',(6.106226635438E-16,1.283695372223E-16,-1.));
#3246 = ORIENTED_EDGE('',*,*,#2717,.T.);
#3247 = ORIENTED_EDGE('',*,*,#3241,.F.);
#3248 = CYLINDRICAL_SURFACE('',#3249,3.6);
#3249 = AXIS2_PLACEMENT_3D('',#3250,#3251,#3252);
#3250 = CARTESIAN_POINT('',(100.,-99.99999975144,8.5));
#3251 = DIRECTION('',(-6.106226635438E-16,-1.283695372223E-16,1.));
#3252 = DIRECTION('',(1.,-7.884318198315E-16,1.221245327088E-15));
#3253 = ADVANCED_FACE('',(#3254),#3268,.T.);
#3254 = FACE_BOUND('',#3255,.F.);
#3255 = EDGE_LOOP('',(#3256,#3257,#3258,#3259,#3266,#3267));
#3256 = ORIENTED_EDGE('',*,*,#2995,.F.);
#3257 = ORIENTED_EDGE('',*,*,#3190,.T.);
#3258 = ORIENTED_EDGE('',*,*,#3224,.T.);
#3259 = ORIENTED_EDGE('',*,*,#3260,.T.);
#3260 = EDGE_CURVE('',#3217,#3208,#3261,.T.);
#3261 = ELLIPSE('',#3262,1.205635460564,0.799886937145);
#3262 = AXIS2_PLACEMENT_3D('',#3263,#3264,#3265);
#3263 = CARTESIAN_POINT('',(94.063316642002,-108.8483500953,
    -2.811994788282));
#3264 = DIRECTION('',(0.416913155217,0.621295914875,-0.663456710846));
#3265 = DIRECTION('',(0.369685120665,0.550915346242,0.748214670288));
#3266 = ORIENTED_EDGE('',*,*,#3207,.T.);
#3267 = ORIENTED_EDGE('',*,*,#3165,.F.);
#3268 = CYLINDRICAL_SURFACE('',#3269,0.799886937145);
#3269 = AXIS2_PLACEMENT_3D('',#3270,#3271,#3272);
#3270 = CARTESIAN_POINT('',(94.063316642002,-108.8483500953,-1.7));
#3271 = DIRECTION('',(-2.775557561563E-16,1.370431546022E-16,1.));
#3272 = DIRECTION('',(0.838670567945,-0.544639035015,1.498801083244E-15)
  );
#3273 = ADVANCED_FACE('',(#3274),#3288,.T.);
#3274 = FACE_BOUND('',#3275,.F.);
#3275 = EDGE_LOOP('',(#3276,#3277,#3278,#3279,#3286,#3287));
#3276 = ORIENTED_EDGE('',*,*,#3034,.F.);
#3277 = ORIENTED_EDGE('',*,*,#3106,.T.);
#3278 = ORIENTED_EDGE('',*,*,#3140,.T.);
#3279 = ORIENTED_EDGE('',*,*,#3280,.F.);
#3280 = EDGE_CURVE('',#3124,#3133,#3281,.T.);
#3281 = ELLIPSE('',#3282,1.255274477858,0.799582260386);
#3282 = AXIS2_PLACEMENT_3D('',#3283,#3284,#3285);
#3283 = CARTESIAN_POINT('',(106.13623660378,-91.25135940416,
    -2.85290419403));
#3284 = DIRECTION('',(0.423864693938,0.643892626308,0.636978027109));
#3285 = DIRECTION('',(-0.350238442795,-0.532047028192,0.770881957877));
#3286 = ORIENTED_EDGE('',*,*,#3123,.T.);
#3287 = ORIENTED_EDGE('',*,*,#3081,.F.);
#3288 = CYLINDRICAL_SURFACE('',#3289,0.799582260386);
#3289 = AXIS2_PLACEMENT_3D('',#3290,#3291,#3292);
#3290 = CARTESIAN_POINT('',(106.13623660378,-91.25135940416,-1.7));
#3291 = DIRECTION('',(0.,1.925543058334E-16,1.));
#3292 = DIRECTION('',(0.838670567945,-0.544639035015,1.498801083244E-15)
  );
#3293 = ADVANCED_FACE('',(#3294),#3298,.F.);
#3294 = FACE_BOUND('',#3295,.F.);
#3295 = EDGE_LOOP('',(#3296,#3297));
#3296 = ORIENTED_EDGE('',*,*,#3280,.T.);
#3297 = ORIENTED_EDGE('',*,*,#3132,.T.);
#3298 = PLANE('',#3299);
#3299 = AXIS2_PLACEMENT_3D('',#3300,#3301,#3302);
#3300 = CARTESIAN_POINT('',(105.45346010678,-90.4913457473,
    -3.166827642101));
#3301 = DIRECTION('',(0.423864693938,0.643892626308,0.636978027109));
#3302 = DIRECTION('',(-0.36048031819,-0.525247329682,0.770823704137));
#3303 = ADVANCED_FACE('',(#3304),#3308,.T.);
#3304 = FACE_BOUND('',#3305,.T.);
#3305 = EDGE_LOOP('',(#3306,#3307));
#3306 = ORIENTED_EDGE('',*,*,#3260,.T.);
#3307 = ORIENTED_EDGE('',*,*,#3216,.T.);
#3308 = PLANE('',#3309);
#3309 = AXIS2_PLACEMENT_3D('',#3310,#3311,#3312);
#3310 = CARTESIAN_POINT('',(93.071665827133,-108.5294537142,
    -3.136512194918));
#3311 = DIRECTION('',(0.416913155217,0.621295914875,-0.663456710846));
#3312 = DIRECTION('',(0.370722812732,0.550218391225,0.748214085726));
#3313 = ( GEOMETRIC_REPRESENTATION_CONTEXT(3) 
GLOBAL_UNCERTAINTY_ASSIGNED_CONTEXT((#3317)) 
GLOBAL_UNIT_ASSIGNED_CONTEXT((#3314,#3315,#3316)) REPRESENTATION_CONTEXT
('Context #1','3D Context with UNIT and UNCERTAINTY') );
#3314 = ( LENGTH_UNIT() NAMED_UNIT(*) SI_UNIT(.MILLI.,.METRE.) );
#3315 = ( NAMED_UNIT(*) PLANE_ANGLE_UNIT() SI_UNIT($,.RADIAN.) );
#3316 = ( NAMED_UNIT(*) SI_UNIT($,.STERADIAN.) SOLID_ANGLE_UNIT() );
#3317 = UNCERTAINTY_MEASURE_WITH_UNIT(LENGTH_MEASURE(1.E-04),#3314,
  'distance_accuracy_value','confusion accuracy');
#3318 = PRODUCT_RELATED_PRODUCT_CATEGORY('part',$,(#7));
#3319 = MECHANICAL_DESIGN_GEOMETRIC_PRESENTATION_REPRESENTATION('',(
    #3320),#3313);
#3320 = STYLED_ITEM('color',(#3321),#15);
#3321 = PRESENTATION_STYLE_ASSIGNMENT((#3322,#3328));
#3322 = SURFACE_STYLE_USAGE(.BOTH.,#3323);
#3323 = SURFACE_SIDE_STYLE('',(#3324));
#3324 = SURFACE_STYLE_FILL_AREA(#3325);
#3325 = FILL_AREA_STYLE('',(#3326));
#3326 = FILL_AREA_STYLE_COLOUR('',#3327);
#3327 = COLOUR_RGB('',0.913725491704,0.647058850868,0.392156863511);
#3328 = CURVE_STYLE('',#3329,POSITIVE_LENGTH_MEASURE(0.1),#3330);
#3329 = DRAUGHTING_PRE_DEFINED_CURVE_FONT('continuous');
#3330 = COLOUR_RGB('',9.803921802644E-02,9.803921802644E-02,
  9.803921802644E-02);
ENDSEC;
END-ISO-10303-21;
