ISO-10303-21;
HEADER;
FILE_DESCRIPTION(('FreeCAD Model'),'2;1');
FILE_NAME('Open CASCADE Shape Model','2026-02-05T13:02:46',('Author'),(
    ''),'Open CASCADE STEP processor 7.8','FreeCAD','Unknown');
FILE_SCHEMA(('AUTOMOTIVE_DESIGN { 1 0 10303 214 1 1 1 1 }'));
ENDSEC;
DATA;
#1 = APPLICATION_PROTOCOL_DEFINITION('international standard',
  'automotive_design',2000,#2);
#2 = APPLICATION_CONTEXT(
  'core data for automotive mechanical design processes');
#3 = SHAPE_DEFINITION_REPRESENTATION(#4,#10);
#4 = PRODUCT_DEFINITION_SHAPE('','',#5);
#5 = PRODUCT_DEFINITION('design','',#6,#9);
#6 = PRODUCT_DEFINITION_FORMATION('','',#7);
#7 = PRODUCT('4S125B v4','4S125B v4','',(#8));
#8 = PRODUCT_CONTEXT('',#2,'mechanical');
#9 = PRODUCT_DEFINITION_CONTEXT('part definition',#2,'design');
#10 = SHAPE_REPRESENTATION('',(#11,#15),#19);
#11 = AXIS2_PLACEMENT_3D('',#12,#13,#14);
#12 = CARTESIAN_POINT('',(0.,0.,0.));
#13 = DIRECTION('',(0.,0.,1.));
#14 = DIRECTION('',(1.,0.,-0.));
#15 = AXIS2_PLACEMENT_3D('',#16,#17,#18);
#16 = CARTESIAN_POINT('',(0.,0.,0.));
#17 = DIRECTION('',(0.,0.,1.));
#18 = DIRECTION('',(1.,0.,0.));
#19 = ( GEOMETRIC_REPRESENTATION_CONTEXT(3) 
GLOBAL_UNCERTAINTY_ASSIGNED_CONTEXT((#23)) GLOBAL_UNIT_ASSIGNED_CONTEXT(
(#20,#21,#22)) REPRESENTATION_CONTEXT('Context #1',
  '3D Context with UNIT and UNCERTAINTY') );
#20 = ( LENGTH_UNIT() NAMED_UNIT(*) SI_UNIT(.MILLI.,.METRE.) );
#21 = ( NAMED_UNIT(*) PLANE_ANGLE_UNIT() SI_UNIT($,.RADIAN.) );
#22 = ( NAMED_UNIT(*) SI_UNIT($,.STERADIAN.) SOLID_ANGLE_UNIT() );
#23 = UNCERTAINTY_MEASURE_WITH_UNIT(LENGTH_MEASURE(1.E-03),#20,
  'distance_accuracy_value','confusion accuracy');
#24 = PRODUCT_RELATED_PRODUCT_CATEGORY('part',$,(#7));
#25 = SHAPE_DEFINITION_REPRESENTATION(#26,#32);
#26 = PRODUCT_DEFINITION_SHAPE('','',#27);
#27 = PRODUCT_DEFINITION('design','',#28,#31);
#28 = PRODUCT_DEFINITION_FORMATION('','',#29);
#29 = PRODUCT('4S125B002','4S125B002','',(#30));
#30 = PRODUCT_CONTEXT('',#2,'mechanical');
#31 = PRODUCT_DEFINITION_CONTEXT('part definition',#2,'design');
#32 = SHAPE_REPRESENTATION('',(#11,#33),#37);
#33 = AXIS2_PLACEMENT_3D('',#34,#35,#36);
#34 = CARTESIAN_POINT('',(0.,0.,0.));
#35 = DIRECTION('',(0.,0.,1.));
#36 = DIRECTION('',(1.,0.,0.));
#37 = ( GEOMETRIC_REPRESENTATION_CONTEXT(3) 
GLOBAL_UNCERTAINTY_ASSIGNED_CONTEXT((#41)) GLOBAL_UNIT_ASSIGNED_CONTEXT(
(#38,#39,#40)) REPRESENTATION_CONTEXT('Context #1',
  '3D Context with UNIT and UNCERTAINTY') );
#38 = ( LENGTH_UNIT() NAMED_UNIT(*) SI_UNIT(.MILLI.,.METRE.) );
#39 = ( NAMED_UNIT(*) PLANE_ANGLE_UNIT() SI_UNIT($,.RADIAN.) );
#40 = ( NAMED_UNIT(*) SI_UNIT($,.STERADIAN.) SOLID_ANGLE_UNIT() );
#41 = UNCERTAINTY_MEASURE_WITH_UNIT(LENGTH_MEASURE(1.E-03),#38,
  'distance_accuracy_value','confusion accuracy');
#42 = CONTEXT_DEPENDENT_SHAPE_REPRESENTATION(#43,#45);
#43 = ( REPRESENTATION_RELATIONSHIP('','',#32,#10) 
REPRESENTATION_RELATIONSHIP_WITH_TRANSFORMATION(#44) 
SHAPE_REPRESENTATION_RELATIONSHIP() );
#44 = ITEM_DEFINED_TRANSFORMATION('','',#11,#15);
#45 = PRODUCT_DEFINITION_SHAPE('Placement','Placement of an item',#46);
#46 = NEXT_ASSEMBLY_USAGE_OCCURRENCE('2','4S125B002','',#5,#27,$);
#47 = PRODUCT_RELATED_PRODUCT_CATEGORY('part',$,(#29));
#48 = SHAPE_DEFINITION_REPRESENTATION(#49,#55);
#49 = PRODUCT_DEFINITION_SHAPE('','',#50);
#50 = PRODUCT_DEFINITION('design','',#51,#54);
#51 = PRODUCT_DEFINITION_FORMATION('','',#52);
#52 = PRODUCT('4S125B001','4S125B001','',(#53));
#53 = PRODUCT_CONTEXT('',#2,'mechanical');
#54 = PRODUCT_DEFINITION_CONTEXT('part definition',#2,'design');
#55 = ADVANCED_BREP_SHAPE_REPRESENTATION('',(#11,#56),#2632);
#56 = MANIFOLD_SOLID_BREP('',#57);
#57 = CLOSED_SHELL('',(#58,#107,#140,#180,#214,#351,#385,#427,#536,#561,
    #576,#611,#636,#676,#701,#734,#768,#905,#939,#974,#997,#1022,#1057,
    #1082,#1098,#1123,#1148,#1285,#1310,#1335,#1353,#1368,#1380,#1397,
    #1414,#1431,#1448,#1473,#1498,#1523,#1548,#1685,#1703,#1718,#1733,
    #1745,#1762,#1777,#1789,#1811,#1828,#1841,#1851,#1862,#1940,#2016,
    #2092,#2166,#2217,#2268,#2319,#2370,#2402,#2426,#2451,#2475,#2487,
    #2511,#2536,#2560,#2578));
#58 = ADVANCED_FACE('',(#59),#102,.T.);
#59 = FACE_BOUND('',#60,.T.);
#60 = EDGE_LOOP('',(#61,#72,#80,#88,#96));
#61 = ORIENTED_EDGE('',*,*,#62,.F.);
#62 = EDGE_CURVE('',#63,#65,#67,.T.);
#63 = VERTEX_POINT('',#64);
#64 = CARTESIAN_POINT('',(24.7015,57.230193604279,-32.7787));
#65 = VERTEX_POINT('',#66);
#66 = CARTESIAN_POINT('',(24.7015,57.657290385265,-32.50474476178));
#67 = CIRCLE('',#68,0.4699);
#68 = AXIS2_PLACEMENT_3D('',#69,#70,#71);
#69 = CARTESIAN_POINT('',(24.7015,57.230193604279,-32.3088));
#70 = DIRECTION('',(1.,0.,0.));
#71 = DIRECTION('',(0.,0.697790459842,-0.716301943425));
#72 = ORIENTED_EDGE('',*,*,#73,.F.);
#73 = EDGE_CURVE('',#74,#63,#76,.T.);
#74 = VERTEX_POINT('',#75);
#75 = CARTESIAN_POINT('',(24.7015,55.753,-32.7787));
#76 = LINE('',#77,#78);
#77 = CARTESIAN_POINT('',(24.7015,27.8765,-32.7787));
#78 = VECTOR('',#79,1.);
#79 = DIRECTION('',(0.,1.,0.));
#80 = ORIENTED_EDGE('',*,*,#81,.F.);
#81 = EDGE_CURVE('',#82,#74,#84,.T.);
#82 = VERTEX_POINT('',#83);
#83 = CARTESIAN_POINT('',(24.7015,55.753,0.));
#84 = LINE('',#85,#86);
#85 = CARTESIAN_POINT('',(24.7015,55.753,0.));
#86 = VECTOR('',#87,1.);
#87 = DIRECTION('',(0.,0.,-1.));
#88 = ORIENTED_EDGE('',*,*,#89,.T.);
#89 = EDGE_CURVE('',#82,#90,#92,.T.);
#90 = VERTEX_POINT('',#91);
#91 = CARTESIAN_POINT('',(24.7015,57.657290385265,0.));
#92 = LINE('',#93,#94);
#93 = CARTESIAN_POINT('',(24.7015,57.6326,0.));
#94 = VECTOR('',#95,1.);
#95 = DIRECTION('',(0.,1.,0.));
#96 = ORIENTED_EDGE('',*,*,#97,.T.);
#97 = EDGE_CURVE('',#90,#65,#98,.T.);
#98 = LINE('',#99,#100);
#99 = CARTESIAN_POINT('',(24.7015,57.657290385265,0.));
#100 = VECTOR('',#101,1.);
#101 = DIRECTION('',(0.,0.,-1.));
#102 = PLANE('',#103);
#103 = AXIS2_PLACEMENT_3D('',#104,#105,#106);
#104 = CARTESIAN_POINT('',(24.7015,55.753,0.));
#105 = DIRECTION('',(-1.,0.,0.));
#106 = DIRECTION('',(0.,1.,0.));
#107 = ADVANCED_FACE('',(#108),#135,.T.);
#108 = FACE_BOUND('',#109,.T.);
#109 = EDGE_LOOP('',(#110,#119,#127,#134));
#110 = ORIENTED_EDGE('',*,*,#111,.F.);
#111 = EDGE_CURVE('',#112,#74,#114,.T.);
#112 = VERTEX_POINT('',#113);
#113 = CARTESIAN_POINT('',(28.2194,52.2351,-32.7787));
#114 = CIRCLE('',#115,3.5179);
#115 = AXIS2_PLACEMENT_3D('',#116,#117,#118);
#116 = CARTESIAN_POINT('',(28.2194,55.753,-32.7787));
#117 = DIRECTION('',(0.,0.,-1.));
#118 = DIRECTION('',(-1.,-2.524740384036E-15,-0.));
#119 = ORIENTED_EDGE('',*,*,#120,.F.);
#120 = EDGE_CURVE('',#121,#112,#123,.T.);
#121 = VERTEX_POINT('',#122);
#122 = CARTESIAN_POINT('',(28.2194,52.2351,0.));
#123 = LINE('',#124,#125);
#124 = CARTESIAN_POINT('',(28.2194,52.2351,0.));
#125 = VECTOR('',#126,1.);
#126 = DIRECTION('',(0.,0.,-1.));
#127 = ORIENTED_EDGE('',*,*,#128,.F.);
#128 = EDGE_CURVE('',#82,#121,#129,.T.);
#129 = CIRCLE('',#130,3.5179);
#130 = AXIS2_PLACEMENT_3D('',#131,#132,#133);
#131 = CARTESIAN_POINT('',(28.2194,55.753,0.));
#132 = DIRECTION('',(0.,0.,1.));
#133 = DIRECTION('',(-1.,-2.524740384036E-15,0.));
#134 = ORIENTED_EDGE('',*,*,#81,.T.);
#135 = CYLINDRICAL_SURFACE('',#136,3.5179);
#136 = AXIS2_PLACEMENT_3D('',#137,#138,#139);
#137 = CARTESIAN_POINT('',(28.2194,55.753,0.));
#138 = DIRECTION('',(0.,0.,-1.));
#139 = DIRECTION('',(-1.,-2.524740384036E-15,-0.));
#140 = ADVANCED_FACE('',(#141),#175,.T.);
#141 = FACE_BOUND('',#142,.T.);
#142 = EDGE_LOOP('',(#143,#151,#160,#168,#174));
#143 = ORIENTED_EDGE('',*,*,#144,.F.);
#144 = EDGE_CURVE('',#145,#112,#147,.T.);
#145 = VERTEX_POINT('',#146);
#146 = CARTESIAN_POINT('',(29.696593604279,52.2351,-32.7787));
#147 = LINE('',#148,#149);
#148 = CARTESIAN_POINT('',(15.061845192632,52.2351,-32.7787));
#149 = VECTOR('',#150,1.);
#150 = DIRECTION('',(-1.,-9.450717383487E-15,0.));
#151 = ORIENTED_EDGE('',*,*,#152,.F.);
#152 = EDGE_CURVE('',#153,#145,#155,.T.);
#153 = VERTEX_POINT('',#154);
#154 = CARTESIAN_POINT('',(30.123690385265,52.2351,-32.50474476178));
#155 = CIRCLE('',#156,0.4699);
#156 = AXIS2_PLACEMENT_3D('',#157,#158,#159);
#157 = CARTESIAN_POINT('',(29.696593604279,52.2351,-32.3088));
#158 = DIRECTION('',(-9.450717383487E-15,1.,-7.88860905221E-31));
#159 = DIRECTION('',(0.697790459842,6.594620428857E-15,-0.716301943425)
  );
#160 = ORIENTED_EDGE('',*,*,#161,.F.);
#161 = EDGE_CURVE('',#162,#153,#164,.T.);
#162 = VERTEX_POINT('',#163);
#163 = CARTESIAN_POINT('',(30.123690385265,52.2351,0.));
#164 = LINE('',#165,#166);
#165 = CARTESIAN_POINT('',(30.123690385265,52.2351,0.));
#166 = VECTOR('',#167,1.);
#167 = DIRECTION('',(0.,0.,-1.));
#168 = ORIENTED_EDGE('',*,*,#169,.F.);
#169 = EDGE_CURVE('',#121,#162,#170,.T.);
#170 = LINE('',#171,#172);
#171 = CARTESIAN_POINT('',(28.2194,52.2351,0.));
#172 = VECTOR('',#173,1.);
#173 = DIRECTION('',(1.,9.450717383487E-15,0.));
#174 = ORIENTED_EDGE('',*,*,#120,.T.);
#175 = PLANE('',#176);
#176 = AXIS2_PLACEMENT_3D('',#177,#178,#179);
#177 = CARTESIAN_POINT('',(30.123690385265,52.2351,0.));
#178 = DIRECTION('',(9.450717383487E-15,-1.,0.));
#179 = DIRECTION('',(-1.,-9.450717383487E-15,0.));
#180 = ADVANCED_FACE('',(#181),#209,.F.);
#181 = FACE_BOUND('',#182,.F.);
#182 = EDGE_LOOP('',(#183,#184,#193,#202));
#183 = ORIENTED_EDGE('',*,*,#161,.F.);
#184 = ORIENTED_EDGE('',*,*,#185,.F.);
#185 = EDGE_CURVE('',#186,#162,#188,.T.);
#186 = VERTEX_POINT('',#187);
#187 = CARTESIAN_POINT('',(31.012690385265,51.3461,0.));
#188 = CIRCLE('',#189,0.889);
#189 = AXIS2_PLACEMENT_3D('',#190,#191,#192);
#190 = CARTESIAN_POINT('',(30.123690385265,51.3461,0.));
#191 = DIRECTION('',(0.,0.,1.));
#192 = DIRECTION('',(1.,9.990758376829E-15,-0.));
#193 = ORIENTED_EDGE('',*,*,#194,.T.);
#194 = EDGE_CURVE('',#186,#195,#197,.T.);
#195 = VERTEX_POINT('',#196);
#196 = CARTESIAN_POINT('',(30.166332581285,52.234076713162,
    -32.32110054801));
#197 = ELLIPSE('',#198,33.961177962544,0.889);
#198 = AXIS2_PLACEMENT_3D('',#199,#200,#201);
#199 = CARTESIAN_POINT('',(30.123690385265,51.3461,-33.94954031505));
#200 = DIRECTION('',(-0.999657324976,-7.728426216472E-17,
    2.617694830787E-02));
#201 = DIRECTION('',(2.617694830787E-02,2.615275655867E-16,
    0.999657324976));
#202 = ORIENTED_EDGE('',*,*,#203,.T.);
#203 = EDGE_CURVE('',#195,#153,#204,.T.);
#204 = B_SPLINE_CURVE_WITH_KNOTS('',3,(#205,#206,#207,#208),
  .UNSPECIFIED.,.F.,.F.,(4,4),(0.357179923201,0.375516610631),
  .PIECEWISE_BEZIER_KNOTS.);
#205 = CARTESIAN_POINT('',(30.166332581285,52.234076713162,
    -32.32110054801));
#206 = CARTESIAN_POINT('',(30.164722537943,52.234154030262,
    -32.38258562263));
#207 = CARTESIAN_POINT('',(30.150404670548,52.2351,-32.44651618171));
#208 = CARTESIAN_POINT('',(30.123690385265,52.2351,-32.50474476178));
#209 = CYLINDRICAL_SURFACE('',#210,0.889);
#210 = AXIS2_PLACEMENT_3D('',#211,#212,#213);
#211 = CARTESIAN_POINT('',(30.123690385265,51.3461,0.));
#212 = DIRECTION('',(0.,0.,-1.));
#213 = DIRECTION('',(1.,9.990758376829E-15,0.));
#214 = ADVANCED_FACE('',(#215),#346,.F.);
#215 = FACE_BOUND('',#216,.F.);
#216 = EDGE_LOOP('',(#217,#236,#245,#262,#271,#288,#297,#305,#312,#313,
    #322,#339));
#217 = ORIENTED_EDGE('',*,*,#218,.T.);
#218 = EDGE_CURVE('',#219,#221,#223,.T.);
#219 = VERTEX_POINT('',#220);
#220 = CARTESIAN_POINT('',(30.166332581285,56.288748088128,
    -32.32110054801));
#221 = VERTEX_POINT('',#222);
#222 = CARTESIAN_POINT('',(29.696593604279,57.12976125217,-32.7787));
#223 = B_SPLINE_CURVE_WITH_KNOTS('',3,(#224,#225,#226,#227,#228,#229,
    #230,#231,#232,#233,#234,#235),.UNSPECIFIED.,.F.,.F.,(4,2,2,2,2,4),(
    1.225390580882E-03,6.575509337219E-03,1.315101867444E-02,
    4.065768878975E-02,7.43490862535E-02,0.108040483717),.UNSPECIFIED.);
#224 = CARTESIAN_POINT('',(30.166332581285,56.288748088128,
    -32.32110054801));
#225 = CARTESIAN_POINT('',(30.165862664616,56.29045578638,-32.3390459416
    ));
#226 = CARTESIAN_POINT('',(30.164310226652,56.296121035996,
    -32.35705721291));
#227 = CARTESIAN_POINT('',(30.159067792429,56.314570930754,-32.394664147
    ));
#228 = CARTESIAN_POINT('',(30.154938020881,56.328746020913,
    -32.41371443421));
#229 = CARTESIAN_POINT('',(30.132560695231,56.402007570321,
    -32.49761086619));
#230 = CARTESIAN_POINT('',(30.100834894051,56.490831872413,
    -32.55426408597));
#231 = CARTESIAN_POINT('',(30.028010188973,56.65656751609,-32.6482940317
    ));
#232 = CARTESIAN_POINT('',(29.974983690565,56.757543293015,
    -32.69406652813));
#233 = CARTESIAN_POINT('',(29.847622883182,56.953029915446,
    -32.75948983963));
#234 = CARTESIAN_POINT('',(29.773163059964,57.047606187127,-32.7787));
#235 = CARTESIAN_POINT('',(29.696593604279,57.12976125217,-32.7787));
#236 = ORIENTED_EDGE('',*,*,#237,.T.);
#237 = EDGE_CURVE('',#221,#238,#240,.T.);
#238 = VERTEX_POINT('',#239);
#239 = CARTESIAN_POINT('',(29.59616125217,57.230193604279,-32.7787));
#240 = CIRCLE('',#241,2.0193);
#241 = AXIS2_PLACEMENT_3D('',#242,#243,#244);
#242 = CARTESIAN_POINT('',(28.2194,55.753,-32.7787));
#243 = DIRECTION('',(0.,0.,1.));
#244 = DIRECTION('',(1.,0.,-0.));
#245 = ORIENTED_EDGE('',*,*,#246,.T.);
#246 = EDGE_CURVE('',#238,#247,#249,.T.);
#247 = VERTEX_POINT('',#248);
#248 = CARTESIAN_POINT('',(28.755148088128,57.699932581285,
    -32.32110054801));
#249 = B_SPLINE_CURVE_WITH_KNOTS('',3,(#250,#251,#252,#253,#254,#255,
    #256,#257,#258,#259,#260,#261),.UNSPECIFIED.,.F.,.F.,(4,2,2,2,2,4),(
    0.27180656469,0.305497962154,0.339189359618,0.366696029733,
    0.373271539071,0.378621657827),.UNSPECIFIED.);
#250 = CARTESIAN_POINT('',(29.59616125217,57.230193604279,-32.7787));
#251 = CARTESIAN_POINT('',(29.514006187127,57.306763059964,-32.7787));
#252 = CARTESIAN_POINT('',(29.419429915446,57.381222883182,
    -32.75948983963));
#253 = CARTESIAN_POINT('',(29.223943293015,57.508583690565,
    -32.69406652813));
#254 = CARTESIAN_POINT('',(29.12296751609,57.561610188973,-32.6482940317
    ));
#255 = CARTESIAN_POINT('',(28.957231872413,57.634434894051,
    -32.55426408597));
#256 = CARTESIAN_POINT('',(28.868407570321,57.666160695231,
    -32.49761086619));
#257 = CARTESIAN_POINT('',(28.795146020913,57.688538020881,
    -32.41371443421));
#258 = CARTESIAN_POINT('',(28.780970930754,57.692667792429,-32.394664147
    ));
#259 = CARTESIAN_POINT('',(28.762521035996,57.697910226652,
    -32.35705721291));
#260 = CARTESIAN_POINT('',(28.75685578638,57.699462664616,-32.3390459416
    ));
#261 = CARTESIAN_POINT('',(28.755148088128,57.699932581285,
    -32.32110054801));
#262 = ORIENTED_EDGE('',*,*,#263,.T.);
#263 = EDGE_CURVE('',#247,#264,#266,.T.);
#264 = VERTEX_POINT('',#265);
#265 = CARTESIAN_POINT('',(27.683651911872,57.699932581285,
    -32.32110054801));
#266 = ELLIPSE('',#267,77.140389943493,2.0193);
#267 = AXIS2_PLACEMENT_3D('',#268,#269,#270);
#268 = CARTESIAN_POINT('',(28.2194,55.753,-106.6714561824));
#269 = DIRECTION('',(-1.484317272913E-16,-0.999657324976,
    2.617694830787E-02));
#270 = DIRECTION('',(0.,-2.617694830787E-02,-0.999657324976));
#271 = ORIENTED_EDGE('',*,*,#272,.T.);
#272 = EDGE_CURVE('',#264,#273,#275,.T.);
#273 = VERTEX_POINT('',#274);
#274 = CARTESIAN_POINT('',(26.84263874783,57.230193604279,-32.7787));
#275 = B_SPLINE_CURVE_WITH_KNOTS('',3,(#276,#277,#278,#279,#280,#281,
    #282,#283,#284,#285,#286,#287),.UNSPECIFIED.,.F.,.F.,(4,2,2,2,2,4),(
    1.225390580882E-03,6.57550933722E-03,1.315101867444E-02,
    4.065768878975E-02,7.43490862535E-02,0.108040483717),.UNSPECIFIED.);
#276 = CARTESIAN_POINT('',(27.683651911872,57.699932581285,
    -32.32110054801));
#277 = CARTESIAN_POINT('',(27.68194421362,57.699462664616,-32.3390459416
    ));
#278 = CARTESIAN_POINT('',(27.676278964004,57.697910226652,
    -32.35705721291));
#279 = CARTESIAN_POINT('',(27.657829069246,57.692667792429,-32.394664147
    ));
#280 = CARTESIAN_POINT('',(27.643653979087,57.688538020881,
    -32.41371443421));
#281 = CARTESIAN_POINT('',(27.570392429679,57.666160695231,
    -32.49761086619));
#282 = CARTESIAN_POINT('',(27.481568127587,57.634434894051,
    -32.55426408597));
#283 = CARTESIAN_POINT('',(27.31583248391,57.561610188973,-32.6482940317
    ));
#284 = CARTESIAN_POINT('',(27.214856706985,57.508583690565,
    -32.69406652813));
#285 = CARTESIAN_POINT('',(27.019370084554,57.381222883182,
    -32.75948983963));
#286 = CARTESIAN_POINT('',(26.924793812873,57.306763059964,-32.7787));
#287 = CARTESIAN_POINT('',(26.84263874783,57.230193604279,-32.7787));
#288 = ORIENTED_EDGE('',*,*,#289,.T.);
#289 = EDGE_CURVE('',#273,#290,#292,.T.);
#290 = VERTEX_POINT('',#291);
#291 = CARTESIAN_POINT('',(26.2001,55.753,-32.7787));
#292 = CIRCLE('',#293,2.0193);
#293 = AXIS2_PLACEMENT_3D('',#294,#295,#296);
#294 = CARTESIAN_POINT('',(28.2194,55.753,-32.7787));
#295 = DIRECTION('',(0.,0.,1.));
#296 = DIRECTION('',(1.,0.,-0.));
#297 = ORIENTED_EDGE('',*,*,#298,.T.);
#298 = EDGE_CURVE('',#290,#299,#301,.T.);
#299 = VERTEX_POINT('',#300);
#300 = CARTESIAN_POINT('',(26.2001,55.753,0.));
#301 = LINE('',#302,#303);
#302 = CARTESIAN_POINT('',(26.2001,55.753,0.));
#303 = VECTOR('',#304,1.);
#304 = DIRECTION('',(0.,0.,1.));
#305 = ORIENTED_EDGE('',*,*,#306,.T.);
#306 = EDGE_CURVE('',#299,#299,#307,.T.);
#307 = CIRCLE('',#308,2.0193);
#308 = AXIS2_PLACEMENT_3D('',#309,#310,#311);
#309 = CARTESIAN_POINT('',(28.2194,55.753,0.));
#310 = DIRECTION('',(0.,0.,-1.));
#311 = DIRECTION('',(1.,0.,0.));
#312 = ORIENTED_EDGE('',*,*,#298,.F.);
#313 = ORIENTED_EDGE('',*,*,#314,.T.);
#314 = EDGE_CURVE('',#290,#315,#317,.T.);
#315 = VERTEX_POINT('',#316);
#316 = CARTESIAN_POINT('',(29.696593604279,54.37623874783,-32.7787));
#317 = CIRCLE('',#318,2.0193);
#318 = AXIS2_PLACEMENT_3D('',#319,#320,#321);
#319 = CARTESIAN_POINT('',(28.2194,55.753,-32.7787));
#320 = DIRECTION('',(0.,0.,1.));
#321 = DIRECTION('',(1.,0.,-0.));
#322 = ORIENTED_EDGE('',*,*,#323,.T.);
#323 = EDGE_CURVE('',#315,#324,#326,.T.);
#324 = VERTEX_POINT('',#325);
#325 = CARTESIAN_POINT('',(30.166332581285,55.217251911872,
    -32.32110054801));
#326 = B_SPLINE_CURVE_WITH_KNOTS('',3,(#327,#328,#329,#330,#331,#332,
    #333,#334,#335,#336,#337,#338),.UNSPECIFIED.,.F.,.F.,(4,2,2,2,2,4),(
    0.27180656469,0.305497962154,0.339189359618,0.366696029733,
    0.373271539071,0.378621657827),.UNSPECIFIED.);
#327 = CARTESIAN_POINT('',(29.696593604279,54.37623874783,-32.7787));
#328 = CARTESIAN_POINT('',(29.773163059964,54.458393812873,-32.7787));
#329 = CARTESIAN_POINT('',(29.847622883182,54.552970084554,
    -32.75948983963));
#330 = CARTESIAN_POINT('',(29.974983690565,54.748456706985,
    -32.69406652813));
#331 = CARTESIAN_POINT('',(30.028010188973,54.84943248391,-32.6482940317
    ));
#332 = CARTESIAN_POINT('',(30.100834894051,55.015168127587,
    -32.55426408597));
#333 = CARTESIAN_POINT('',(30.132560695231,55.103992429679,
    -32.49761086619));
#334 = CARTESIAN_POINT('',(30.154938020881,55.177253979087,
    -32.41371443421));
#335 = CARTESIAN_POINT('',(30.159067792429,55.191429069246,-32.394664147
    ));
#336 = CARTESIAN_POINT('',(30.164310226652,55.209878964004,
    -32.35705721291));
#337 = CARTESIAN_POINT('',(30.165862664616,55.21554421362,-32.3390459416
    ));
#338 = CARTESIAN_POINT('',(30.166332581285,55.217251911872,
    -32.32110054801));
#339 = ORIENTED_EDGE('',*,*,#340,.T.);
#340 = EDGE_CURVE('',#324,#219,#341,.T.);
#341 = ELLIPSE('',#342,77.140389943493,2.0193);
#342 = AXIS2_PLACEMENT_3D('',#343,#344,#345);
#343 = CARTESIAN_POINT('',(28.2194,55.753,-106.6714561824));
#344 = DIRECTION('',(-0.999657324976,-7.728426216472E-17,
    2.617694830787E-02));
#345 = DIRECTION('',(2.617694830787E-02,0.,0.999657324976));
#346 = CYLINDRICAL_SURFACE('',#347,2.0193);
#347 = AXIS2_PLACEMENT_3D('',#348,#349,#350);
#348 = CARTESIAN_POINT('',(28.2194,55.753,0.));
#349 = DIRECTION('',(0.,0.,-1.));
#350 = DIRECTION('',(1.,0.,0.));
#351 = ADVANCED_FACE('',(#352),#380,.F.);
#352 = FACE_BOUND('',#353,.F.);
#353 = EDGE_LOOP('',(#354,#365,#372,#373));
#354 = ORIENTED_EDGE('',*,*,#355,.T.);
#355 = EDGE_CURVE('',#356,#358,#360,.T.);
#356 = VERTEX_POINT('',#357);
#357 = CARTESIAN_POINT('',(24.700476713162,57.699932581285,
    -32.32110054801));
#358 = VERTEX_POINT('',#359);
#359 = CARTESIAN_POINT('',(23.8125,58.546290385265,0.));
#360 = ELLIPSE('',#361,33.961177962544,0.889);
#361 = AXIS2_PLACEMENT_3D('',#362,#363,#364);
#362 = CARTESIAN_POINT('',(23.8125,57.657290385265,-33.94954031505));
#363 = DIRECTION('',(-1.484317272913E-16,-0.999657324976,
    2.617694830787E-02));
#364 = DIRECTION('',(2.615275655867E-16,-2.617694830787E-02,
    -0.999657324976));
#365 = ORIENTED_EDGE('',*,*,#366,.F.);
#366 = EDGE_CURVE('',#90,#358,#367,.T.);
#367 = CIRCLE('',#368,0.889);
#368 = AXIS2_PLACEMENT_3D('',#369,#370,#371);
#369 = CARTESIAN_POINT('',(23.8125,57.657290385265,0.));
#370 = DIRECTION('',(0.,0.,1.));
#371 = DIRECTION('',(1.,9.990758376829E-15,-0.));
#372 = ORIENTED_EDGE('',*,*,#97,.T.);
#373 = ORIENTED_EDGE('',*,*,#374,.T.);
#374 = EDGE_CURVE('',#65,#356,#375,.T.);
#375 = B_SPLINE_CURVE_WITH_KNOTS('',3,(#376,#377,#378,#379),
  .UNSPECIFIED.,.F.,.F.,(4,4),(0.692344281336,0.710680968766),
  .PIECEWISE_BEZIER_KNOTS.);
#376 = CARTESIAN_POINT('',(24.7015,57.657290385265,-32.50474476178));
#377 = CARTESIAN_POINT('',(24.7015,57.684003429442,-32.44651888693));
#378 = CARTESIAN_POINT('',(24.700554033811,57.698322464027,
    -32.38258844537));
#379 = CARTESIAN_POINT('',(24.700476713162,57.699932581285,
    -32.32110054801));
#380 = CYLINDRICAL_SURFACE('',#381,0.889);
#381 = AXIS2_PLACEMENT_3D('',#382,#383,#384);
#382 = CARTESIAN_POINT('',(23.8125,57.657290385265,0.));
#383 = DIRECTION('',(0.,0.,-1.));
#384 = DIRECTION('',(1.,9.990758376829E-15,0.));
#385 = ADVANCED_FACE('',(#386),#422,.F.);
#386 = FACE_BOUND('',#387,.F.);
#387 = EDGE_LOOP('',(#388,#396,#405,#414,#420,#421));
#388 = ORIENTED_EDGE('',*,*,#389,.T.);
#389 = EDGE_CURVE('',#63,#390,#392,.T.);
#390 = VERTEX_POINT('',#391);
#391 = CARTESIAN_POINT('',(-24.7015,57.230193604279,-32.7787));
#392 = LINE('',#393,#394);
#393 = CARTESIAN_POINT('',(14.95425,57.230193604279,-32.7787));
#394 = VECTOR('',#395,1.);
#395 = DIRECTION('',(-1.,1.484826085728E-16,0.));
#396 = ORIENTED_EDGE('',*,*,#397,.F.);
#397 = EDGE_CURVE('',#398,#390,#400,.T.);
#398 = VERTEX_POINT('',#399);
#399 = CARTESIAN_POINT('',(-24.7015,57.657290385265,-32.50474476178));
#400 = CIRCLE('',#401,0.4699);
#401 = AXIS2_PLACEMENT_3D('',#402,#403,#404);
#402 = CARTESIAN_POINT('',(-24.7015,57.230193604279,-32.3088));
#403 = DIRECTION('',(-1.,2.362679345872E-15,0.));
#404 = DIRECTION('',(1.648655107214E-15,0.697790459842,-0.716301943425)
  );
#405 = ORIENTED_EDGE('',*,*,#406,.F.);
#406 = EDGE_CURVE('',#407,#398,#409,.T.);
#407 = VERTEX_POINT('',#408);
#408 = CARTESIAN_POINT('',(-24.70047671316,57.699932581285,
    -32.32110054801));
#409 = B_SPLINE_CURVE_WITH_KNOTS('',3,(#410,#411,#412,#413),
  .UNSPECIFIED.,.F.,.F.,(4,4),(0.357179923201,0.375516610631),
  .PIECEWISE_BEZIER_KNOTS.);
#410 = CARTESIAN_POINT('',(-24.70047671316,57.699932581285,
    -32.32110054801));
#411 = CARTESIAN_POINT('',(-24.70055403026,57.698322537943,
    -32.38258562263));
#412 = CARTESIAN_POINT('',(-24.7015,57.684004670548,-32.44651618171));
#413 = CARTESIAN_POINT('',(-24.7015,57.657290385265,-32.50474476178));
#414 = ORIENTED_EDGE('',*,*,#415,.T.);
#415 = EDGE_CURVE('',#407,#356,#416,.T.);
#416 = LINE('',#417,#418);
#417 = CARTESIAN_POINT('',(14.95425,57.699932581285,-32.32110054801));
#418 = VECTOR('',#419,1.);
#419 = DIRECTION('',(1.,-1.484826085728E-16,0.));
#420 = ORIENTED_EDGE('',*,*,#374,.F.);
#421 = ORIENTED_EDGE('',*,*,#62,.F.);
#422 = CYLINDRICAL_SURFACE('',#423,0.4699);
#423 = AXIS2_PLACEMENT_3D('',#424,#425,#426);
#424 = CARTESIAN_POINT('',(14.95425,57.230193604279,-32.3088));
#425 = DIRECTION('',(-1.,1.484826085728E-16,0.));
#426 = DIRECTION('',(1.036097477145E-16,0.697790459842,-0.716301943425)
  );
#427 = ADVANCED_FACE('',(#428),#531,.F.);
#428 = FACE_BOUND('',#429,.T.);
#429 = EDGE_LOOP('',(#430,#431,#432,#440,#449,#457,#465,#473,#482,#490,
    #498,#506,#515,#523,#529,#530));
#430 = ORIENTED_EDGE('',*,*,#73,.T.);
#431 = ORIENTED_EDGE('',*,*,#389,.T.);
#432 = ORIENTED_EDGE('',*,*,#433,.T.);
#433 = EDGE_CURVE('',#390,#434,#436,.T.);
#434 = VERTEX_POINT('',#435);
#435 = CARTESIAN_POINT('',(-24.7015,55.753,-32.7787));
#436 = LINE('',#437,#438);
#437 = CARTESIAN_POINT('',(-24.7015,28.828645192632,-32.7787));
#438 = VECTOR('',#439,1.);
#439 = DIRECTION('',(-2.362679345872E-15,-1.,0.));
#440 = ORIENTED_EDGE('',*,*,#441,.T.);
#441 = EDGE_CURVE('',#434,#442,#444,.T.);
#442 = VERTEX_POINT('',#443);
#443 = CARTESIAN_POINT('',(-28.2194,52.2351,-32.7787));
#444 = CIRCLE('',#445,3.5179);
#445 = AXIS2_PLACEMENT_3D('',#446,#447,#448);
#446 = CARTESIAN_POINT('',(-28.2194,55.753,-32.7787));
#447 = DIRECTION('',(0.,0.,-1.));
#448 = DIRECTION('',(0.,-1.,0.));
#449 = ORIENTED_EDGE('',*,*,#450,.T.);
#450 = EDGE_CURVE('',#442,#451,#453,.T.);
#451 = VERTEX_POINT('',#452);
#452 = CARTESIAN_POINT('',(-29.69659360427,52.2351,-32.7787));
#453 = LINE('',#454,#455);
#454 = CARTESIAN_POINT('',(-14.1097,52.2351,-32.7787));
#455 = VECTOR('',#456,1.);
#456 = DIRECTION('',(-1.,0.,0.));
#457 = ORIENTED_EDGE('',*,*,#458,.T.);
#458 = EDGE_CURVE('',#451,#459,#461,.T.);
#459 = VERTEX_POINT('',#460);
#460 = CARTESIAN_POINT('',(-29.69659360427,-52.2351,-32.7787));
#461 = LINE('',#462,#463);
#462 = CARTESIAN_POINT('',(-29.69659360427,28.72105,-32.7787));
#463 = VECTOR('',#464,1.);
#464 = DIRECTION('',(0.,-1.,0.));
#465 = ORIENTED_EDGE('',*,*,#466,.T.);
#466 = EDGE_CURVE('',#459,#467,#469,.T.);
#467 = VERTEX_POINT('',#468);
#468 = CARTESIAN_POINT('',(-28.2194,-52.2351,-32.7787));
#469 = LINE('',#470,#471);
#470 = CARTESIAN_POINT('',(-15.06184519263,-52.2351,-32.7787));
#471 = VECTOR('',#472,1.);
#472 = DIRECTION('',(1.,0.,0.));
#473 = ORIENTED_EDGE('',*,*,#474,.T.);
#474 = EDGE_CURVE('',#467,#475,#477,.T.);
#475 = VERTEX_POINT('',#476);
#476 = CARTESIAN_POINT('',(-24.7015,-55.753,-32.7787));
#477 = CIRCLE('',#478,3.5179);
#478 = AXIS2_PLACEMENT_3D('',#479,#480,#481);
#479 = CARTESIAN_POINT('',(-28.2194,-55.753,-32.7787));
#480 = DIRECTION('',(0.,0.,-1.));
#481 = DIRECTION('',(1.,0.,0.));
#482 = ORIENTED_EDGE('',*,*,#483,.T.);
#483 = EDGE_CURVE('',#475,#484,#486,.T.);
#484 = VERTEX_POINT('',#485);
#485 = CARTESIAN_POINT('',(-24.7015,-57.23019360427,-32.7787));
#486 = LINE('',#487,#488);
#487 = CARTESIAN_POINT('',(-24.7015,-27.8765,-32.7787));
#488 = VECTOR('',#489,1.);
#489 = DIRECTION('',(0.,-1.,0.));
#490 = ORIENTED_EDGE('',*,*,#491,.T.);
#491 = EDGE_CURVE('',#484,#492,#494,.T.);
#492 = VERTEX_POINT('',#493);
#493 = CARTESIAN_POINT('',(24.7015,-57.23019360427,-32.7787));
#494 = LINE('',#495,#496);
#495 = CARTESIAN_POINT('',(-14.95425,-57.23019360427,-32.7787));
#496 = VECTOR('',#497,1.);
#497 = DIRECTION('',(1.,-1.484826085728E-16,0.));
#498 = ORIENTED_EDGE('',*,*,#499,.T.);
#499 = EDGE_CURVE('',#492,#500,#502,.T.);
#500 = VERTEX_POINT('',#501);
#501 = CARTESIAN_POINT('',(24.7015,-55.753,-32.7787));
#502 = LINE('',#503,#504);
#503 = CARTESIAN_POINT('',(24.7015,-28.82864519263,-32.7787));
#504 = VECTOR('',#505,1.);
#505 = DIRECTION('',(0.,1.,0.));
#506 = ORIENTED_EDGE('',*,*,#507,.T.);
#507 = EDGE_CURVE('',#500,#508,#510,.T.);
#508 = VERTEX_POINT('',#509);
#509 = CARTESIAN_POINT('',(28.2194,-52.2351,-32.7787));
#510 = CIRCLE('',#511,3.5179);
#511 = AXIS2_PLACEMENT_3D('',#512,#513,#514);
#512 = CARTESIAN_POINT('',(28.2194,-55.753,-32.7787));
#513 = DIRECTION('',(0.,0.,-1.));
#514 = DIRECTION('',(0.,1.,0.));
#515 = ORIENTED_EDGE('',*,*,#516,.T.);
#516 = EDGE_CURVE('',#508,#517,#519,.T.);
#517 = VERTEX_POINT('',#518);
#518 = CARTESIAN_POINT('',(29.696593604279,-52.2351,-32.7787));
#519 = LINE('',#520,#521);
#520 = CARTESIAN_POINT('',(14.1097,-52.2351,-32.7787));
#521 = VECTOR('',#522,1.);
#522 = DIRECTION('',(1.,0.,0.));
#523 = ORIENTED_EDGE('',*,*,#524,.T.);
#524 = EDGE_CURVE('',#517,#145,#525,.T.);
#525 = LINE('',#526,#527);
#526 = CARTESIAN_POINT('',(29.696593604279,-28.72105,-32.7787));
#527 = VECTOR('',#528,1.);
#528 = DIRECTION('',(-7.731075462946E-17,1.,0.));
#529 = ORIENTED_EDGE('',*,*,#144,.T.);
#530 = ORIENTED_EDGE('',*,*,#111,.T.);
#531 = PLANE('',#532);
#532 = AXIS2_PLACEMENT_3D('',#533,#534,#535);
#533 = CARTESIAN_POINT('',(0.,0.,-32.7787));
#534 = DIRECTION('',(0.,0.,-1.));
#535 = DIRECTION('',(-1.,0.,0.));
#536 = ADVANCED_FACE('',(#537),#556,.F.);
#537 = FACE_BOUND('',#538,.T.);
#538 = EDGE_LOOP('',(#539,#540,#548,#555));
#539 = ORIENTED_EDGE('',*,*,#355,.T.);
#540 = ORIENTED_EDGE('',*,*,#541,.F.);
#541 = EDGE_CURVE('',#542,#358,#544,.T.);
#542 = VERTEX_POINT('',#543);
#543 = CARTESIAN_POINT('',(-23.8125,58.546290385265,0.));
#544 = LINE('',#545,#546);
#545 = CARTESIAN_POINT('',(14.95425,58.546290385265,0.));
#546 = VECTOR('',#547,1.);
#547 = DIRECTION('',(1.,-1.484826085728E-16,0.));
#548 = ORIENTED_EDGE('',*,*,#549,.T.);
#549 = EDGE_CURVE('',#542,#407,#550,.T.);
#550 = ELLIPSE('',#551,33.961177962544,0.889);
#551 = AXIS2_PLACEMENT_3D('',#552,#553,#554);
#552 = CARTESIAN_POINT('',(-23.8125,57.657290385265,-33.94954031505));
#553 = DIRECTION('',(-1.484317272913E-16,-0.999657324976,
    2.617694830787E-02));
#554 = DIRECTION('',(-1.307637827934E-16,2.617694830787E-02,
    0.999657324976));
#555 = ORIENTED_EDGE('',*,*,#415,.T.);
#556 = PLANE('',#557);
#557 = AXIS2_PLACEMENT_3D('',#558,#559,#560);
#558 = CARTESIAN_POINT('',(29.9085,58.547709371568,5.418890069213E-02));
#559 = DIRECTION('',(1.484317272913E-16,0.999657324976,
    -2.617694830787E-02));
#560 = DIRECTION('',(1.,-1.484826085728E-16,7.703719777549E-34));
#561 = ADVANCED_FACE('',(#562),#571,.F.);
#562 = FACE_BOUND('',#563,.T.);
#563 = EDGE_LOOP('',(#564,#565));
#564 = ORIENTED_EDGE('',*,*,#263,.T.);
#565 = ORIENTED_EDGE('',*,*,#566,.T.);
#566 = EDGE_CURVE('',#264,#247,#567,.T.);
#567 = LINE('',#568,#569);
#568 = CARTESIAN_POINT('',(14.95425,57.699932581285,-32.32110054801));
#569 = VECTOR('',#570,1.);
#570 = DIRECTION('',(1.,-1.484826085728E-16,0.));
#571 = PLANE('',#572);
#572 = AXIS2_PLACEMENT_3D('',#573,#574,#575);
#573 = CARTESIAN_POINT('',(29.9085,58.547709371568,5.418890069213E-02));
#574 = DIRECTION('',(1.484317272913E-16,0.999657324976,
    -2.617694830787E-02));
#575 = DIRECTION('',(1.,-1.484826085728E-16,7.703719777549E-34));
#576 = ADVANCED_FACE('',(#577),#606,.F.);
#577 = FACE_BOUND('',#578,.F.);
#578 = EDGE_LOOP('',(#579,#580,#588,#597,#604,#605));
#579 = ORIENTED_EDGE('',*,*,#203,.F.);
#580 = ORIENTED_EDGE('',*,*,#581,.T.);
#581 = EDGE_CURVE('',#195,#582,#584,.T.);
#582 = VERTEX_POINT('',#583);
#583 = CARTESIAN_POINT('',(30.166332581285,-52.23407671316,
    -32.32110054801));
#584 = LINE('',#585,#586);
#585 = CARTESIAN_POINT('',(30.166332581285,-28.72105,-32.32110054801));
#586 = VECTOR('',#587,1.);
#587 = DIRECTION('',(7.731075462946E-17,-1.,0.));
#588 = ORIENTED_EDGE('',*,*,#589,.F.);
#589 = EDGE_CURVE('',#590,#582,#592,.T.);
#590 = VERTEX_POINT('',#591);
#591 = CARTESIAN_POINT('',(30.123690385265,-52.2351,-32.50474476178));
#592 = B_SPLINE_CURVE_WITH_KNOTS('',3,(#593,#594,#595,#596),
  .UNSPECIFIED.,.F.,.F.,(4,4),(0.692344281336,0.710680968766),
  .PIECEWISE_BEZIER_KNOTS.);
#593 = CARTESIAN_POINT('',(30.123690385265,-52.2351,-32.50474476178));
#594 = CARTESIAN_POINT('',(30.150403429442,-52.2351,-32.44651888693));
#595 = CARTESIAN_POINT('',(30.164722464027,-52.23415403381,
    -32.38258844537));
#596 = CARTESIAN_POINT('',(30.166332581285,-52.23407671316,
    -32.32110054801));
#597 = ORIENTED_EDGE('',*,*,#598,.F.);
#598 = EDGE_CURVE('',#517,#590,#599,.T.);
#599 = CIRCLE('',#600,0.4699);
#600 = AXIS2_PLACEMENT_3D('',#601,#602,#603);
#601 = CARTESIAN_POINT('',(29.696593604279,-52.2351,-32.3088));
#602 = DIRECTION('',(0.,-1.,0.));
#603 = DIRECTION('',(0.697790459842,0.,-0.716301943425));
#604 = ORIENTED_EDGE('',*,*,#524,.T.);
#605 = ORIENTED_EDGE('',*,*,#152,.F.);
#606 = CYLINDRICAL_SURFACE('',#607,0.4699);
#607 = AXIS2_PLACEMENT_3D('',#608,#609,#610);
#608 = CARTESIAN_POINT('',(29.696593604279,-28.72105,-32.3088));
#609 = DIRECTION('',(-7.731075462946E-17,1.,0.));
#610 = DIRECTION('',(0.697790459842,5.394670702359E-17,-0.716301943425)
  );
#611 = ADVANCED_FACE('',(#612),#631,.F.);
#612 = FACE_BOUND('',#613,.T.);
#613 = EDGE_LOOP('',(#614,#615,#616,#625));
#614 = ORIENTED_EDGE('',*,*,#194,.T.);
#615 = ORIENTED_EDGE('',*,*,#581,.T.);
#616 = ORIENTED_EDGE('',*,*,#617,.T.);
#617 = EDGE_CURVE('',#582,#618,#620,.T.);
#618 = VERTEX_POINT('',#619);
#619 = CARTESIAN_POINT('',(31.012690385265,-51.3461,0.));
#620 = ELLIPSE('',#621,33.961177962545,0.889);
#621 = AXIS2_PLACEMENT_3D('',#622,#623,#624);
#622 = CARTESIAN_POINT('',(30.123690385265,-51.3461,-33.94954031505));
#623 = DIRECTION('',(-0.999657324976,-7.728426216472E-17,
    2.617694830787E-02));
#624 = DIRECTION('',(-2.617694830787E-02,-1.307637827934E-16,
    -0.999657324976));
#625 = ORIENTED_EDGE('',*,*,#626,.F.);
#626 = EDGE_CURVE('',#186,#618,#627,.T.);
#627 = LINE('',#628,#629);
#628 = CARTESIAN_POINT('',(31.012690385265,-28.72105,0.));
#629 = VECTOR('',#630,1.);
#630 = DIRECTION('',(7.731075462946E-17,-1.,0.));
#631 = PLANE('',#632);
#632 = AXIS2_PLACEMENT_3D('',#633,#634,#635);
#633 = CARTESIAN_POINT('',(31.014109371568,-57.4421,5.418890069213E-02)
  );
#634 = DIRECTION('',(0.999657324976,7.728426216472E-17,
    -2.617694830787E-02));
#635 = DIRECTION('',(7.731075462946E-17,-1.,-1.54074395551E-33));
#636 = ADVANCED_FACE('',(#637),#671,.T.);
#637 = FACE_BOUND('',#638,.T.);
#638 = EDGE_LOOP('',(#639,#648,#649,#657,#665));
#639 = ORIENTED_EDGE('',*,*,#640,.F.);
#640 = EDGE_CURVE('',#484,#641,#643,.T.);
#641 = VERTEX_POINT('',#642);
#642 = CARTESIAN_POINT('',(-24.7015,-57.65729038526,-32.50474476178));
#643 = CIRCLE('',#644,0.4699);
#644 = AXIS2_PLACEMENT_3D('',#645,#646,#647);
#645 = CARTESIAN_POINT('',(-24.7015,-57.23019360427,-32.3088));
#646 = DIRECTION('',(-1.,0.,0.));
#647 = DIRECTION('',(-0.,-0.697790459842,-0.716301943425));
#648 = ORIENTED_EDGE('',*,*,#483,.F.);
#649 = ORIENTED_EDGE('',*,*,#650,.F.);
#650 = EDGE_CURVE('',#651,#475,#653,.T.);
#651 = VERTEX_POINT('',#652);
#652 = CARTESIAN_POINT('',(-24.7015,-55.753,0.));
#653 = LINE('',#654,#655);
#654 = CARTESIAN_POINT('',(-24.7015,-55.753,0.));
#655 = VECTOR('',#656,1.);
#656 = DIRECTION('',(0.,0.,-1.));
#657 = ORIENTED_EDGE('',*,*,#658,.T.);
#658 = EDGE_CURVE('',#651,#659,#661,.T.);
#659 = VERTEX_POINT('',#660);
#660 = CARTESIAN_POINT('',(-24.7015,-57.65729038526,0.));
#661 = LINE('',#662,#663);
#662 = CARTESIAN_POINT('',(-24.7015,-57.6326,0.));
#663 = VECTOR('',#664,1.);
#664 = DIRECTION('',(0.,-1.,0.));
#665 = ORIENTED_EDGE('',*,*,#666,.T.);
#666 = EDGE_CURVE('',#659,#641,#667,.T.);
#667 = LINE('',#668,#669);
#668 = CARTESIAN_POINT('',(-24.7015,-57.65729038526,0.));
#669 = VECTOR('',#670,1.);
#670 = DIRECTION('',(0.,0.,-1.));
#671 = PLANE('',#672);
#672 = AXIS2_PLACEMENT_3D('',#673,#674,#675);
#673 = CARTESIAN_POINT('',(-24.7015,-55.753,0.));
#674 = DIRECTION('',(1.,0.,0.));
#675 = DIRECTION('',(0.,-1.,0.));
#676 = ADVANCED_FACE('',(#677),#696,.T.);
#677 = FACE_BOUND('',#678,.T.);
#678 = EDGE_LOOP('',(#679,#680,#688,#695));
#679 = ORIENTED_EDGE('',*,*,#474,.F.);
#680 = ORIENTED_EDGE('',*,*,#681,.F.);
#681 = EDGE_CURVE('',#682,#467,#684,.T.);
#682 = VERTEX_POINT('',#683);
#683 = CARTESIAN_POINT('',(-28.2194,-52.2351,0.));
#684 = LINE('',#685,#686);
#685 = CARTESIAN_POINT('',(-28.2194,-52.2351,0.));
#686 = VECTOR('',#687,1.);
#687 = DIRECTION('',(0.,0.,-1.));
#688 = ORIENTED_EDGE('',*,*,#689,.F.);
#689 = EDGE_CURVE('',#651,#682,#690,.T.);
#690 = CIRCLE('',#691,3.5179);
#691 = AXIS2_PLACEMENT_3D('',#692,#693,#694);
#692 = CARTESIAN_POINT('',(-28.2194,-55.753,0.));
#693 = DIRECTION('',(0.,0.,1.));
#694 = DIRECTION('',(1.,0.,-0.));
#695 = ORIENTED_EDGE('',*,*,#650,.T.);
#696 = CYLINDRICAL_SURFACE('',#697,3.5179);
#697 = AXIS2_PLACEMENT_3D('',#698,#699,#700);
#698 = CARTESIAN_POINT('',(-28.2194,-55.753,0.));
#699 = DIRECTION('',(0.,0.,-1.));
#700 = DIRECTION('',(1.,0.,0.));
#701 = ADVANCED_FACE('',(#702),#729,.T.);
#702 = FACE_BOUND('',#703,.T.);
#703 = EDGE_LOOP('',(#704,#705,#714,#722,#728));
#704 = ORIENTED_EDGE('',*,*,#466,.F.);
#705 = ORIENTED_EDGE('',*,*,#706,.F.);
#706 = EDGE_CURVE('',#707,#459,#709,.T.);
#707 = VERTEX_POINT('',#708);
#708 = CARTESIAN_POINT('',(-30.12369038526,-52.2351,-32.50474476178));
#709 = CIRCLE('',#710,0.4699);
#710 = AXIS2_PLACEMENT_3D('',#711,#712,#713);
#711 = CARTESIAN_POINT('',(-29.69659360427,-52.2351,-32.3088));
#712 = DIRECTION('',(0.,-1.,0.));
#713 = DIRECTION('',(-0.697790459842,-0.,-0.716301943425));
#714 = ORIENTED_EDGE('',*,*,#715,.F.);
#715 = EDGE_CURVE('',#716,#707,#718,.T.);
#716 = VERTEX_POINT('',#717);
#717 = CARTESIAN_POINT('',(-30.12369038526,-52.2351,0.));
#718 = LINE('',#719,#720);
#719 = CARTESIAN_POINT('',(-30.12369038526,-52.2351,0.));
#720 = VECTOR('',#721,1.);
#721 = DIRECTION('',(0.,0.,-1.));
#722 = ORIENTED_EDGE('',*,*,#723,.F.);
#723 = EDGE_CURVE('',#682,#716,#724,.T.);
#724 = LINE('',#725,#726);
#725 = CARTESIAN_POINT('',(-28.2194,-52.2351,0.));
#726 = VECTOR('',#727,1.);
#727 = DIRECTION('',(-1.,0.,0.));
#728 = ORIENTED_EDGE('',*,*,#681,.T.);
#729 = PLANE('',#730);
#730 = AXIS2_PLACEMENT_3D('',#731,#732,#733);
#731 = CARTESIAN_POINT('',(-30.12369038526,-52.2351,0.));
#732 = DIRECTION('',(0.,1.,0.));
#733 = DIRECTION('',(1.,0.,0.));
#734 = ADVANCED_FACE('',(#735),#763,.F.);
#735 = FACE_BOUND('',#736,.F.);
#736 = EDGE_LOOP('',(#737,#738,#747,#756));
#737 = ORIENTED_EDGE('',*,*,#715,.F.);
#738 = ORIENTED_EDGE('',*,*,#739,.F.);
#739 = EDGE_CURVE('',#740,#716,#742,.T.);
#740 = VERTEX_POINT('',#741);
#741 = CARTESIAN_POINT('',(-31.01269038526,-51.3461,0.));
#742 = CIRCLE('',#743,0.889);
#743 = AXIS2_PLACEMENT_3D('',#744,#745,#746);
#744 = CARTESIAN_POINT('',(-30.12369038526,-51.3461,0.));
#745 = DIRECTION('',(0.,0.,1.));
#746 = DIRECTION('',(-1.,9.990758376829E-15,0.));
#747 = ORIENTED_EDGE('',*,*,#748,.T.);
#748 = EDGE_CURVE('',#740,#749,#751,.T.);
#749 = VERTEX_POINT('',#750);
#750 = CARTESIAN_POINT('',(-30.16633258128,-52.23407671316,
    -32.32110054801));
#751 = ELLIPSE('',#752,33.961177962545,0.889);
#752 = AXIS2_PLACEMENT_3D('',#753,#754,#755);
#753 = CARTESIAN_POINT('',(-30.12369038526,-51.3461,-33.94954031505));
#754 = DIRECTION('',(0.999657324976,7.703719777549E-34,
    2.617694830787E-02));
#755 = DIRECTION('',(-2.617694830787E-02,2.615275655867E-16,
    0.999657324976));
#756 = ORIENTED_EDGE('',*,*,#757,.T.);
#757 = EDGE_CURVE('',#749,#707,#758,.T.);
#758 = B_SPLINE_CURVE_WITH_KNOTS('',3,(#759,#760,#761,#762),
  .UNSPECIFIED.,.F.,.F.,(4,4),(0.357179923201,0.375516610631),
  .PIECEWISE_BEZIER_KNOTS.);
#759 = CARTESIAN_POINT('',(-30.16633258128,-52.23407671316,
    -32.32110054801));
#760 = CARTESIAN_POINT('',(-30.16472253794,-52.23415403026,
    -32.38258562263));
#761 = CARTESIAN_POINT('',(-30.15040467054,-52.2351,-32.44651618171));
#762 = CARTESIAN_POINT('',(-30.12369038526,-52.2351,-32.50474476178));
#763 = CYLINDRICAL_SURFACE('',#764,0.889);
#764 = AXIS2_PLACEMENT_3D('',#765,#766,#767);
#765 = CARTESIAN_POINT('',(-30.12369038526,-51.3461,0.));
#766 = DIRECTION('',(0.,0.,-1.));
#767 = DIRECTION('',(-1.,9.990758376829E-15,0.));
#768 = ADVANCED_FACE('',(#769),#900,.F.);
#769 = FACE_BOUND('',#770,.F.);
#770 = EDGE_LOOP('',(#771,#790,#799,#816,#825,#833,#840,#841,#850,#867,
    #876,#893));
#771 = ORIENTED_EDGE('',*,*,#772,.T.);
#772 = EDGE_CURVE('',#773,#775,#777,.T.);
#773 = VERTEX_POINT('',#774);
#774 = CARTESIAN_POINT('',(-27.68365191187,-57.69993258128,
    -32.32110054801));
#775 = VERTEX_POINT('',#776);
#776 = CARTESIAN_POINT('',(-26.84263874783,-57.23019360427,-32.7787));
#777 = B_SPLINE_CURVE_WITH_KNOTS('',3,(#778,#779,#780,#781,#782,#783,
    #784,#785,#786,#787,#788,#789),.UNSPECIFIED.,.F.,.F.,(4,2,2,2,2,4),(
    1.225390580882E-03,6.57550933722E-03,1.315101867444E-02,
    4.065768878975E-02,7.43490862535E-02,0.108040483717),.UNSPECIFIED.);
#778 = CARTESIAN_POINT('',(-27.68365191187,-57.69993258128,
    -32.32110054801));
#779 = CARTESIAN_POINT('',(-27.68194421362,-57.69946266461,
    -32.3390459416));
#780 = CARTESIAN_POINT('',(-27.676278964,-57.69791022665,-32.35705721291
    ));
#781 = CARTESIAN_POINT('',(-27.65782906924,-57.69266779242,-32.394664147
    ));
#782 = CARTESIAN_POINT('',(-27.64365397908,-57.68853802088,
    -32.41371443421));
#783 = CARTESIAN_POINT('',(-27.57039242967,-57.66616069523,
    -32.49761086619));
#784 = CARTESIAN_POINT('',(-27.48156812758,-57.63443489405,
    -32.55426408597));
#785 = CARTESIAN_POINT('',(-27.31583248391,-57.56161018897,
    -32.6482940317));
#786 = CARTESIAN_POINT('',(-27.21485670698,-57.50858369056,
    -32.69406652813));
#787 = CARTESIAN_POINT('',(-27.01937008455,-57.38122288318,
    -32.75948983963));
#788 = CARTESIAN_POINT('',(-26.92479381287,-57.30676305996,-32.7787));
#789 = CARTESIAN_POINT('',(-26.84263874783,-57.23019360427,-32.7787));
#790 = ORIENTED_EDGE('',*,*,#791,.T.);
#791 = EDGE_CURVE('',#775,#792,#794,.T.);
#792 = VERTEX_POINT('',#793);
#793 = CARTESIAN_POINT('',(-29.69659360427,-54.37623874783,-32.7787));
#794 = CIRCLE('',#795,2.0193);
#795 = AXIS2_PLACEMENT_3D('',#796,#797,#798);
#796 = CARTESIAN_POINT('',(-28.2194,-55.753,-32.7787));
#797 = DIRECTION('',(0.,0.,1.));
#798 = DIRECTION('',(1.,0.,-0.));
#799 = ORIENTED_EDGE('',*,*,#800,.T.);
#800 = EDGE_CURVE('',#792,#801,#803,.T.);
#801 = VERTEX_POINT('',#802);
#802 = CARTESIAN_POINT('',(-30.16633258128,-55.21725191187,
    -32.32110054801));
#803 = B_SPLINE_CURVE_WITH_KNOTS('',3,(#804,#805,#806,#807,#808,#809,
    #810,#811,#812,#813,#814,#815),.UNSPECIFIED.,.F.,.F.,(4,2,2,2,2,4),(
    0.27180656469,0.305497962154,0.339189359618,0.366696029733,
    0.373271539071,0.378621657827),.UNSPECIFIED.);
#804 = CARTESIAN_POINT('',(-29.69659360427,-54.37623874783,-32.7787));
#805 = CARTESIAN_POINT('',(-29.77316305996,-54.45839381287,-32.7787));
#806 = CARTESIAN_POINT('',(-29.84762288318,-54.55297008455,
    -32.75948983963));
#807 = CARTESIAN_POINT('',(-29.97498369056,-54.74845670698,
    -32.69406652813));
#808 = CARTESIAN_POINT('',(-30.02801018897,-54.84943248391,
    -32.6482940317));
#809 = CARTESIAN_POINT('',(-30.10083489405,-55.01516812758,
    -32.55426408597));
#810 = CARTESIAN_POINT('',(-30.13256069523,-55.10399242967,
    -32.49761086619));
#811 = CARTESIAN_POINT('',(-30.15493802088,-55.17725397908,
    -32.41371443421));
#812 = CARTESIAN_POINT('',(-30.15906779242,-55.19142906924,-32.394664147
    ));
#813 = CARTESIAN_POINT('',(-30.16431022665,-55.209878964,-32.35705721291
    ));
#814 = CARTESIAN_POINT('',(-30.16586266461,-55.21554421362,
    -32.3390459416));
#815 = CARTESIAN_POINT('',(-30.16633258128,-55.21725191187,
    -32.32110054801));
#816 = ORIENTED_EDGE('',*,*,#817,.T.);
#817 = EDGE_CURVE('',#801,#818,#820,.T.);
#818 = VERTEX_POINT('',#819);
#819 = CARTESIAN_POINT('',(-30.2387,-55.753,-29.55750032396));
#820 = ELLIPSE('',#821,77.140389943493,2.0193);
#821 = AXIS2_PLACEMENT_3D('',#822,#823,#824);
#822 = CARTESIAN_POINT('',(-28.2194,-55.753,-106.6714561824));
#823 = DIRECTION('',(0.999657324976,0.,2.617694830787E-02));
#824 = DIRECTION('',(2.617694830787E-02,0.,-0.999657324976));
#825 = ORIENTED_EDGE('',*,*,#826,.T.);
#826 = EDGE_CURVE('',#818,#827,#829,.T.);
#827 = VERTEX_POINT('',#828);
#828 = CARTESIAN_POINT('',(-30.2387,-55.753,0.));
#829 = LINE('',#830,#831);
#830 = CARTESIAN_POINT('',(-30.2387,-55.753,0.));
#831 = VECTOR('',#832,1.);
#832 = DIRECTION('',(0.,0.,1.));
#833 = ORIENTED_EDGE('',*,*,#834,.T.);
#834 = EDGE_CURVE('',#827,#827,#835,.T.);
#835 = CIRCLE('',#836,2.0193);
#836 = AXIS2_PLACEMENT_3D('',#837,#838,#839);
#837 = CARTESIAN_POINT('',(-28.2194,-55.753,0.));
#838 = DIRECTION('',(0.,0.,-1.));
#839 = DIRECTION('',(1.,0.,0.));
#840 = ORIENTED_EDGE('',*,*,#826,.F.);
#841 = ORIENTED_EDGE('',*,*,#842,.T.);
#842 = EDGE_CURVE('',#818,#843,#845,.T.);
#843 = VERTEX_POINT('',#844);
#844 = CARTESIAN_POINT('',(-30.16633258128,-56.28874808812,
    -32.32110054801));
#845 = ELLIPSE('',#846,77.140389943493,2.0193);
#846 = AXIS2_PLACEMENT_3D('',#847,#848,#849);
#847 = CARTESIAN_POINT('',(-28.2194,-55.753,-106.6714561824));
#848 = DIRECTION('',(0.999657324976,0.,2.617694830787E-02));
#849 = DIRECTION('',(2.617694830787E-02,0.,-0.999657324976));
#850 = ORIENTED_EDGE('',*,*,#851,.T.);
#851 = EDGE_CURVE('',#843,#852,#854,.T.);
#852 = VERTEX_POINT('',#853);
#853 = CARTESIAN_POINT('',(-29.69659360427,-57.12976125217,-32.7787));
#854 = B_SPLINE_CURVE_WITH_KNOTS('',3,(#855,#856,#857,#858,#859,#860,
    #861,#862,#863,#864,#865,#866),.UNSPECIFIED.,.F.,.F.,(4,2,2,2,2,4),(
    1.225390580883E-03,6.575509337219E-03,1.315101867444E-02,
    4.065768878975E-02,7.43490862535E-02,0.108040483717),.UNSPECIFIED.);
#855 = CARTESIAN_POINT('',(-30.16633258128,-56.28874808812,
    -32.32110054801));
#856 = CARTESIAN_POINT('',(-30.16586266461,-56.29045578638,
    -32.3390459416));
#857 = CARTESIAN_POINT('',(-30.16431022665,-56.29612103599,
    -32.35705721291));
#858 = CARTESIAN_POINT('',(-30.15906779242,-56.31457093075,-32.394664147
    ));
#859 = CARTESIAN_POINT('',(-30.15493802088,-56.32874602091,
    -32.41371443421));
#860 = CARTESIAN_POINT('',(-30.13256069523,-56.40200757032,
    -32.49761086619));
#861 = CARTESIAN_POINT('',(-30.10083489405,-56.49083187241,
    -32.55426408597));
#862 = CARTESIAN_POINT('',(-30.02801018897,-56.65656751609,
    -32.6482940317));
#863 = CARTESIAN_POINT('',(-29.97498369056,-56.75754329301,
    -32.69406652813));
#864 = CARTESIAN_POINT('',(-29.84762288318,-56.95302991544,
    -32.75948983963));
#865 = CARTESIAN_POINT('',(-29.77316305996,-57.04760618712,-32.7787));
#866 = CARTESIAN_POINT('',(-29.69659360427,-57.12976125217,-32.7787));
#867 = ORIENTED_EDGE('',*,*,#868,.T.);
#868 = EDGE_CURVE('',#852,#869,#871,.T.);
#869 = VERTEX_POINT('',#870);
#870 = CARTESIAN_POINT('',(-29.59616125217,-57.23019360427,-32.7787));
#871 = CIRCLE('',#872,2.0193);
#872 = AXIS2_PLACEMENT_3D('',#873,#874,#875);
#873 = CARTESIAN_POINT('',(-28.2194,-55.753,-32.7787));
#874 = DIRECTION('',(0.,0.,1.));
#875 = DIRECTION('',(1.,0.,-0.));
#876 = ORIENTED_EDGE('',*,*,#877,.T.);
#877 = EDGE_CURVE('',#869,#878,#880,.T.);
#878 = VERTEX_POINT('',#879);
#879 = CARTESIAN_POINT('',(-28.75514808812,-57.69993258128,
    -32.32110054801));
#880 = B_SPLINE_CURVE_WITH_KNOTS('',3,(#881,#882,#883,#884,#885,#886,
    #887,#888,#889,#890,#891,#892),.UNSPECIFIED.,.F.,.F.,(4,2,2,2,2,4),(
    0.27180656469,0.305497962154,0.339189359618,0.366696029733,
    0.373271539071,0.378621657827),.UNSPECIFIED.);
#881 = CARTESIAN_POINT('',(-29.59616125217,-57.23019360427,-32.7787));
#882 = CARTESIAN_POINT('',(-29.51400618712,-57.30676305996,-32.7787));
#883 = CARTESIAN_POINT('',(-29.41942991544,-57.38122288318,
    -32.75948983963));
#884 = CARTESIAN_POINT('',(-29.22394329301,-57.50858369056,
    -32.69406652813));
#885 = CARTESIAN_POINT('',(-29.12296751609,-57.56161018897,
    -32.6482940317));
#886 = CARTESIAN_POINT('',(-28.95723187241,-57.63443489405,
    -32.55426408597));
#887 = CARTESIAN_POINT('',(-28.86840757032,-57.66616069523,
    -32.49761086619));
#888 = CARTESIAN_POINT('',(-28.79514602091,-57.68853802088,
    -32.41371443421));
#889 = CARTESIAN_POINT('',(-28.78097093075,-57.69266779242,-32.394664147
    ));
#890 = CARTESIAN_POINT('',(-28.76252103599,-57.69791022665,
    -32.35705721291));
#891 = CARTESIAN_POINT('',(-28.75685578638,-57.69946266461,
    -32.3390459416));
#892 = CARTESIAN_POINT('',(-28.75514808812,-57.69993258128,
    -32.32110054801));
#893 = ORIENTED_EDGE('',*,*,#894,.T.);
#894 = EDGE_CURVE('',#878,#773,#895,.T.);
#895 = ELLIPSE('',#896,77.140389943493,2.0193);
#896 = AXIS2_PLACEMENT_3D('',#897,#898,#899);
#897 = CARTESIAN_POINT('',(-28.2194,-55.753,-106.6714561824));
#898 = DIRECTION('',(1.484317272913E-16,0.999657324976,
    2.617694830787E-02));
#899 = DIRECTION('',(0.,-2.617694830787E-02,0.999657324976));
#900 = CYLINDRICAL_SURFACE('',#901,2.0193);
#901 = AXIS2_PLACEMENT_3D('',#902,#903,#904);
#902 = CARTESIAN_POINT('',(-28.2194,-55.753,0.));
#903 = DIRECTION('',(0.,0.,-1.));
#904 = DIRECTION('',(1.,0.,0.));
#905 = ADVANCED_FACE('',(#906),#934,.F.);
#906 = FACE_BOUND('',#907,.F.);
#907 = EDGE_LOOP('',(#908,#919,#926,#927));
#908 = ORIENTED_EDGE('',*,*,#909,.T.);
#909 = EDGE_CURVE('',#910,#912,#914,.T.);
#910 = VERTEX_POINT('',#911);
#911 = CARTESIAN_POINT('',(-24.70047671316,-57.69993258128,
    -32.32110054801));
#912 = VERTEX_POINT('',#913);
#913 = CARTESIAN_POINT('',(-23.8125,-58.54629038526,0.));
#914 = ELLIPSE('',#915,33.961177962544,0.889);
#915 = AXIS2_PLACEMENT_3D('',#916,#917,#918);
#916 = CARTESIAN_POINT('',(-23.8125,-57.65729038526,-33.94954031505));
#917 = DIRECTION('',(1.484317272913E-16,0.999657324976,
    2.617694830787E-02));
#918 = DIRECTION('',(-2.615275655867E-16,2.617694830787E-02,
    -0.999657324976));
#919 = ORIENTED_EDGE('',*,*,#920,.F.);
#920 = EDGE_CURVE('',#659,#912,#921,.T.);
#921 = CIRCLE('',#922,0.889);
#922 = AXIS2_PLACEMENT_3D('',#923,#924,#925);
#923 = CARTESIAN_POINT('',(-23.8125,-57.65729038526,0.));
#924 = DIRECTION('',(0.,0.,1.));
#925 = DIRECTION('',(-1.,-9.990758376829E-15,0.));
#926 = ORIENTED_EDGE('',*,*,#666,.T.);
#927 = ORIENTED_EDGE('',*,*,#928,.T.);
#928 = EDGE_CURVE('',#641,#910,#929,.T.);
#929 = B_SPLINE_CURVE_WITH_KNOTS('',3,(#930,#931,#932,#933),
  .UNSPECIFIED.,.F.,.F.,(4,4),(0.692344281336,0.710680968766),
  .PIECEWISE_BEZIER_KNOTS.);
#930 = CARTESIAN_POINT('',(-24.7015,-57.65729038526,-32.50474476178));
#931 = CARTESIAN_POINT('',(-24.7015,-57.68400342944,-32.44651888693));
#932 = CARTESIAN_POINT('',(-24.70055403381,-57.69832246402,
    -32.38258844537));
#933 = CARTESIAN_POINT('',(-24.70047671316,-57.69993258128,
    -32.32110054801));
#934 = CYLINDRICAL_SURFACE('',#935,0.889);
#935 = AXIS2_PLACEMENT_3D('',#936,#937,#938);
#936 = CARTESIAN_POINT('',(-23.8125,-57.65729038526,0.));
#937 = DIRECTION('',(0.,0.,-1.));
#938 = DIRECTION('',(-1.,-9.990758376829E-15,-0.));
#939 = ADVANCED_FACE('',(#940),#969,.F.);
#940 = FACE_BOUND('',#941,.F.);
#941 = EDGE_LOOP('',(#942,#943,#952,#961,#967,#968));
#942 = ORIENTED_EDGE('',*,*,#491,.T.);
#943 = ORIENTED_EDGE('',*,*,#944,.F.);
#944 = EDGE_CURVE('',#945,#492,#947,.T.);
#945 = VERTEX_POINT('',#946);
#946 = CARTESIAN_POINT('',(24.7015,-57.65729038526,-32.50474476178));
#947 = CIRCLE('',#948,0.4699);
#948 = AXIS2_PLACEMENT_3D('',#949,#950,#951);
#949 = CARTESIAN_POINT('',(24.7015,-57.23019360427,-32.3088));
#950 = DIRECTION('',(1.,0.,0.));
#951 = DIRECTION('',(0.,-0.697790459842,-0.716301943425));
#952 = ORIENTED_EDGE('',*,*,#953,.F.);
#953 = EDGE_CURVE('',#954,#945,#956,.T.);
#954 = VERTEX_POINT('',#955);
#955 = CARTESIAN_POINT('',(24.700476713162,-57.69993258128,
    -32.32110054801));
#956 = B_SPLINE_CURVE_WITH_KNOTS('',3,(#957,#958,#959,#960),
  .UNSPECIFIED.,.F.,.F.,(4,4),(0.357179923201,0.375516610631),
  .PIECEWISE_BEZIER_KNOTS.);
#957 = CARTESIAN_POINT('',(24.700476713162,-57.69993258128,
    -32.32110054801));
#958 = CARTESIAN_POINT('',(24.700554030262,-57.69832253794,
    -32.38258562263));
#959 = CARTESIAN_POINT('',(24.7015,-57.68400467054,-32.44651618171));
#960 = CARTESIAN_POINT('',(24.7015,-57.65729038526,-32.50474476178));
#961 = ORIENTED_EDGE('',*,*,#962,.T.);
#962 = EDGE_CURVE('',#954,#910,#963,.T.);
#963 = LINE('',#964,#965);
#964 = CARTESIAN_POINT('',(-14.95425,-57.69993258128,-32.32110054801));
#965 = VECTOR('',#966,1.);
#966 = DIRECTION('',(-1.,1.484826085728E-16,0.));
#967 = ORIENTED_EDGE('',*,*,#928,.F.);
#968 = ORIENTED_EDGE('',*,*,#640,.F.);
#969 = CYLINDRICAL_SURFACE('',#970,0.4699);
#970 = AXIS2_PLACEMENT_3D('',#971,#972,#973);
#971 = CARTESIAN_POINT('',(-14.95425,-57.23019360427,-32.3088));
#972 = DIRECTION('',(1.,-1.484826085728E-16,0.));
#973 = DIRECTION('',(-1.036097477145E-16,-0.697790459842,-0.716301943425
    ));
#974 = ADVANCED_FACE('',(#975),#992,.F.);
#975 = FACE_BOUND('',#976,.T.);
#976 = EDGE_LOOP('',(#977,#978,#984,#985,#986));
#977 = ORIENTED_EDGE('',*,*,#237,.T.);
#978 = ORIENTED_EDGE('',*,*,#979,.T.);
#979 = EDGE_CURVE('',#238,#273,#980,.T.);
#980 = LINE('',#981,#982);
#981 = CARTESIAN_POINT('',(14.95425,57.230193604279,-32.7787));
#982 = VECTOR('',#983,1.);
#983 = DIRECTION('',(-1.,1.484826085728E-16,0.));
#984 = ORIENTED_EDGE('',*,*,#289,.T.);
#985 = ORIENTED_EDGE('',*,*,#314,.T.);
#986 = ORIENTED_EDGE('',*,*,#987,.T.);
#987 = EDGE_CURVE('',#315,#221,#988,.T.);
#988 = LINE('',#989,#990);
#989 = CARTESIAN_POINT('',(29.696593604279,-28.72105,-32.7787));
#990 = VECTOR('',#991,1.);
#991 = DIRECTION('',(-7.731075462946E-17,1.,0.));
#992 = PLANE('',#993);
#993 = AXIS2_PLACEMENT_3D('',#994,#995,#996);
#994 = CARTESIAN_POINT('',(0.,0.,-32.7787));
#995 = DIRECTION('',(0.,0.,-1.));
#996 = DIRECTION('',(-1.,0.,0.));
#997 = ADVANCED_FACE('',(#998),#1017,.F.);
#998 = FACE_BOUND('',#999,.T.);
#999 = EDGE_LOOP('',(#1000,#1001,#1009,#1016));
#1000 = ORIENTED_EDGE('',*,*,#909,.T.);
#1001 = ORIENTED_EDGE('',*,*,#1002,.F.);
#1002 = EDGE_CURVE('',#1003,#912,#1005,.T.);
#1003 = VERTEX_POINT('',#1004);
#1004 = CARTESIAN_POINT('',(23.8125,-58.54629038526,0.));
#1005 = LINE('',#1006,#1007);
#1006 = CARTESIAN_POINT('',(-14.95425,-58.54629038526,0.));
#1007 = VECTOR('',#1008,1.);
#1008 = DIRECTION('',(-1.,1.484826085728E-16,0.));
#1009 = ORIENTED_EDGE('',*,*,#1010,.T.);
#1010 = EDGE_CURVE('',#1003,#954,#1011,.T.);
#1011 = ELLIPSE('',#1012,33.961177962544,0.889);
#1012 = AXIS2_PLACEMENT_3D('',#1013,#1014,#1015);
#1013 = CARTESIAN_POINT('',(23.8125,-57.65729038526,-33.94954031505));
#1014 = DIRECTION('',(1.484317272913E-16,0.999657324976,
    2.617694830787E-02));
#1015 = DIRECTION('',(5.230551311734E-16,-2.617694830787E-02,
    0.999657324976));
#1016 = ORIENTED_EDGE('',*,*,#962,.T.);
#1017 = PLANE('',#1018);
#1018 = AXIS2_PLACEMENT_3D('',#1019,#1020,#1021);
#1019 = CARTESIAN_POINT('',(-29.9085,-58.54770937156,5.418890069213E-02)
  );
#1020 = DIRECTION('',(-1.484317272913E-16,-0.999657324976,
    -2.617694830787E-02));
#1021 = DIRECTION('',(-1.,1.484826085728E-16,7.703719777549E-34));
#1022 = ADVANCED_FACE('',(#1023),#1052,.F.);
#1023 = FACE_BOUND('',#1024,.F.);
#1024 = EDGE_LOOP('',(#1025,#1026,#1034,#1043,#1050,#1051));
#1025 = ORIENTED_EDGE('',*,*,#757,.F.);
#1026 = ORIENTED_EDGE('',*,*,#1027,.T.);
#1027 = EDGE_CURVE('',#749,#1028,#1030,.T.);
#1028 = VERTEX_POINT('',#1029);
#1029 = CARTESIAN_POINT('',(-30.16633258128,52.234076713162,
    -32.32110054801));
#1030 = LINE('',#1031,#1032);
#1031 = CARTESIAN_POINT('',(-30.16633258128,28.72105,-32.32110054801));
#1032 = VECTOR('',#1033,1.);
#1033 = DIRECTION('',(0.,1.,0.));
#1034 = ORIENTED_EDGE('',*,*,#1035,.F.);
#1035 = EDGE_CURVE('',#1036,#1028,#1038,.T.);
#1036 = VERTEX_POINT('',#1037);
#1037 = CARTESIAN_POINT('',(-30.12369038526,52.2351,-32.50474476178));
#1038 = B_SPLINE_CURVE_WITH_KNOTS('',3,(#1039,#1040,#1041,#1042),
  .UNSPECIFIED.,.F.,.F.,(4,4),(0.692344281335,0.710680968766),
  .PIECEWISE_BEZIER_KNOTS.);
#1039 = CARTESIAN_POINT('',(-30.12369038526,52.2351,-32.50474476178));
#1040 = CARTESIAN_POINT('',(-30.15040342944,52.2351,-32.44651888693));
#1041 = CARTESIAN_POINT('',(-30.16472246402,52.234154033811,
    -32.38258844537));
#1042 = CARTESIAN_POINT('',(-30.16633258128,52.234076713162,
    -32.32110054801));
#1043 = ORIENTED_EDGE('',*,*,#1044,.F.);
#1044 = EDGE_CURVE('',#451,#1036,#1045,.T.);
#1045 = CIRCLE('',#1046,0.4699);
#1046 = AXIS2_PLACEMENT_3D('',#1047,#1048,#1049);
#1047 = CARTESIAN_POINT('',(-29.69659360427,52.2351,-32.3088));
#1048 = DIRECTION('',(0.,1.,0.));
#1049 = DIRECTION('',(-0.697790459842,0.,-0.716301943425));
#1050 = ORIENTED_EDGE('',*,*,#458,.T.);
#1051 = ORIENTED_EDGE('',*,*,#706,.F.);
#1052 = CYLINDRICAL_SURFACE('',#1053,0.4699);
#1053 = AXIS2_PLACEMENT_3D('',#1054,#1055,#1056);
#1054 = CARTESIAN_POINT('',(-29.69659360427,28.72105,-32.3088));
#1055 = DIRECTION('',(0.,-1.,0.));
#1056 = DIRECTION('',(-0.697790459842,-0.,-0.716301943425));
#1057 = ADVANCED_FACE('',(#1058),#1077,.F.);
#1058 = FACE_BOUND('',#1059,.T.);
#1059 = EDGE_LOOP('',(#1060,#1061,#1062,#1071));
#1060 = ORIENTED_EDGE('',*,*,#748,.T.);
#1061 = ORIENTED_EDGE('',*,*,#1027,.T.);
#1062 = ORIENTED_EDGE('',*,*,#1063,.T.);
#1063 = EDGE_CURVE('',#1028,#1064,#1066,.T.);
#1064 = VERTEX_POINT('',#1065);
#1065 = CARTESIAN_POINT('',(-31.01269038526,51.3461,0.));
#1066 = ELLIPSE('',#1067,33.961177962544,0.889);
#1067 = AXIS2_PLACEMENT_3D('',#1068,#1069,#1070);
#1068 = CARTESIAN_POINT('',(-30.12369038526,51.3461,-33.94954031505));
#1069 = DIRECTION('',(0.999657324976,0.,2.617694830787E-02));
#1070 = DIRECTION('',(2.617694830787E-02,-1.307637827934E-16,
    -0.999657324976));
#1071 = ORIENTED_EDGE('',*,*,#1072,.F.);
#1072 = EDGE_CURVE('',#740,#1064,#1073,.T.);
#1073 = LINE('',#1074,#1075);
#1074 = CARTESIAN_POINT('',(-31.01269038526,28.72105,0.));
#1075 = VECTOR('',#1076,1.);
#1076 = DIRECTION('',(0.,1.,0.));
#1077 = PLANE('',#1078);
#1078 = AXIS2_PLACEMENT_3D('',#1079,#1080,#1081);
#1079 = CARTESIAN_POINT('',(-31.01410937156,57.4421,5.418890069213E-02)
  );
#1080 = DIRECTION('',(-0.999657324976,0.,-2.617694830787E-02));
#1081 = DIRECTION('',(0.,1.,0.));
#1082 = ADVANCED_FACE('',(#1083),#1093,.F.);
#1083 = FACE_BOUND('',#1084,.T.);
#1084 = EDGE_LOOP('',(#1085,#1086,#1087));
#1085 = ORIENTED_EDGE('',*,*,#817,.T.);
#1086 = ORIENTED_EDGE('',*,*,#842,.T.);
#1087 = ORIENTED_EDGE('',*,*,#1088,.T.);
#1088 = EDGE_CURVE('',#843,#801,#1089,.T.);
#1089 = LINE('',#1090,#1091);
#1090 = CARTESIAN_POINT('',(-30.16633258128,28.72105,-32.32110054801));
#1091 = VECTOR('',#1092,1.);
#1092 = DIRECTION('',(0.,1.,0.));
#1093 = PLANE('',#1094);
#1094 = AXIS2_PLACEMENT_3D('',#1095,#1096,#1097);
#1095 = CARTESIAN_POINT('',(-31.01410937156,57.4421,5.418890069213E-02)
  );
#1096 = DIRECTION('',(-0.999657324976,0.,-2.617694830787E-02));
#1097 = DIRECTION('',(0.,1.,0.));
#1098 = ADVANCED_FACE('',(#1099),#1118,.F.);
#1099 = FACE_BOUND('',#1100,.F.);
#1100 = EDGE_LOOP('',(#1101,#1110,#1116,#1117));
#1101 = ORIENTED_EDGE('',*,*,#1102,.F.);
#1102 = EDGE_CURVE('',#1103,#1064,#1105,.T.);
#1103 = VERTEX_POINT('',#1104);
#1104 = CARTESIAN_POINT('',(-30.12369038526,52.2351,0.));
#1105 = CIRCLE('',#1106,0.889);
#1106 = AXIS2_PLACEMENT_3D('',#1107,#1108,#1109);
#1107 = CARTESIAN_POINT('',(-30.12369038526,51.3461,0.));
#1108 = DIRECTION('',(0.,0.,1.));
#1109 = DIRECTION('',(4.995379188415E-15,1.,-0.));
#1110 = ORIENTED_EDGE('',*,*,#1111,.T.);
#1111 = EDGE_CURVE('',#1103,#1036,#1112,.T.);
#1112 = LINE('',#1113,#1114);
#1113 = CARTESIAN_POINT('',(-30.12369038526,52.2351,0.));
#1114 = VECTOR('',#1115,1.);
#1115 = DIRECTION('',(0.,0.,-1.));
#1116 = ORIENTED_EDGE('',*,*,#1035,.T.);
#1117 = ORIENTED_EDGE('',*,*,#1063,.T.);
#1118 = CYLINDRICAL_SURFACE('',#1119,0.889);
#1119 = AXIS2_PLACEMENT_3D('',#1120,#1121,#1122);
#1120 = CARTESIAN_POINT('',(-30.12369038526,51.3461,0.));
#1121 = DIRECTION('',(0.,0.,-1.));
#1122 = DIRECTION('',(4.995379188415E-15,1.,0.));
#1123 = ADVANCED_FACE('',(#1124),#1143,.T.);
#1124 = FACE_BOUND('',#1125,.T.);
#1125 = EDGE_LOOP('',(#1126,#1127,#1128,#1136,#1142));
#1126 = ORIENTED_EDGE('',*,*,#1044,.F.);
#1127 = ORIENTED_EDGE('',*,*,#450,.F.);
#1128 = ORIENTED_EDGE('',*,*,#1129,.F.);
#1129 = EDGE_CURVE('',#1130,#442,#1132,.T.);
#1130 = VERTEX_POINT('',#1131);
#1131 = CARTESIAN_POINT('',(-28.2194,52.2351,0.));
#1132 = LINE('',#1133,#1134);
#1133 = CARTESIAN_POINT('',(-28.2194,52.2351,0.));
#1134 = VECTOR('',#1135,1.);
#1135 = DIRECTION('',(0.,0.,-1.));
#1136 = ORIENTED_EDGE('',*,*,#1137,.T.);
#1137 = EDGE_CURVE('',#1130,#1103,#1138,.T.);
#1138 = LINE('',#1139,#1140);
#1139 = CARTESIAN_POINT('',(-30.099,52.2351,0.));
#1140 = VECTOR('',#1141,1.);
#1141 = DIRECTION('',(-1.,0.,0.));
#1142 = ORIENTED_EDGE('',*,*,#1111,.T.);
#1143 = PLANE('',#1144);
#1144 = AXIS2_PLACEMENT_3D('',#1145,#1146,#1147);
#1145 = CARTESIAN_POINT('',(-28.2194,52.2351,0.));
#1146 = DIRECTION('',(0.,-1.,0.));
#1147 = DIRECTION('',(-1.,0.,0.));
#1148 = ADVANCED_FACE('',(#1149),#1280,.F.);
#1149 = FACE_BOUND('',#1150,.F.);
#1150 = EDGE_LOOP('',(#1151,#1170,#1179,#1187,#1194,#1195,#1204,#1221,
    #1230,#1247,#1256,#1273));
#1151 = ORIENTED_EDGE('',*,*,#1152,.T.);
#1152 = EDGE_CURVE('',#1153,#1155,#1157,.T.);
#1153 = VERTEX_POINT('',#1154);
#1154 = CARTESIAN_POINT('',(-29.69659360427,57.12976125217,-32.7787));
#1155 = VERTEX_POINT('',#1156);
#1156 = CARTESIAN_POINT('',(-30.16633258128,56.288748088128,
    -32.32110054801));
#1157 = B_SPLINE_CURVE_WITH_KNOTS('',3,(#1158,#1159,#1160,#1161,#1162,
    #1163,#1164,#1165,#1166,#1167,#1168,#1169),.UNSPECIFIED.,.F.,.F.,(4,
    2,2,2,2,4),(0.27180656469,0.305497962154,0.339189359618,
    0.366696029733,0.373271539071,0.378621657827),.UNSPECIFIED.);
#1158 = CARTESIAN_POINT('',(-29.69659360427,57.12976125217,-32.7787));
#1159 = CARTESIAN_POINT('',(-29.77316305996,57.047606187127,-32.7787));
#1160 = CARTESIAN_POINT('',(-29.84762288318,56.953029915446,
    -32.75948983963));
#1161 = CARTESIAN_POINT('',(-29.97498369056,56.757543293015,
    -32.69406652813));
#1162 = CARTESIAN_POINT('',(-30.02801018897,56.65656751609,
    -32.6482940317));
#1163 = CARTESIAN_POINT('',(-30.10083489405,56.490831872413,
    -32.55426408597));
#1164 = CARTESIAN_POINT('',(-30.13256069523,56.402007570321,
    -32.49761086619));
#1165 = CARTESIAN_POINT('',(-30.15493802088,56.328746020913,
    -32.41371443421));
#1166 = CARTESIAN_POINT('',(-30.15906779242,56.314570930754,
    -32.394664147));
#1167 = CARTESIAN_POINT('',(-30.16431022665,56.296121035996,
    -32.35705721291));
#1168 = CARTESIAN_POINT('',(-30.16586266461,56.29045578638,
    -32.3390459416));
#1169 = CARTESIAN_POINT('',(-30.16633258128,56.288748088128,
    -32.32110054801));
#1170 = ORIENTED_EDGE('',*,*,#1171,.T.);
#1171 = EDGE_CURVE('',#1155,#1172,#1174,.T.);
#1172 = VERTEX_POINT('',#1173);
#1173 = CARTESIAN_POINT('',(-30.2387,55.753,-29.55750032396));
#1174 = ELLIPSE('',#1175,77.140389943493,2.0193);
#1175 = AXIS2_PLACEMENT_3D('',#1176,#1177,#1178);
#1176 = CARTESIAN_POINT('',(-28.2194,55.753,-106.6714561824));
#1177 = DIRECTION('',(0.999657324976,0.,2.617694830787E-02));
#1178 = DIRECTION('',(2.617694830787E-02,0.,-0.999657324976));
#1179 = ORIENTED_EDGE('',*,*,#1180,.T.);
#1180 = EDGE_CURVE('',#1172,#1181,#1183,.T.);
#1181 = VERTEX_POINT('',#1182);
#1182 = CARTESIAN_POINT('',(-30.2387,55.753,0.));
#1183 = LINE('',#1184,#1185);
#1184 = CARTESIAN_POINT('',(-30.2387,55.753,0.));
#1185 = VECTOR('',#1186,1.);
#1186 = DIRECTION('',(0.,0.,1.));
#1187 = ORIENTED_EDGE('',*,*,#1188,.T.);
#1188 = EDGE_CURVE('',#1181,#1181,#1189,.T.);
#1189 = CIRCLE('',#1190,2.0193);
#1190 = AXIS2_PLACEMENT_3D('',#1191,#1192,#1193);
#1191 = CARTESIAN_POINT('',(-28.2194,55.753,0.));
#1192 = DIRECTION('',(0.,0.,-1.));
#1193 = DIRECTION('',(1.,0.,0.));
#1194 = ORIENTED_EDGE('',*,*,#1180,.F.);
#1195 = ORIENTED_EDGE('',*,*,#1196,.T.);
#1196 = EDGE_CURVE('',#1172,#1197,#1199,.T.);
#1197 = VERTEX_POINT('',#1198);
#1198 = CARTESIAN_POINT('',(-30.16633258128,55.217251911872,
    -32.32110054801));
#1199 = ELLIPSE('',#1200,77.140389943493,2.0193);
#1200 = AXIS2_PLACEMENT_3D('',#1201,#1202,#1203);
#1201 = CARTESIAN_POINT('',(-28.2194,55.753,-106.6714561824));
#1202 = DIRECTION('',(0.999657324976,0.,2.617694830787E-02));
#1203 = DIRECTION('',(2.617694830787E-02,0.,-0.999657324976));
#1204 = ORIENTED_EDGE('',*,*,#1205,.T.);
#1205 = EDGE_CURVE('',#1197,#1206,#1208,.T.);
#1206 = VERTEX_POINT('',#1207);
#1207 = CARTESIAN_POINT('',(-29.69659360427,54.37623874783,-32.7787));
#1208 = B_SPLINE_CURVE_WITH_KNOTS('',3,(#1209,#1210,#1211,#1212,#1213,
    #1214,#1215,#1216,#1217,#1218,#1219,#1220),.UNSPECIFIED.,.F.,.F.,(4,
    2,2,2,2,4),(1.225390580881E-03,6.575509337219E-03,1.315101867444E-02
    ,4.065768878975E-02,7.43490862535E-02,0.108040483717),
  .UNSPECIFIED.);
#1209 = CARTESIAN_POINT('',(-30.16633258128,55.217251911872,
    -32.32110054801));
#1210 = CARTESIAN_POINT('',(-30.16586266461,55.21554421362,
    -32.3390459416));
#1211 = CARTESIAN_POINT('',(-30.16431022665,55.209878964004,
    -32.35705721291));
#1212 = CARTESIAN_POINT('',(-30.15906779242,55.191429069246,
    -32.394664147));
#1213 = CARTESIAN_POINT('',(-30.15493802088,55.177253979087,
    -32.41371443421));
#1214 = CARTESIAN_POINT('',(-30.13256069523,55.103992429679,
    -32.49761086619));
#1215 = CARTESIAN_POINT('',(-30.10083489405,55.015168127587,
    -32.55426408597));
#1216 = CARTESIAN_POINT('',(-30.02801018897,54.84943248391,
    -32.6482940317));
#1217 = CARTESIAN_POINT('',(-29.97498369056,54.748456706985,
    -32.69406652813));
#1218 = CARTESIAN_POINT('',(-29.84762288318,54.552970084554,
    -32.75948983963));
#1219 = CARTESIAN_POINT('',(-29.77316305996,54.458393812873,-32.7787));
#1220 = CARTESIAN_POINT('',(-29.69659360427,54.37623874783,-32.7787));
#1221 = ORIENTED_EDGE('',*,*,#1222,.T.);
#1222 = EDGE_CURVE('',#1206,#1223,#1225,.T.);
#1223 = VERTEX_POINT('',#1224);
#1224 = CARTESIAN_POINT('',(-26.84263874783,57.230193604279,-32.7787));
#1225 = CIRCLE('',#1226,2.0193);
#1226 = AXIS2_PLACEMENT_3D('',#1227,#1228,#1229);
#1227 = CARTESIAN_POINT('',(-28.2194,55.753,-32.7787));
#1228 = DIRECTION('',(0.,0.,1.));
#1229 = DIRECTION('',(1.,0.,-0.));
#1230 = ORIENTED_EDGE('',*,*,#1231,.T.);
#1231 = EDGE_CURVE('',#1223,#1232,#1234,.T.);
#1232 = VERTEX_POINT('',#1233);
#1233 = CARTESIAN_POINT('',(-27.68365191187,57.699932581285,
    -32.32110054801));
#1234 = B_SPLINE_CURVE_WITH_KNOTS('',3,(#1235,#1236,#1237,#1238,#1239,
    #1240,#1241,#1242,#1243,#1244,#1245,#1246),.UNSPECIFIED.,.F.,.F.,(4,
    2,2,2,2,4),(0.27180656469,0.305497962154,0.339189359618,
    0.366696029733,0.373271539071,0.378621657827),.UNSPECIFIED.);
#1235 = CARTESIAN_POINT('',(-26.84263874783,57.230193604279,-32.7787));
#1236 = CARTESIAN_POINT('',(-26.92479381287,57.306763059964,-32.7787));
#1237 = CARTESIAN_POINT('',(-27.01937008455,57.381222883182,
    -32.75948983963));
#1238 = CARTESIAN_POINT('',(-27.21485670698,57.508583690565,
    -32.69406652813));
#1239 = CARTESIAN_POINT('',(-27.31583248391,57.561610188973,
    -32.6482940317));
#1240 = CARTESIAN_POINT('',(-27.48156812758,57.634434894051,
    -32.55426408597));
#1241 = CARTESIAN_POINT('',(-27.57039242967,57.666160695231,
    -32.49761086619));
#1242 = CARTESIAN_POINT('',(-27.64365397908,57.688538020881,
    -32.41371443421));
#1243 = CARTESIAN_POINT('',(-27.65782906924,57.692667792429,
    -32.394664147));
#1244 = CARTESIAN_POINT('',(-27.676278964,57.697910226652,
    -32.35705721291));
#1245 = CARTESIAN_POINT('',(-27.68194421362,57.699462664616,
    -32.3390459416));
#1246 = CARTESIAN_POINT('',(-27.68365191187,57.699932581285,
    -32.32110054801));
#1247 = ORIENTED_EDGE('',*,*,#1248,.T.);
#1248 = EDGE_CURVE('',#1232,#1249,#1251,.T.);
#1249 = VERTEX_POINT('',#1250);
#1250 = CARTESIAN_POINT('',(-28.75514808812,57.699932581285,
    -32.32110054801));
#1251 = ELLIPSE('',#1252,77.140389943493,2.0193);
#1252 = AXIS2_PLACEMENT_3D('',#1253,#1254,#1255);
#1253 = CARTESIAN_POINT('',(-28.2194,55.753,-106.6714561824));
#1254 = DIRECTION('',(-1.484317272913E-16,-0.999657324976,
    2.617694830787E-02));
#1255 = DIRECTION('',(0.,-2.617694830787E-02,-0.999657324976));
#1256 = ORIENTED_EDGE('',*,*,#1257,.T.);
#1257 = EDGE_CURVE('',#1249,#1258,#1260,.T.);
#1258 = VERTEX_POINT('',#1259);
#1259 = CARTESIAN_POINT('',(-29.59616125217,57.230193604279,-32.7787));
#1260 = B_SPLINE_CURVE_WITH_KNOTS('',3,(#1261,#1262,#1263,#1264,#1265,
    #1266,#1267,#1268,#1269,#1270,#1271,#1272),.UNSPECIFIED.,.F.,.F.,(4,
    2,2,2,2,4),(1.225390580883E-03,6.57550933722E-03,1.315101867444E-02,
    4.065768878975E-02,7.43490862535E-02,0.108040483717),.UNSPECIFIED.);
#1261 = CARTESIAN_POINT('',(-28.75514808812,57.699932581285,
    -32.32110054801));
#1262 = CARTESIAN_POINT('',(-28.75685578638,57.699462664616,
    -32.3390459416));
#1263 = CARTESIAN_POINT('',(-28.76252103599,57.697910226652,
    -32.35705721291));
#1264 = CARTESIAN_POINT('',(-28.78097093075,57.692667792429,
    -32.394664147));
#1265 = CARTESIAN_POINT('',(-28.79514602091,57.688538020881,
    -32.41371443421));
#1266 = CARTESIAN_POINT('',(-28.86840757032,57.666160695231,
    -32.49761086619));
#1267 = CARTESIAN_POINT('',(-28.95723187241,57.634434894051,
    -32.55426408597));
#1268 = CARTESIAN_POINT('',(-29.12296751609,57.561610188973,
    -32.6482940317));
#1269 = CARTESIAN_POINT('',(-29.22394329301,57.508583690565,
    -32.69406652813));
#1270 = CARTESIAN_POINT('',(-29.41942991544,57.381222883182,
    -32.75948983963));
#1271 = CARTESIAN_POINT('',(-29.51400618712,57.306763059964,-32.7787));
#1272 = CARTESIAN_POINT('',(-29.59616125217,57.230193604279,-32.7787));
#1273 = ORIENTED_EDGE('',*,*,#1274,.T.);
#1274 = EDGE_CURVE('',#1258,#1153,#1275,.T.);
#1275 = CIRCLE('',#1276,2.0193);
#1276 = AXIS2_PLACEMENT_3D('',#1277,#1278,#1279);
#1277 = CARTESIAN_POINT('',(-28.2194,55.753,-32.7787));
#1278 = DIRECTION('',(0.,0.,1.));
#1279 = DIRECTION('',(1.,0.,-0.));
#1280 = CYLINDRICAL_SURFACE('',#1281,2.0193);
#1281 = AXIS2_PLACEMENT_3D('',#1282,#1283,#1284);
#1282 = CARTESIAN_POINT('',(-28.2194,55.753,0.));
#1283 = DIRECTION('',(0.,0.,-1.));
#1284 = DIRECTION('',(1.,0.,0.));
#1285 = ADVANCED_FACE('',(#1286),#1305,.T.);
#1286 = FACE_BOUND('',#1287,.T.);
#1287 = EDGE_LOOP('',(#1288,#1289,#1297,#1304));
#1288 = ORIENTED_EDGE('',*,*,#441,.F.);
#1289 = ORIENTED_EDGE('',*,*,#1290,.F.);
#1290 = EDGE_CURVE('',#1291,#434,#1293,.T.);
#1291 = VERTEX_POINT('',#1292);
#1292 = CARTESIAN_POINT('',(-24.7015,55.753,0.));
#1293 = LINE('',#1294,#1295);
#1294 = CARTESIAN_POINT('',(-24.7015,55.753,0.));
#1295 = VECTOR('',#1296,1.);
#1296 = DIRECTION('',(0.,0.,-1.));
#1297 = ORIENTED_EDGE('',*,*,#1298,.F.);
#1298 = EDGE_CURVE('',#1130,#1291,#1299,.T.);
#1299 = CIRCLE('',#1300,3.5179);
#1300 = AXIS2_PLACEMENT_3D('',#1301,#1302,#1303);
#1301 = CARTESIAN_POINT('',(-28.2194,55.753,0.));
#1302 = DIRECTION('',(0.,0.,1.));
#1303 = DIRECTION('',(0.,-1.,0.));
#1304 = ORIENTED_EDGE('',*,*,#1129,.T.);
#1305 = CYLINDRICAL_SURFACE('',#1306,3.5179);
#1306 = AXIS2_PLACEMENT_3D('',#1307,#1308,#1309);
#1307 = CARTESIAN_POINT('',(-28.2194,55.753,0.));
#1308 = DIRECTION('',(0.,0.,-1.));
#1309 = DIRECTION('',(0.,-1.,0.));
#1310 = ADVANCED_FACE('',(#1311),#1330,.T.);
#1311 = FACE_BOUND('',#1312,.T.);
#1312 = EDGE_LOOP('',(#1313,#1314,#1322,#1328,#1329));
#1313 = ORIENTED_EDGE('',*,*,#397,.F.);
#1314 = ORIENTED_EDGE('',*,*,#1315,.F.);
#1315 = EDGE_CURVE('',#1316,#398,#1318,.T.);
#1316 = VERTEX_POINT('',#1317);
#1317 = CARTESIAN_POINT('',(-24.7015,57.657290385265,0.));
#1318 = LINE('',#1319,#1320);
#1319 = CARTESIAN_POINT('',(-24.7015,57.657290385265,0.));
#1320 = VECTOR('',#1321,1.);
#1321 = DIRECTION('',(0.,0.,-1.));
#1322 = ORIENTED_EDGE('',*,*,#1323,.F.);
#1323 = EDGE_CURVE('',#1291,#1316,#1324,.T.);
#1324 = LINE('',#1325,#1326);
#1325 = CARTESIAN_POINT('',(-24.7015,55.753,0.));
#1326 = VECTOR('',#1327,1.);
#1327 = DIRECTION('',(2.362679345872E-15,1.,0.));
#1328 = ORIENTED_EDGE('',*,*,#1290,.T.);
#1329 = ORIENTED_EDGE('',*,*,#433,.F.);
#1330 = PLANE('',#1331);
#1331 = AXIS2_PLACEMENT_3D('',#1332,#1333,#1334);
#1332 = CARTESIAN_POINT('',(-24.7015,57.657290385265,0.));
#1333 = DIRECTION('',(1.,-2.362679345872E-15,0.));
#1334 = DIRECTION('',(-2.362679345872E-15,-1.,0.));
#1335 = ADVANCED_FACE('',(#1336),#1348,.F.);
#1336 = FACE_BOUND('',#1337,.F.);
#1337 = EDGE_LOOP('',(#1338,#1339,#1340,#1347));
#1338 = ORIENTED_EDGE('',*,*,#406,.T.);
#1339 = ORIENTED_EDGE('',*,*,#1315,.F.);
#1340 = ORIENTED_EDGE('',*,*,#1341,.F.);
#1341 = EDGE_CURVE('',#542,#1316,#1342,.T.);
#1342 = CIRCLE('',#1343,0.889);
#1343 = AXIS2_PLACEMENT_3D('',#1344,#1345,#1346);
#1344 = CARTESIAN_POINT('',(-23.8125,57.657290385265,0.));
#1345 = DIRECTION('',(0.,0.,1.));
#1346 = DIRECTION('',(-4.995379188415E-15,1.,0.));
#1347 = ORIENTED_EDGE('',*,*,#549,.T.);
#1348 = CYLINDRICAL_SURFACE('',#1349,0.889);
#1349 = AXIS2_PLACEMENT_3D('',#1350,#1351,#1352);
#1350 = CARTESIAN_POINT('',(-23.8125,57.657290385265,0.));
#1351 = DIRECTION('',(0.,0.,-1.));
#1352 = DIRECTION('',(-4.995379188415E-15,1.,0.));
#1353 = ADVANCED_FACE('',(#1354),#1363,.F.);
#1354 = FACE_BOUND('',#1355,.T.);
#1355 = EDGE_LOOP('',(#1356,#1357));
#1356 = ORIENTED_EDGE('',*,*,#1248,.T.);
#1357 = ORIENTED_EDGE('',*,*,#1358,.T.);
#1358 = EDGE_CURVE('',#1249,#1232,#1359,.T.);
#1359 = LINE('',#1360,#1361);
#1360 = CARTESIAN_POINT('',(14.95425,57.699932581285,-32.32110054801));
#1361 = VECTOR('',#1362,1.);
#1362 = DIRECTION('',(1.,-1.484826085728E-16,0.));
#1363 = PLANE('',#1364);
#1364 = AXIS2_PLACEMENT_3D('',#1365,#1366,#1367);
#1365 = CARTESIAN_POINT('',(29.9085,58.547709371568,5.418890069213E-02)
  );
#1366 = DIRECTION('',(1.484317272913E-16,0.999657324976,
    -2.617694830787E-02));
#1367 = DIRECTION('',(1.,-1.484826085728E-16,7.703719777549E-34));
#1368 = ADVANCED_FACE('',(#1369),#1375,.F.);
#1369 = FACE_BOUND('',#1370,.F.);
#1370 = EDGE_LOOP('',(#1371,#1372,#1373,#1374));
#1371 = ORIENTED_EDGE('',*,*,#979,.T.);
#1372 = ORIENTED_EDGE('',*,*,#272,.F.);
#1373 = ORIENTED_EDGE('',*,*,#566,.T.);
#1374 = ORIENTED_EDGE('',*,*,#246,.F.);
#1375 = CYLINDRICAL_SURFACE('',#1376,0.4699);
#1376 = AXIS2_PLACEMENT_3D('',#1377,#1378,#1379);
#1377 = CARTESIAN_POINT('',(14.95425,57.230193604279,-32.3088));
#1378 = DIRECTION('',(-1.,1.484826085728E-16,0.));
#1379 = DIRECTION('',(1.036097477145E-16,0.697790459842,-0.716301943425)
  );
#1380 = ADVANCED_FACE('',(#1381),#1392,.F.);
#1381 = FACE_BOUND('',#1382,.F.);
#1382 = EDGE_LOOP('',(#1383,#1389,#1390,#1391));
#1383 = ORIENTED_EDGE('',*,*,#1384,.T.);
#1384 = EDGE_CURVE('',#1223,#1258,#1385,.T.);
#1385 = LINE('',#1386,#1387);
#1386 = CARTESIAN_POINT('',(14.95425,57.230193604279,-32.7787));
#1387 = VECTOR('',#1388,1.);
#1388 = DIRECTION('',(-1.,1.484826085728E-16,0.));
#1389 = ORIENTED_EDGE('',*,*,#1257,.F.);
#1390 = ORIENTED_EDGE('',*,*,#1358,.T.);
#1391 = ORIENTED_EDGE('',*,*,#1231,.F.);
#1392 = CYLINDRICAL_SURFACE('',#1393,0.4699);
#1393 = AXIS2_PLACEMENT_3D('',#1394,#1395,#1396);
#1394 = CARTESIAN_POINT('',(14.95425,57.230193604279,-32.3088));
#1395 = DIRECTION('',(-1.,1.484826085728E-16,0.));
#1396 = DIRECTION('',(1.036097477145E-16,0.697790459842,-0.716301943425)
  );
#1397 = ADVANCED_FACE('',(#1398),#1409,.F.);
#1398 = FACE_BOUND('',#1399,.F.);
#1399 = EDGE_LOOP('',(#1400,#1406,#1407,#1408));
#1400 = ORIENTED_EDGE('',*,*,#1401,.T.);
#1401 = EDGE_CURVE('',#792,#852,#1402,.T.);
#1402 = LINE('',#1403,#1404);
#1403 = CARTESIAN_POINT('',(-29.69659360427,28.72105,-32.7787));
#1404 = VECTOR('',#1405,1.);
#1405 = DIRECTION('',(0.,-1.,0.));
#1406 = ORIENTED_EDGE('',*,*,#851,.F.);
#1407 = ORIENTED_EDGE('',*,*,#1088,.T.);
#1408 = ORIENTED_EDGE('',*,*,#800,.F.);
#1409 = CYLINDRICAL_SURFACE('',#1410,0.4699);
#1410 = AXIS2_PLACEMENT_3D('',#1411,#1412,#1413);
#1411 = CARTESIAN_POINT('',(-29.69659360427,28.72105,-32.3088));
#1412 = DIRECTION('',(0.,-1.,0.));
#1413 = DIRECTION('',(-0.697790459842,-0.,-0.716301943425));
#1414 = ADVANCED_FACE('',(#1415),#1426,.F.);
#1415 = FACE_BOUND('',#1416,.T.);
#1416 = EDGE_LOOP('',(#1417,#1418,#1419,#1420));
#1417 = ORIENTED_EDGE('',*,*,#791,.T.);
#1418 = ORIENTED_EDGE('',*,*,#1401,.T.);
#1419 = ORIENTED_EDGE('',*,*,#868,.T.);
#1420 = ORIENTED_EDGE('',*,*,#1421,.T.);
#1421 = EDGE_CURVE('',#869,#775,#1422,.T.);
#1422 = LINE('',#1423,#1424);
#1423 = CARTESIAN_POINT('',(-14.95425,-57.23019360427,-32.7787));
#1424 = VECTOR('',#1425,1.);
#1425 = DIRECTION('',(1.,-1.484826085728E-16,0.));
#1426 = PLANE('',#1427);
#1427 = AXIS2_PLACEMENT_3D('',#1428,#1429,#1430);
#1428 = CARTESIAN_POINT('',(0.,0.,-32.7787));
#1429 = DIRECTION('',(0.,0.,-1.));
#1430 = DIRECTION('',(-1.,0.,0.));
#1431 = ADVANCED_FACE('',(#1432),#1443,.F.);
#1432 = FACE_BOUND('',#1433,.T.);
#1433 = EDGE_LOOP('',(#1434,#1435,#1436,#1437));
#1434 = ORIENTED_EDGE('',*,*,#1222,.T.);
#1435 = ORIENTED_EDGE('',*,*,#1384,.T.);
#1436 = ORIENTED_EDGE('',*,*,#1274,.T.);
#1437 = ORIENTED_EDGE('',*,*,#1438,.T.);
#1438 = EDGE_CURVE('',#1153,#1206,#1439,.T.);
#1439 = LINE('',#1440,#1441);
#1440 = CARTESIAN_POINT('',(-29.69659360427,28.72105,-32.7787));
#1441 = VECTOR('',#1442,1.);
#1442 = DIRECTION('',(0.,-1.,0.));
#1443 = PLANE('',#1444);
#1444 = AXIS2_PLACEMENT_3D('',#1445,#1446,#1447);
#1445 = CARTESIAN_POINT('',(0.,0.,-32.7787));
#1446 = DIRECTION('',(0.,0.,-1.));
#1447 = DIRECTION('',(-1.,0.,0.));
#1448 = ADVANCED_FACE('',(#1449),#1468,.F.);
#1449 = FACE_BOUND('',#1450,.F.);
#1450 = EDGE_LOOP('',(#1451,#1460,#1466,#1467));
#1451 = ORIENTED_EDGE('',*,*,#1452,.F.);
#1452 = EDGE_CURVE('',#1453,#618,#1455,.T.);
#1453 = VERTEX_POINT('',#1454);
#1454 = CARTESIAN_POINT('',(30.123690385265,-52.2351,0.));
#1455 = CIRCLE('',#1456,0.889);
#1456 = AXIS2_PLACEMENT_3D('',#1457,#1458,#1459);
#1457 = CARTESIAN_POINT('',(30.123690385265,-51.3461,0.));
#1458 = DIRECTION('',(0.,0.,1.));
#1459 = DIRECTION('',(4.995379188415E-15,-1.,0.));
#1460 = ORIENTED_EDGE('',*,*,#1461,.T.);
#1461 = EDGE_CURVE('',#1453,#590,#1462,.T.);
#1462 = LINE('',#1463,#1464);
#1463 = CARTESIAN_POINT('',(30.123690385265,-52.2351,0.));
#1464 = VECTOR('',#1465,1.);
#1465 = DIRECTION('',(0.,0.,-1.));
#1466 = ORIENTED_EDGE('',*,*,#589,.T.);
#1467 = ORIENTED_EDGE('',*,*,#617,.T.);
#1468 = CYLINDRICAL_SURFACE('',#1469,0.889);
#1469 = AXIS2_PLACEMENT_3D('',#1470,#1471,#1472);
#1470 = CARTESIAN_POINT('',(30.123690385265,-51.3461,0.));
#1471 = DIRECTION('',(0.,0.,-1.));
#1472 = DIRECTION('',(4.995379188415E-15,-1.,0.));
#1473 = ADVANCED_FACE('',(#1474),#1493,.T.);
#1474 = FACE_BOUND('',#1475,.T.);
#1475 = EDGE_LOOP('',(#1476,#1477,#1478,#1486,#1492));
#1476 = ORIENTED_EDGE('',*,*,#598,.F.);
#1477 = ORIENTED_EDGE('',*,*,#516,.F.);
#1478 = ORIENTED_EDGE('',*,*,#1479,.F.);
#1479 = EDGE_CURVE('',#1480,#508,#1482,.T.);
#1480 = VERTEX_POINT('',#1481);
#1481 = CARTESIAN_POINT('',(28.2194,-52.2351,0.));
#1482 = LINE('',#1483,#1484);
#1483 = CARTESIAN_POINT('',(28.2194,-52.2351,0.));
#1484 = VECTOR('',#1485,1.);
#1485 = DIRECTION('',(0.,0.,-1.));
#1486 = ORIENTED_EDGE('',*,*,#1487,.T.);
#1487 = EDGE_CURVE('',#1480,#1453,#1488,.T.);
#1488 = LINE('',#1489,#1490);
#1489 = CARTESIAN_POINT('',(30.099,-52.2351,0.));
#1490 = VECTOR('',#1491,1.);
#1491 = DIRECTION('',(1.,0.,0.));
#1492 = ORIENTED_EDGE('',*,*,#1461,.T.);
#1493 = PLANE('',#1494);
#1494 = AXIS2_PLACEMENT_3D('',#1495,#1496,#1497);
#1495 = CARTESIAN_POINT('',(28.2194,-52.2351,0.));
#1496 = DIRECTION('',(0.,1.,0.));
#1497 = DIRECTION('',(1.,0.,0.));
#1498 = ADVANCED_FACE('',(#1499),#1518,.T.);
#1499 = FACE_BOUND('',#1500,.T.);
#1500 = EDGE_LOOP('',(#1501,#1502,#1510,#1517));
#1501 = ORIENTED_EDGE('',*,*,#507,.F.);
#1502 = ORIENTED_EDGE('',*,*,#1503,.F.);
#1503 = EDGE_CURVE('',#1504,#500,#1506,.T.);
#1504 = VERTEX_POINT('',#1505);
#1505 = CARTESIAN_POINT('',(24.7015,-55.753,0.));
#1506 = LINE('',#1507,#1508);
#1507 = CARTESIAN_POINT('',(24.7015,-55.753,0.));
#1508 = VECTOR('',#1509,1.);
#1509 = DIRECTION('',(0.,0.,-1.));
#1510 = ORIENTED_EDGE('',*,*,#1511,.F.);
#1511 = EDGE_CURVE('',#1480,#1504,#1512,.T.);
#1512 = CIRCLE('',#1513,3.5179);
#1513 = AXIS2_PLACEMENT_3D('',#1514,#1515,#1516);
#1514 = CARTESIAN_POINT('',(28.2194,-55.753,0.));
#1515 = DIRECTION('',(0.,-0.,1.));
#1516 = DIRECTION('',(0.,1.,0.));
#1517 = ORIENTED_EDGE('',*,*,#1479,.T.);
#1518 = CYLINDRICAL_SURFACE('',#1519,3.5179);
#1519 = AXIS2_PLACEMENT_3D('',#1520,#1521,#1522);
#1520 = CARTESIAN_POINT('',(28.2194,-55.753,0.));
#1521 = DIRECTION('',(0.,0.,-1.));
#1522 = DIRECTION('',(0.,1.,0.));
#1523 = ADVANCED_FACE('',(#1524),#1543,.T.);
#1524 = FACE_BOUND('',#1525,.T.);
#1525 = EDGE_LOOP('',(#1526,#1527,#1528,#1536,#1542));
#1526 = ORIENTED_EDGE('',*,*,#499,.F.);
#1527 = ORIENTED_EDGE('',*,*,#944,.F.);
#1528 = ORIENTED_EDGE('',*,*,#1529,.F.);
#1529 = EDGE_CURVE('',#1530,#945,#1532,.T.);
#1530 = VERTEX_POINT('',#1531);
#1531 = CARTESIAN_POINT('',(24.7015,-57.65729038526,0.));
#1532 = LINE('',#1533,#1534);
#1533 = CARTESIAN_POINT('',(24.7015,-57.65729038526,0.));
#1534 = VECTOR('',#1535,1.);
#1535 = DIRECTION('',(0.,0.,-1.));
#1536 = ORIENTED_EDGE('',*,*,#1537,.F.);
#1537 = EDGE_CURVE('',#1504,#1530,#1538,.T.);
#1538 = LINE('',#1539,#1540);
#1539 = CARTESIAN_POINT('',(24.7015,-55.753,0.));
#1540 = VECTOR('',#1541,1.);
#1541 = DIRECTION('',(0.,-1.,0.));
#1542 = ORIENTED_EDGE('',*,*,#1503,.T.);
#1543 = PLANE('',#1544);
#1544 = AXIS2_PLACEMENT_3D('',#1545,#1546,#1547);
#1545 = CARTESIAN_POINT('',(24.7015,-57.65729038526,0.));
#1546 = DIRECTION('',(-1.,0.,0.));
#1547 = DIRECTION('',(0.,1.,0.));
#1548 = ADVANCED_FACE('',(#1549),#1680,.F.);
#1549 = FACE_BOUND('',#1550,.F.);
#1550 = EDGE_LOOP('',(#1551,#1562,#1579,#1588,#1605,#1614,#1631,#1640,
    #1648,#1655,#1656,#1665));
#1551 = ORIENTED_EDGE('',*,*,#1552,.T.);
#1552 = EDGE_CURVE('',#1553,#1555,#1557,.T.);
#1553 = VERTEX_POINT('',#1554);
#1554 = CARTESIAN_POINT('',(27.683651911872,-57.69993258128,
    -32.32110054801));
#1555 = VERTEX_POINT('',#1556);
#1556 = CARTESIAN_POINT('',(28.755148088128,-57.69993258128,
    -32.32110054801));
#1557 = ELLIPSE('',#1558,77.140389943493,2.0193);
#1558 = AXIS2_PLACEMENT_3D('',#1559,#1560,#1561);
#1559 = CARTESIAN_POINT('',(28.2194,-55.753,-106.6714561824));
#1560 = DIRECTION('',(1.484317272913E-16,0.999657324976,
    2.617694830787E-02));
#1561 = DIRECTION('',(0.,-2.617694830787E-02,0.999657324976));
#1562 = ORIENTED_EDGE('',*,*,#1563,.T.);
#1563 = EDGE_CURVE('',#1555,#1564,#1566,.T.);
#1564 = VERTEX_POINT('',#1565);
#1565 = CARTESIAN_POINT('',(29.59616125217,-57.23019360427,-32.7787));
#1566 = B_SPLINE_CURVE_WITH_KNOTS('',3,(#1567,#1568,#1569,#1570,#1571,
    #1572,#1573,#1574,#1575,#1576,#1577,#1578),.UNSPECIFIED.,.F.,.F.,(4,
    2,2,2,2,4),(1.225390580882E-03,6.57550933722E-03,1.315101867444E-02,
    4.065768878975E-02,7.43490862535E-02,0.108040483717),.UNSPECIFIED.);
#1567 = CARTESIAN_POINT('',(28.755148088128,-57.69993258128,
    -32.32110054801));
#1568 = CARTESIAN_POINT('',(28.75685578638,-57.69946266461,
    -32.3390459416));
#1569 = CARTESIAN_POINT('',(28.762521035996,-57.69791022665,
    -32.35705721291));
#1570 = CARTESIAN_POINT('',(28.780970930754,-57.69266779242,
    -32.394664147));
#1571 = CARTESIAN_POINT('',(28.795146020913,-57.68853802088,
    -32.41371443421));
#1572 = CARTESIAN_POINT('',(28.868407570321,-57.66616069523,
    -32.49761086619));
#1573 = CARTESIAN_POINT('',(28.957231872413,-57.63443489405,
    -32.55426408597));
#1574 = CARTESIAN_POINT('',(29.12296751609,-57.56161018897,
    -32.6482940317));
#1575 = CARTESIAN_POINT('',(29.223943293015,-57.50858369056,
    -32.69406652813));
#1576 = CARTESIAN_POINT('',(29.419429915446,-57.38122288318,
    -32.75948983963));
#1577 = CARTESIAN_POINT('',(29.514006187127,-57.30676305996,-32.7787));
#1578 = CARTESIAN_POINT('',(29.59616125217,-57.23019360427,-32.7787));
#1579 = ORIENTED_EDGE('',*,*,#1580,.T.);
#1580 = EDGE_CURVE('',#1564,#1581,#1583,.T.);
#1581 = VERTEX_POINT('',#1582);
#1582 = CARTESIAN_POINT('',(29.696593604279,-57.12976125217,-32.7787));
#1583 = CIRCLE('',#1584,2.0193);
#1584 = AXIS2_PLACEMENT_3D('',#1585,#1586,#1587);
#1585 = CARTESIAN_POINT('',(28.2194,-55.753,-32.7787));
#1586 = DIRECTION('',(0.,0.,1.));
#1587 = DIRECTION('',(1.,0.,-0.));
#1588 = ORIENTED_EDGE('',*,*,#1589,.T.);
#1589 = EDGE_CURVE('',#1581,#1590,#1592,.T.);
#1590 = VERTEX_POINT('',#1591);
#1591 = CARTESIAN_POINT('',(30.166332581285,-56.28874808812,
    -32.32110054801));
#1592 = B_SPLINE_CURVE_WITH_KNOTS('',3,(#1593,#1594,#1595,#1596,#1597,
    #1598,#1599,#1600,#1601,#1602,#1603,#1604),.UNSPECIFIED.,.F.,.F.,(4,
    2,2,2,2,4),(0.27180656469,0.305497962154,0.339189359618,
    0.366696029733,0.373271539071,0.378621657827),.UNSPECIFIED.);
#1593 = CARTESIAN_POINT('',(29.696593604279,-57.12976125217,-32.7787));
#1594 = CARTESIAN_POINT('',(29.773163059964,-57.04760618712,-32.7787));
#1595 = CARTESIAN_POINT('',(29.847622883182,-56.95302991544,
    -32.75948983963));
#1596 = CARTESIAN_POINT('',(29.974983690565,-56.75754329301,
    -32.69406652813));
#1597 = CARTESIAN_POINT('',(30.028010188973,-56.65656751609,
    -32.6482940317));
#1598 = CARTESIAN_POINT('',(30.100834894051,-56.49083187241,
    -32.55426408597));
#1599 = CARTESIAN_POINT('',(30.132560695231,-56.40200757032,
    -32.49761086619));
#1600 = CARTESIAN_POINT('',(30.154938020881,-56.32874602091,
    -32.41371443421));
#1601 = CARTESIAN_POINT('',(30.159067792429,-56.31457093075,
    -32.394664147));
#1602 = CARTESIAN_POINT('',(30.164310226652,-56.29612103599,
    -32.35705721291));
#1603 = CARTESIAN_POINT('',(30.165862664616,-56.29045578638,
    -32.3390459416));
#1604 = CARTESIAN_POINT('',(30.166332581285,-56.28874808812,
    -32.32110054801));
#1605 = ORIENTED_EDGE('',*,*,#1606,.T.);
#1606 = EDGE_CURVE('',#1590,#1607,#1609,.T.);
#1607 = VERTEX_POINT('',#1608);
#1608 = CARTESIAN_POINT('',(30.166332581285,-55.21725191187,
    -32.32110054801));
#1609 = ELLIPSE('',#1610,77.140389943493,2.0193);
#1610 = AXIS2_PLACEMENT_3D('',#1611,#1612,#1613);
#1611 = CARTESIAN_POINT('',(28.2194,-55.753,-106.6714561824));
#1612 = DIRECTION('',(-0.999657324976,-7.728426216472E-17,
    2.617694830787E-02));
#1613 = DIRECTION('',(2.617694830787E-02,0.,0.999657324976));
#1614 = ORIENTED_EDGE('',*,*,#1615,.T.);
#1615 = EDGE_CURVE('',#1607,#1616,#1618,.T.);
#1616 = VERTEX_POINT('',#1617);
#1617 = CARTESIAN_POINT('',(29.696593604279,-54.37623874783,-32.7787));
#1618 = B_SPLINE_CURVE_WITH_KNOTS('',3,(#1619,#1620,#1621,#1622,#1623,
    #1624,#1625,#1626,#1627,#1628,#1629,#1630),.UNSPECIFIED.,.F.,.F.,(4,
    2,2,2,2,4),(1.225390580882E-03,6.575509337219E-03,1.315101867444E-02
    ,4.065768878975E-02,7.43490862535E-02,0.108040483717),
  .UNSPECIFIED.);
#1619 = CARTESIAN_POINT('',(30.166332581285,-55.21725191187,
    -32.32110054801));
#1620 = CARTESIAN_POINT('',(30.165862664616,-55.21554421362,
    -32.3390459416));
#1621 = CARTESIAN_POINT('',(30.164310226652,-55.209878964,
    -32.35705721291));
#1622 = CARTESIAN_POINT('',(30.159067792429,-55.19142906924,
    -32.394664147));
#1623 = CARTESIAN_POINT('',(30.154938020881,-55.17725397908,
    -32.41371443421));
#1624 = CARTESIAN_POINT('',(30.132560695231,-55.10399242967,
    -32.49761086619));
#1625 = CARTESIAN_POINT('',(30.100834894051,-55.01516812758,
    -32.55426408597));
#1626 = CARTESIAN_POINT('',(30.028010188973,-54.84943248391,
    -32.6482940317));
#1627 = CARTESIAN_POINT('',(29.974983690565,-54.74845670698,
    -32.69406652813));
#1628 = CARTESIAN_POINT('',(29.847622883182,-54.55297008455,
    -32.75948983963));
#1629 = CARTESIAN_POINT('',(29.773163059964,-54.45839381287,-32.7787));
#1630 = CARTESIAN_POINT('',(29.696593604279,-54.37623874783,-32.7787));
#1631 = ORIENTED_EDGE('',*,*,#1632,.T.);
#1632 = EDGE_CURVE('',#1616,#1633,#1635,.T.);
#1633 = VERTEX_POINT('',#1634);
#1634 = CARTESIAN_POINT('',(26.2001,-55.753,-32.7787));
#1635 = CIRCLE('',#1636,2.0193);
#1636 = AXIS2_PLACEMENT_3D('',#1637,#1638,#1639);
#1637 = CARTESIAN_POINT('',(28.2194,-55.753,-32.7787));
#1638 = DIRECTION('',(0.,0.,1.));
#1639 = DIRECTION('',(1.,0.,-0.));
#1640 = ORIENTED_EDGE('',*,*,#1641,.T.);
#1641 = EDGE_CURVE('',#1633,#1642,#1644,.T.);
#1642 = VERTEX_POINT('',#1643);
#1643 = CARTESIAN_POINT('',(26.2001,-55.753,0.));
#1644 = LINE('',#1645,#1646);
#1645 = CARTESIAN_POINT('',(26.2001,-55.753,0.));
#1646 = VECTOR('',#1647,1.);
#1647 = DIRECTION('',(0.,0.,1.));
#1648 = ORIENTED_EDGE('',*,*,#1649,.T.);
#1649 = EDGE_CURVE('',#1642,#1642,#1650,.T.);
#1650 = CIRCLE('',#1651,2.0193);
#1651 = AXIS2_PLACEMENT_3D('',#1652,#1653,#1654);
#1652 = CARTESIAN_POINT('',(28.2194,-55.753,0.));
#1653 = DIRECTION('',(0.,0.,-1.));
#1654 = DIRECTION('',(1.,0.,0.));
#1655 = ORIENTED_EDGE('',*,*,#1641,.F.);
#1656 = ORIENTED_EDGE('',*,*,#1657,.T.);
#1657 = EDGE_CURVE('',#1633,#1658,#1660,.T.);
#1658 = VERTEX_POINT('',#1659);
#1659 = CARTESIAN_POINT('',(26.84263874783,-57.23019360427,-32.7787));
#1660 = CIRCLE('',#1661,2.0193);
#1661 = AXIS2_PLACEMENT_3D('',#1662,#1663,#1664);
#1662 = CARTESIAN_POINT('',(28.2194,-55.753,-32.7787));
#1663 = DIRECTION('',(0.,0.,1.));
#1664 = DIRECTION('',(1.,0.,-0.));
#1665 = ORIENTED_EDGE('',*,*,#1666,.T.);
#1666 = EDGE_CURVE('',#1658,#1553,#1667,.T.);
#1667 = B_SPLINE_CURVE_WITH_KNOTS('',3,(#1668,#1669,#1670,#1671,#1672,
    #1673,#1674,#1675,#1676,#1677,#1678,#1679),.UNSPECIFIED.,.F.,.F.,(4,
    2,2,2,2,4),(0.27180656469,0.305497962154,0.339189359618,
    0.366696029733,0.373271539071,0.378621657827),.UNSPECIFIED.);
#1668 = CARTESIAN_POINT('',(26.84263874783,-57.23019360427,-32.7787));
#1669 = CARTESIAN_POINT('',(26.924793812873,-57.30676305996,-32.7787));
#1670 = CARTESIAN_POINT('',(27.019370084554,-57.38122288318,
    -32.75948983963));
#1671 = CARTESIAN_POINT('',(27.214856706985,-57.50858369056,
    -32.69406652813));
#1672 = CARTESIAN_POINT('',(27.31583248391,-57.56161018897,
    -32.6482940317));
#1673 = CARTESIAN_POINT('',(27.481568127587,-57.63443489405,
    -32.55426408597));
#1674 = CARTESIAN_POINT('',(27.570392429679,-57.66616069523,
    -32.49761086619));
#1675 = CARTESIAN_POINT('',(27.643653979087,-57.68853802088,
    -32.41371443421));
#1676 = CARTESIAN_POINT('',(27.657829069246,-57.69266779242,
    -32.394664147));
#1677 = CARTESIAN_POINT('',(27.676278964004,-57.69791022665,
    -32.35705721291));
#1678 = CARTESIAN_POINT('',(27.68194421362,-57.69946266461,
    -32.3390459416));
#1679 = CARTESIAN_POINT('',(27.683651911872,-57.69993258128,
    -32.32110054801));
#1680 = CYLINDRICAL_SURFACE('',#1681,2.0193);
#1681 = AXIS2_PLACEMENT_3D('',#1682,#1683,#1684);
#1682 = CARTESIAN_POINT('',(28.2194,-55.753,0.));
#1683 = DIRECTION('',(0.,0.,-1.));
#1684 = DIRECTION('',(1.,0.,0.));
#1685 = ADVANCED_FACE('',(#1686),#1698,.F.);
#1686 = FACE_BOUND('',#1687,.F.);
#1687 = EDGE_LOOP('',(#1688,#1689,#1690,#1697));
#1688 = ORIENTED_EDGE('',*,*,#953,.T.);
#1689 = ORIENTED_EDGE('',*,*,#1529,.F.);
#1690 = ORIENTED_EDGE('',*,*,#1691,.F.);
#1691 = EDGE_CURVE('',#1003,#1530,#1692,.T.);
#1692 = CIRCLE('',#1693,0.889);
#1693 = AXIS2_PLACEMENT_3D('',#1694,#1695,#1696);
#1694 = CARTESIAN_POINT('',(23.8125,-57.65729038526,0.));
#1695 = DIRECTION('',(0.,0.,1.));
#1696 = DIRECTION('',(1.998151675366E-14,-1.,0.));
#1697 = ORIENTED_EDGE('',*,*,#1010,.T.);
#1698 = CYLINDRICAL_SURFACE('',#1699,0.889);
#1699 = AXIS2_PLACEMENT_3D('',#1700,#1701,#1702);
#1700 = CARTESIAN_POINT('',(23.8125,-57.65729038526,0.));
#1701 = DIRECTION('',(0.,0.,-1.));
#1702 = DIRECTION('',(1.998151675366E-14,-1.,0.));
#1703 = ADVANCED_FACE('',(#1704),#1713,.F.);
#1704 = FACE_BOUND('',#1705,.T.);
#1705 = EDGE_LOOP('',(#1706,#1707));
#1706 = ORIENTED_EDGE('',*,*,#340,.T.);
#1707 = ORIENTED_EDGE('',*,*,#1708,.T.);
#1708 = EDGE_CURVE('',#219,#324,#1709,.T.);
#1709 = LINE('',#1710,#1711);
#1710 = CARTESIAN_POINT('',(30.166332581285,-28.72105,-32.32110054801));
#1711 = VECTOR('',#1712,1.);
#1712 = DIRECTION('',(7.731075462946E-17,-1.,0.));
#1713 = PLANE('',#1714);
#1714 = AXIS2_PLACEMENT_3D('',#1715,#1716,#1717);
#1715 = CARTESIAN_POINT('',(31.014109371568,-57.4421,5.418890069213E-02)
  );
#1716 = DIRECTION('',(0.999657324976,7.728426216472E-17,
    -2.617694830787E-02));
#1717 = DIRECTION('',(7.731075462946E-17,-1.,-1.54074395551E-33));
#1718 = ADVANCED_FACE('',(#1719),#1728,.F.);
#1719 = FACE_BOUND('',#1720,.T.);
#1720 = EDGE_LOOP('',(#1721,#1722));
#1721 = ORIENTED_EDGE('',*,*,#1606,.T.);
#1722 = ORIENTED_EDGE('',*,*,#1723,.T.);
#1723 = EDGE_CURVE('',#1607,#1590,#1724,.T.);
#1724 = LINE('',#1725,#1726);
#1725 = CARTESIAN_POINT('',(30.166332581285,-28.72105,-32.32110054801));
#1726 = VECTOR('',#1727,1.);
#1727 = DIRECTION('',(7.731075462946E-17,-1.,0.));
#1728 = PLANE('',#1729);
#1729 = AXIS2_PLACEMENT_3D('',#1730,#1731,#1732);
#1730 = CARTESIAN_POINT('',(31.014109371568,-57.4421,5.418890069213E-02)
  );
#1731 = DIRECTION('',(0.999657324976,7.728426216472E-17,
    -2.617694830787E-02));
#1732 = DIRECTION('',(7.731075462946E-17,-1.,-1.54074395551E-33));
#1733 = ADVANCED_FACE('',(#1734),#1740,.F.);
#1734 = FACE_BOUND('',#1735,.F.);
#1735 = EDGE_LOOP('',(#1736,#1737,#1738,#1739));
#1736 = ORIENTED_EDGE('',*,*,#1708,.T.);
#1737 = ORIENTED_EDGE('',*,*,#323,.F.);
#1738 = ORIENTED_EDGE('',*,*,#987,.T.);
#1739 = ORIENTED_EDGE('',*,*,#218,.F.);
#1740 = CYLINDRICAL_SURFACE('',#1741,0.4699);
#1741 = AXIS2_PLACEMENT_3D('',#1742,#1743,#1744);
#1742 = CARTESIAN_POINT('',(29.696593604279,-28.72105,-32.3088));
#1743 = DIRECTION('',(-7.731075462946E-17,1.,0.));
#1744 = DIRECTION('',(0.697790459842,5.394670702359E-17,-0.716301943425)
  );
#1745 = ADVANCED_FACE('',(#1746),#1757,.F.);
#1746 = FACE_BOUND('',#1747,.F.);
#1747 = EDGE_LOOP('',(#1748,#1754,#1755,#1756));
#1748 = ORIENTED_EDGE('',*,*,#1749,.T.);
#1749 = EDGE_CURVE('',#1581,#1616,#1750,.T.);
#1750 = LINE('',#1751,#1752);
#1751 = CARTESIAN_POINT('',(29.696593604279,-28.72105,-32.7787));
#1752 = VECTOR('',#1753,1.);
#1753 = DIRECTION('',(-7.731075462946E-17,1.,0.));
#1754 = ORIENTED_EDGE('',*,*,#1615,.F.);
#1755 = ORIENTED_EDGE('',*,*,#1723,.T.);
#1756 = ORIENTED_EDGE('',*,*,#1589,.F.);
#1757 = CYLINDRICAL_SURFACE('',#1758,0.4699);
#1758 = AXIS2_PLACEMENT_3D('',#1759,#1760,#1761);
#1759 = CARTESIAN_POINT('',(29.696593604279,-28.72105,-32.3088));
#1760 = DIRECTION('',(-7.731075462946E-17,1.,0.));
#1761 = DIRECTION('',(0.697790459842,5.394670702359E-17,-0.716301943425)
  );
#1762 = ADVANCED_FACE('',(#1763),#1772,.F.);
#1763 = FACE_BOUND('',#1764,.T.);
#1764 = EDGE_LOOP('',(#1765,#1766));
#1765 = ORIENTED_EDGE('',*,*,#894,.T.);
#1766 = ORIENTED_EDGE('',*,*,#1767,.T.);
#1767 = EDGE_CURVE('',#773,#878,#1768,.T.);
#1768 = LINE('',#1769,#1770);
#1769 = CARTESIAN_POINT('',(-14.95425,-57.69993258128,-32.32110054801));
#1770 = VECTOR('',#1771,1.);
#1771 = DIRECTION('',(-1.,1.484826085728E-16,0.));
#1772 = PLANE('',#1773);
#1773 = AXIS2_PLACEMENT_3D('',#1774,#1775,#1776);
#1774 = CARTESIAN_POINT('',(-29.9085,-58.54770937156,5.418890069213E-02)
  );
#1775 = DIRECTION('',(-1.484317272913E-16,-0.999657324976,
    -2.617694830787E-02));
#1776 = DIRECTION('',(-1.,1.484826085728E-16,7.703719777549E-34));
#1777 = ADVANCED_FACE('',(#1778),#1784,.F.);
#1778 = FACE_BOUND('',#1779,.F.);
#1779 = EDGE_LOOP('',(#1780,#1781,#1782,#1783));
#1780 = ORIENTED_EDGE('',*,*,#1767,.T.);
#1781 = ORIENTED_EDGE('',*,*,#877,.F.);
#1782 = ORIENTED_EDGE('',*,*,#1421,.T.);
#1783 = ORIENTED_EDGE('',*,*,#772,.F.);
#1784 = CYLINDRICAL_SURFACE('',#1785,0.4699);
#1785 = AXIS2_PLACEMENT_3D('',#1786,#1787,#1788);
#1786 = CARTESIAN_POINT('',(-14.95425,-57.23019360427,-32.3088));
#1787 = DIRECTION('',(1.,-1.484826085728E-16,0.));
#1788 = DIRECTION('',(-1.036097477145E-16,-0.697790459842,
    -0.716301943425));
#1789 = ADVANCED_FACE('',(#1790),#1806,.F.);
#1790 = FACE_BOUND('',#1791,.F.);
#1791 = EDGE_LOOP('',(#1792,#1798,#1799,#1805));
#1792 = ORIENTED_EDGE('',*,*,#1793,.T.);
#1793 = EDGE_CURVE('',#1555,#1553,#1794,.T.);
#1794 = LINE('',#1795,#1796);
#1795 = CARTESIAN_POINT('',(-14.95425,-57.69993258128,-32.32110054801));
#1796 = VECTOR('',#1797,1.);
#1797 = DIRECTION('',(-1.,1.484826085728E-16,0.));
#1798 = ORIENTED_EDGE('',*,*,#1666,.F.);
#1799 = ORIENTED_EDGE('',*,*,#1800,.T.);
#1800 = EDGE_CURVE('',#1658,#1564,#1801,.T.);
#1801 = LINE('',#1802,#1803);
#1802 = CARTESIAN_POINT('',(-14.95425,-57.23019360427,-32.7787));
#1803 = VECTOR('',#1804,1.);
#1804 = DIRECTION('',(1.,-1.484826085728E-16,0.));
#1805 = ORIENTED_EDGE('',*,*,#1563,.F.);
#1806 = CYLINDRICAL_SURFACE('',#1807,0.4699);
#1807 = AXIS2_PLACEMENT_3D('',#1808,#1809,#1810);
#1808 = CARTESIAN_POINT('',(-14.95425,-57.23019360427,-32.3088));
#1809 = DIRECTION('',(1.,-1.484826085728E-16,0.));
#1810 = DIRECTION('',(-1.036097477145E-16,-0.697790459842,
    -0.716301943425));
#1811 = ADVANCED_FACE('',(#1812),#1823,.F.);
#1812 = FACE_BOUND('',#1813,.F.);
#1813 = EDGE_LOOP('',(#1814,#1820,#1821,#1822));
#1814 = ORIENTED_EDGE('',*,*,#1815,.T.);
#1815 = EDGE_CURVE('',#1197,#1155,#1816,.T.);
#1816 = LINE('',#1817,#1818);
#1817 = CARTESIAN_POINT('',(-30.16633258128,28.72105,-32.32110054801));
#1818 = VECTOR('',#1819,1.);
#1819 = DIRECTION('',(0.,1.,0.));
#1820 = ORIENTED_EDGE('',*,*,#1152,.F.);
#1821 = ORIENTED_EDGE('',*,*,#1438,.T.);
#1822 = ORIENTED_EDGE('',*,*,#1205,.F.);
#1823 = CYLINDRICAL_SURFACE('',#1824,0.4699);
#1824 = AXIS2_PLACEMENT_3D('',#1825,#1826,#1827);
#1825 = CARTESIAN_POINT('',(-29.69659360427,28.72105,-32.3088));
#1826 = DIRECTION('',(0.,-1.,0.));
#1827 = DIRECTION('',(-0.697790459842,-0.,-0.716301943425));
#1828 = ADVANCED_FACE('',(#1829),#1836,.F.);
#1829 = FACE_BOUND('',#1830,.T.);
#1830 = EDGE_LOOP('',(#1831,#1832,#1833,#1834,#1835));
#1831 = ORIENTED_EDGE('',*,*,#1580,.T.);
#1832 = ORIENTED_EDGE('',*,*,#1749,.T.);
#1833 = ORIENTED_EDGE('',*,*,#1632,.T.);
#1834 = ORIENTED_EDGE('',*,*,#1657,.T.);
#1835 = ORIENTED_EDGE('',*,*,#1800,.T.);
#1836 = PLANE('',#1837);
#1837 = AXIS2_PLACEMENT_3D('',#1838,#1839,#1840);
#1838 = CARTESIAN_POINT('',(0.,0.,-32.7787));
#1839 = DIRECTION('',(0.,0.,-1.));
#1840 = DIRECTION('',(-1.,0.,0.));
#1841 = ADVANCED_FACE('',(#1842),#1846,.F.);
#1842 = FACE_BOUND('',#1843,.T.);
#1843 = EDGE_LOOP('',(#1844,#1845));
#1844 = ORIENTED_EDGE('',*,*,#1552,.T.);
#1845 = ORIENTED_EDGE('',*,*,#1793,.T.);
#1846 = PLANE('',#1847);
#1847 = AXIS2_PLACEMENT_3D('',#1848,#1849,#1850);
#1848 = CARTESIAN_POINT('',(-29.9085,-58.54770937156,5.418890069213E-02)
  );
#1849 = DIRECTION('',(-1.484317272913E-16,-0.999657324976,
    -2.617694830787E-02));
#1850 = DIRECTION('',(-1.,1.484826085728E-16,7.703719777549E-34));
#1851 = ADVANCED_FACE('',(#1852),#1857,.F.);
#1852 = FACE_BOUND('',#1853,.T.);
#1853 = EDGE_LOOP('',(#1854,#1855,#1856));
#1854 = ORIENTED_EDGE('',*,*,#1171,.T.);
#1855 = ORIENTED_EDGE('',*,*,#1196,.T.);
#1856 = ORIENTED_EDGE('',*,*,#1815,.T.);
#1857 = PLANE('',#1858);
#1858 = AXIS2_PLACEMENT_3D('',#1859,#1860,#1861);
#1859 = CARTESIAN_POINT('',(-31.01410937156,57.4421,5.418890069213E-02)
  );
#1860 = DIRECTION('',(-0.999657324976,0.,-2.617694830787E-02));
#1861 = DIRECTION('',(0.,1.,0.));
#1862 = ADVANCED_FACE('',(#1863),#1935,.T.);
#1863 = FACE_BOUND('',#1864,.T.);
#1864 = EDGE_LOOP('',(#1865,#1894,#1902,#1929));
#1865 = ORIENTED_EDGE('',*,*,#1866,.T.);
#1866 = EDGE_CURVE('',#1867,#1869,#1871,.T.);
#1867 = VERTEX_POINT('',#1868);
#1868 = CARTESIAN_POINT('',(29.696593604279,57.230193604279,-34.8488));
#1869 = VERTEX_POINT('',#1870);
#1870 = CARTESIAN_POINT('',(32.235723209716,57.4421,-32.3752894487));
#1871 = B_SPLINE_CURVE_WITH_KNOTS('',3,(#1872,#1873,#1874,#1875,#1876,
    #1877,#1878,#1879,#1880,#1881,#1882,#1883,#1884,#1885,#1886,#1887,
    #1888,#1889,#1890,#1891,#1892,#1893),.UNSPECIFIED.,.F.,.F.,(4,3,3,3,
    3,3,3,4),(0.,0.237052169861,0.474041766995,0.710979215645,
    0.948068551264,1.185032159353,1.422056789244,1.546867793229),
  .UNSPECIFIED.);
#1872 = CARTESIAN_POINT('',(29.696593604279,57.230193604279,-34.8488));
#1873 = CARTESIAN_POINT('',(29.897005657737,57.241018246422,-34.8488));
#1874 = CARTESIAN_POINT('',(30.097407252942,57.251842888565,
    -34.82497038576));
#1875 = CARTESIAN_POINT('',(30.292230901776,57.262667530708,
    -34.77797318344));
#1876 = CARTESIAN_POINT('',(30.487003124602,57.273489315559,
    -34.73098838658));
#1877 = CARTESIAN_POINT('',(30.67618004445,57.284311100409,
    -34.66085318735));
#1878 = CARTESIAN_POINT('',(30.854508764377,57.29513288526,
    -34.56951503777));
#1879 = CARTESIAN_POINT('',(31.03279824388,57.305952288826,
    -34.47819698673));
#1880 = CARTESIAN_POINT('',(31.200225741261,57.316771692392,
    -34.36569487373));
#1881 = CARTESIAN_POINT('',(31.352144306969,57.327591095958,
    -34.23513119447));
#1882 = CARTESIAN_POINT('',(31.504160258931,57.338417435221,
    -34.10448381836));
#1883 = CARTESIAN_POINT('',(31.640631437347,57.349243774485,
    -33.95576523646));
#1884 = CARTESIAN_POINT('',(31.757765267892,57.360070113748,
    -33.79310838208));
#1885 = CARTESIAN_POINT('',(31.874836982833,57.370890711847,
    -33.63053778397));
#1886 = CARTESIAN_POINT('',(31.972579737732,57.381711309946,
    -33.45406071535));
#1887 = CARTESIAN_POINT('',(32.048280088723,57.392531908044,
    -33.2685763692));
#1888 = CARTESIAN_POINT('',(32.123999933728,57.403355292615,
    -33.08304425795));
#1889 = CARTESIAN_POINT('',(32.177658072683,57.414178677185,
    -32.88851955534));
#1890 = CARTESIAN_POINT('',(32.207764137115,57.425002061756,
    -32.69040523452));
#1891 = CARTESIAN_POINT('',(32.223617207445,57.430701374504,
    -32.58608338705));
#1892 = CARTESIAN_POINT('',(32.23296103087,57.436400687252,
    -32.48077280315));
#1893 = CARTESIAN_POINT('',(32.235723209716,57.4421,-32.3752894487));
#1894 = ORIENTED_EDGE('',*,*,#1895,.T.);
#1895 = EDGE_CURVE('',#1869,#1896,#1898,.T.);
#1896 = VERTEX_POINT('',#1897);
#1897 = CARTESIAN_POINT('',(32.235723209716,-57.4421,-32.3752894487));
#1898 = LINE('',#1899,#1900);
#1899 = CARTESIAN_POINT('',(32.235723209716,-28.72105,-32.3752894487));
#1900 = VECTOR('',#1901,1.);
#1901 = DIRECTION('',(7.731075462946E-17,-1.,0.));
#1902 = ORIENTED_EDGE('',*,*,#1903,.T.);
#1903 = EDGE_CURVE('',#1896,#1904,#1906,.T.);
#1904 = VERTEX_POINT('',#1905);
#1905 = CARTESIAN_POINT('',(29.696593604279,-57.23019360427,-34.8488));
#1906 = B_SPLINE_CURVE_WITH_KNOTS('',3,(#1907,#1908,#1909,#1910,#1911,
    #1912,#1913,#1914,#1915,#1916,#1917,#1918,#1919,#1920,#1921,#1922,
    #1923,#1924,#1925,#1926,#1927,#1928),.UNSPECIFIED.,.F.,.F.,(4,3,3,3,
    3,3,3,4),(0.,0.237052169861,0.474041766995,0.710979215645,
    0.948068551264,1.185032159353,1.422056789244,1.546867793229),
  .UNSPECIFIED.);
#1907 = CARTESIAN_POINT('',(32.235723209716,-57.4421,-32.3752894487));
#1908 = CARTESIAN_POINT('',(32.230477033753,-57.43127535785,
    -32.57563282595));
#1909 = CARTESIAN_POINT('',(32.201409683136,-57.42045071571,
    -32.77534196195));
#1910 = CARTESIAN_POINT('',(32.149328696993,-57.40962607357,
    -32.96886860625));
#1911 = CARTESIAN_POINT('',(32.097261458243,-57.39880428872,
    -33.1623441669));
#1912 = CARTESIAN_POINT('',(32.022198218144,-57.38798250386,
    -33.34962033506));
#1913 = CARTESIAN_POINT('',(31.92622326618,-57.37716071901,
    -33.52549699217));
#1914 = CARTESIAN_POINT('',(31.830269433069,-57.36634131545,
    -33.70133494842));
#1915 = CARTESIAN_POINT('',(31.713423130784,-57.35552191188,
    -33.86576011058));
#1916 = CARTESIAN_POINT('',(31.578927428003,-57.34470250832,
    -34.01420885891));
#1917 = CARTESIAN_POINT('',(31.444345507762,-57.33387616905,
    -34.16275276919));
#1918 = CARTESIAN_POINT('',(31.29210548903,-57.32304982979,
    -34.29528418371));
#1919 = CARTESIAN_POINT('',(31.126438166857,-57.31222349053,
    -34.40812001535));
#1920 = CARTESIAN_POINT('',(30.960858697406,-57.30140289243,
    -34.52089601059));
#1921 = CARTESIAN_POINT('',(30.781883496025,-57.29058229433,
    -34.61398564039));
#1922 = CARTESIAN_POINT('',(30.594481106551,-57.27976169623,
    -34.68480463662));
#1923 = CARTESIAN_POINT('',(30.407030458058,-57.26893831166,
    -34.75564186984));
#1924 = CARTESIAN_POINT('',(30.211167807873,-57.25811492709,
    -34.80418955841));
#1925 = CARTESIAN_POINT('',(30.012333290988,-57.24729154252,
    -34.82909927791));
#1926 = CARTESIAN_POINT('',(29.907632207008,-57.24159222977,
    -34.84221608818));
#1927 = CARTESIAN_POINT('',(29.802113117631,-57.23589291702,-34.8488));
#1928 = CARTESIAN_POINT('',(29.696593604279,-57.23019360427,-34.8488));
#1929 = ORIENTED_EDGE('',*,*,#1930,.T.);
#1930 = EDGE_CURVE('',#1904,#1867,#1931,.T.);
#1931 = LINE('',#1932,#1933);
#1932 = CARTESIAN_POINT('',(29.696593604279,-28.72105,-34.8488));
#1933 = VECTOR('',#1934,1.);
#1934 = DIRECTION('',(-7.731075462946E-17,1.,0.));
#1935 = CYLINDRICAL_SURFACE('',#1936,2.54);
#1936 = AXIS2_PLACEMENT_3D('',#1937,#1938,#1939);
#1937 = CARTESIAN_POINT('',(29.696593604279,-28.72105,-32.3088));
#1938 = DIRECTION('',(-7.731075462946E-17,1.,0.));
#1939 = DIRECTION('',(0.697790459842,5.394670702359E-17,-0.716301943425)
  );
#1940 = ADVANCED_FACE('',(#1941),#2011,.T.);
#1941 = FACE_BOUND('',#1942,.T.);
#1942 = EDGE_LOOP('',(#1943,#1970,#1978,#2005));
#1943 = ORIENTED_EDGE('',*,*,#1944,.T.);
#1944 = EDGE_CURVE('',#1904,#1945,#1947,.T.);
#1945 = VERTEX_POINT('',#1946);
#1946 = CARTESIAN_POINT('',(29.9085,-59.76932320971,-32.3752894487));
#1947 = B_SPLINE_CURVE_WITH_KNOTS('',3,(#1948,#1949,#1950,#1951,#1952,
    #1953,#1954,#1955,#1956,#1957,#1958,#1959,#1960,#1961,#1962,#1963,
    #1964,#1965,#1966,#1967,#1968,#1969),.UNSPECIFIED.,.F.,.F.,(4,3,3,3,
    3,3,3,4),(0.,0.237052169861,0.474041766995,0.710979215645,
    0.948068551264,1.185032159353,1.422056789244,1.546867793229),
  .UNSPECIFIED.);
#1948 = CARTESIAN_POINT('',(29.696593604279,-57.23019360427,-34.8488));
#1949 = CARTESIAN_POINT('',(29.707418246422,-57.43060565773,-34.8488));
#1950 = CARTESIAN_POINT('',(29.718242888565,-57.63100725294,
    -34.82497038576));
#1951 = CARTESIAN_POINT('',(29.729067530708,-57.82583090177,
    -34.77797318344));
#1952 = CARTESIAN_POINT('',(29.739889315559,-58.0206031246,
    -34.73098838658));
#1953 = CARTESIAN_POINT('',(29.750711100409,-58.20978004445,
    -34.66085318735));
#1954 = CARTESIAN_POINT('',(29.76153288526,-58.38810876437,
    -34.56951503777));
#1955 = CARTESIAN_POINT('',(29.772352288826,-58.56639824388,
    -34.47819698673));
#1956 = CARTESIAN_POINT('',(29.783171692392,-58.73382574126,
    -34.36569487373));
#1957 = CARTESIAN_POINT('',(29.793991095958,-58.88574430696,
    -34.23513119447));
#1958 = CARTESIAN_POINT('',(29.804817435221,-59.03776025893,
    -34.10448381836));
#1959 = CARTESIAN_POINT('',(29.815643774485,-59.17423143734,
    -33.95576523646));
#1960 = CARTESIAN_POINT('',(29.826470113748,-59.29136526789,
    -33.79310838208));
#1961 = CARTESIAN_POINT('',(29.837290711847,-59.40843698283,
    -33.63053778397));
#1962 = CARTESIAN_POINT('',(29.848111309946,-59.50617973773,
    -33.45406071535));
#1963 = CARTESIAN_POINT('',(29.858931908044,-59.58188008872,
    -33.2685763692));
#1964 = CARTESIAN_POINT('',(29.869755292615,-59.65759993372,
    -33.08304425795));
#1965 = CARTESIAN_POINT('',(29.880578677185,-59.71125807268,
    -32.88851955534));
#1966 = CARTESIAN_POINT('',(29.891402061756,-59.74136413711,
    -32.69040523452));
#1967 = CARTESIAN_POINT('',(29.897101374504,-59.75721720744,
    -32.58608338705));
#1968 = CARTESIAN_POINT('',(29.902800687252,-59.76656103087,
    -32.48077280315));
#1969 = CARTESIAN_POINT('',(29.9085,-59.76932320971,-32.3752894487));
#1970 = ORIENTED_EDGE('',*,*,#1971,.T.);
#1971 = EDGE_CURVE('',#1945,#1972,#1974,.T.);
#1972 = VERTEX_POINT('',#1973);
#1973 = CARTESIAN_POINT('',(-29.9085,-59.76932320971,-32.3752894487));
#1974 = LINE('',#1975,#1976);
#1975 = CARTESIAN_POINT('',(-14.95425,-59.76932320971,-32.3752894487));
#1976 = VECTOR('',#1977,1.);
#1977 = DIRECTION('',(-1.,1.484826085728E-16,0.));
#1978 = ORIENTED_EDGE('',*,*,#1979,.T.);
#1979 = EDGE_CURVE('',#1972,#1980,#1982,.T.);
#1980 = VERTEX_POINT('',#1981);
#1981 = CARTESIAN_POINT('',(-29.69659360427,-57.23019360427,-34.8488));
#1982 = B_SPLINE_CURVE_WITH_KNOTS('',3,(#1983,#1984,#1985,#1986,#1987,
    #1988,#1989,#1990,#1991,#1992,#1993,#1994,#1995,#1996,#1997,#1998,
    #1999,#2000,#2001,#2002,#2003,#2004),.UNSPECIFIED.,.F.,.F.,(4,3,3,3,
    3,3,3,4),(0.,0.237052169861,0.474041766995,0.710979215645,
    0.948068551264,1.185032159353,1.422056789244,1.546867793229),
  .UNSPECIFIED.);
#1983 = CARTESIAN_POINT('',(-29.9085,-59.76932320971,-32.3752894487));
#1984 = CARTESIAN_POINT('',(-29.89767535785,-59.76407703375,
    -32.57563282595));
#1985 = CARTESIAN_POINT('',(-29.88685071571,-59.73500968313,
    -32.77534196195));
#1986 = CARTESIAN_POINT('',(-29.87602607357,-59.68292869699,
    -32.96886860625));
#1987 = CARTESIAN_POINT('',(-29.86520428872,-59.63086145824,
    -33.1623441669));
#1988 = CARTESIAN_POINT('',(-29.85438250386,-59.55579821814,
    -33.34962033506));
#1989 = CARTESIAN_POINT('',(-29.84356071901,-59.45982326618,
    -33.52549699217));
#1990 = CARTESIAN_POINT('',(-29.83274131545,-59.36386943306,
    -33.70133494842));
#1991 = CARTESIAN_POINT('',(-29.82192191188,-59.24702313078,
    -33.86576011058));
#1992 = CARTESIAN_POINT('',(-29.81110250832,-59.112527428,
    -34.01420885891));
#1993 = CARTESIAN_POINT('',(-29.80027616905,-58.97794550776,
    -34.16275276919));
#1994 = CARTESIAN_POINT('',(-29.78944982979,-58.82570548903,
    -34.29528418371));
#1995 = CARTESIAN_POINT('',(-29.77862349053,-58.66003816685,
    -34.40812001535));
#1996 = CARTESIAN_POINT('',(-29.76780289243,-58.4944586974,
    -34.52089601059));
#1997 = CARTESIAN_POINT('',(-29.75698229433,-58.31548349602,
    -34.61398564039));
#1998 = CARTESIAN_POINT('',(-29.74616169623,-58.12808110655,
    -34.68480463662));
#1999 = CARTESIAN_POINT('',(-29.73533831166,-57.94063045805,
    -34.75564186984));
#2000 = CARTESIAN_POINT('',(-29.72451492709,-57.74476780787,
    -34.80418955841));
#2001 = CARTESIAN_POINT('',(-29.71369154252,-57.54593329098,
    -34.82909927791));
#2002 = CARTESIAN_POINT('',(-29.70799222977,-57.441232207,
    -34.84221608818));
#2003 = CARTESIAN_POINT('',(-29.70229291702,-57.33571311763,-34.8488));
#2004 = CARTESIAN_POINT('',(-29.69659360427,-57.23019360427,-34.8488));
#2005 = ORIENTED_EDGE('',*,*,#2006,.T.);
#2006 = EDGE_CURVE('',#1980,#1904,#2007,.T.);
#2007 = LINE('',#2008,#2009);
#2008 = CARTESIAN_POINT('',(-14.95425,-57.23019360427,-34.8488));
#2009 = VECTOR('',#2010,1.);
#2010 = DIRECTION('',(1.,-1.484826085728E-16,0.));
#2011 = CYLINDRICAL_SURFACE('',#2012,2.54);
#2012 = AXIS2_PLACEMENT_3D('',#2013,#2014,#2015);
#2013 = CARTESIAN_POINT('',(-14.95425,-57.23019360427,-32.3088));
#2014 = DIRECTION('',(1.,-1.484826085728E-16,0.));
#2015 = DIRECTION('',(-1.036097477145E-16,-0.697790459842,
    -0.716301943425));
#2016 = ADVANCED_FACE('',(#2017),#2087,.T.);
#2017 = FACE_BOUND('',#2018,.T.);
#2018 = EDGE_LOOP('',(#2019,#2046,#2054,#2081));
#2019 = ORIENTED_EDGE('',*,*,#2020,.T.);
#2020 = EDGE_CURVE('',#1980,#2021,#2023,.T.);
#2021 = VERTEX_POINT('',#2022);
#2022 = CARTESIAN_POINT('',(-32.23572320971,-57.4421,-32.3752894487));
#2023 = B_SPLINE_CURVE_WITH_KNOTS('',3,(#2024,#2025,#2026,#2027,#2028,
    #2029,#2030,#2031,#2032,#2033,#2034,#2035,#2036,#2037,#2038,#2039,
    #2040,#2041,#2042,#2043,#2044,#2045),.UNSPECIFIED.,.F.,.F.,(4,3,3,3,
    3,3,3,4),(0.,0.237052169861,0.474041766995,0.710979215645,
    0.948068551264,1.185032159353,1.422056789244,1.546867793229),
  .UNSPECIFIED.);
#2024 = CARTESIAN_POINT('',(-29.69659360427,-57.23019360427,-34.8488));
#2025 = CARTESIAN_POINT('',(-29.89700565773,-57.24101824642,-34.8488));
#2026 = CARTESIAN_POINT('',(-30.09740725294,-57.25184288856,
    -34.82497038576));
#2027 = CARTESIAN_POINT('',(-30.29223090177,-57.2626675307,
    -34.77797318344));
#2028 = CARTESIAN_POINT('',(-30.4870031246,-57.27348931555,
    -34.73098838658));
#2029 = CARTESIAN_POINT('',(-30.67618004445,-57.2843111004,
    -34.66085318735));
#2030 = CARTESIAN_POINT('',(-30.85450876437,-57.29513288526,
    -34.56951503777));
#2031 = CARTESIAN_POINT('',(-31.03279824388,-57.30595228882,
    -34.47819698673));
#2032 = CARTESIAN_POINT('',(-31.20022574126,-57.31677169239,
    -34.36569487373));
#2033 = CARTESIAN_POINT('',(-31.35214430696,-57.32759109595,
    -34.23513119447));
#2034 = CARTESIAN_POINT('',(-31.50416025893,-57.33841743522,
    -34.10448381836));
#2035 = CARTESIAN_POINT('',(-31.64063143734,-57.34924377448,
    -33.95576523646));
#2036 = CARTESIAN_POINT('',(-31.75776526789,-57.36007011374,
    -33.79310838208));
#2037 = CARTESIAN_POINT('',(-31.87483698283,-57.37089071184,
    -33.63053778397));
#2038 = CARTESIAN_POINT('',(-31.97257973773,-57.38171130994,
    -33.45406071535));
#2039 = CARTESIAN_POINT('',(-32.04828008872,-57.39253190804,
    -33.2685763692));
#2040 = CARTESIAN_POINT('',(-32.12399993372,-57.40335529261,
    -33.08304425795));
#2041 = CARTESIAN_POINT('',(-32.17765807268,-57.41417867718,
    -32.88851955534));
#2042 = CARTESIAN_POINT('',(-32.20776413711,-57.42500206175,
    -32.69040523452));
#2043 = CARTESIAN_POINT('',(-32.22361720744,-57.4307013745,
    -32.58608338705));
#2044 = CARTESIAN_POINT('',(-32.23296103087,-57.43640068725,
    -32.48077280315));
#2045 = CARTESIAN_POINT('',(-32.23572320971,-57.4421,-32.3752894487));
#2046 = ORIENTED_EDGE('',*,*,#2047,.T.);
#2047 = EDGE_CURVE('',#2021,#2048,#2050,.T.);
#2048 = VERTEX_POINT('',#2049);
#2049 = CARTESIAN_POINT('',(-32.23572320971,57.4421,-32.3752894487));
#2050 = LINE('',#2051,#2052);
#2051 = CARTESIAN_POINT('',(-32.23572320971,28.72105,-32.3752894487));
#2052 = VECTOR('',#2053,1.);
#2053 = DIRECTION('',(0.,1.,0.));
#2054 = ORIENTED_EDGE('',*,*,#2055,.T.);
#2055 = EDGE_CURVE('',#2048,#2056,#2058,.T.);
#2056 = VERTEX_POINT('',#2057);
#2057 = CARTESIAN_POINT('',(-29.69659360427,57.230193604279,-34.8488));
#2058 = B_SPLINE_CURVE_WITH_KNOTS('',3,(#2059,#2060,#2061,#2062,#2063,
    #2064,#2065,#2066,#2067,#2068,#2069,#2070,#2071,#2072,#2073,#2074,
    #2075,#2076,#2077,#2078,#2079,#2080),.UNSPECIFIED.,.F.,.F.,(4,3,3,3,
    3,3,3,4),(0.,0.237052169861,0.474041766995,0.710979215645,
    0.948068551264,1.185032159353,1.422056789244,1.546867793229),
  .UNSPECIFIED.);
#2059 = CARTESIAN_POINT('',(-32.23572320971,57.4421,-32.3752894487));
#2060 = CARTESIAN_POINT('',(-32.23047703375,57.431275357857,
    -32.57563282595));
#2061 = CARTESIAN_POINT('',(-32.20140968313,57.420450715714,
    -32.77534196195));
#2062 = CARTESIAN_POINT('',(-32.14932869699,57.409626073571,
    -32.96886860625));
#2063 = CARTESIAN_POINT('',(-32.09726145824,57.39880428872,
    -33.1623441669));
#2064 = CARTESIAN_POINT('',(-32.02219821814,57.387982503869,
    -33.34962033506));
#2065 = CARTESIAN_POINT('',(-31.92622326618,57.377160719019,
    -33.52549699217));
#2066 = CARTESIAN_POINT('',(-31.83026943306,57.366341315453,
    -33.70133494842));
#2067 = CARTESIAN_POINT('',(-31.71342313078,57.355521911887,
    -33.86576011058));
#2068 = CARTESIAN_POINT('',(-31.578927428,57.344702508321,
    -34.01420885891));
#2069 = CARTESIAN_POINT('',(-31.44434550776,57.333876169057,
    -34.16275276919));
#2070 = CARTESIAN_POINT('',(-31.29210548903,57.323049829794,
    -34.29528418371));
#2071 = CARTESIAN_POINT('',(-31.12643816685,57.312223490531,
    -34.40812001535));
#2072 = CARTESIAN_POINT('',(-30.9608586974,57.301402892432,
    -34.52089601059));
#2073 = CARTESIAN_POINT('',(-30.78188349602,57.290582294333,
    -34.61398564039));
#2074 = CARTESIAN_POINT('',(-30.59448110655,57.279761696235,
    -34.68480463662));
#2075 = CARTESIAN_POINT('',(-30.40703045805,57.268938311664,
    -34.75564186984));
#2076 = CARTESIAN_POINT('',(-30.21116780787,57.258114927094,
    -34.80418955841));
#2077 = CARTESIAN_POINT('',(-30.01233329098,57.247291542523,
    -34.82909927791));
#2078 = CARTESIAN_POINT('',(-29.907632207,57.241592229775,
    -34.84221608818));
#2079 = CARTESIAN_POINT('',(-29.80211311763,57.235892917027,-34.8488));
#2080 = CARTESIAN_POINT('',(-29.69659360427,57.230193604279,-34.8488));
#2081 = ORIENTED_EDGE('',*,*,#2082,.T.);
#2082 = EDGE_CURVE('',#2056,#1980,#2083,.T.);
#2083 = LINE('',#2084,#2085);
#2084 = CARTESIAN_POINT('',(-29.69659360427,28.72105,-34.8488));
#2085 = VECTOR('',#2086,1.);
#2086 = DIRECTION('',(0.,-1.,0.));
#2087 = CYLINDRICAL_SURFACE('',#2088,2.54);
#2088 = AXIS2_PLACEMENT_3D('',#2089,#2090,#2091);
#2089 = CARTESIAN_POINT('',(-29.69659360427,28.72105,-32.3088));
#2090 = DIRECTION('',(0.,-1.,0.));
#2091 = DIRECTION('',(-0.697790459842,-0.,-0.716301943425));
#2092 = ADVANCED_FACE('',(#2093),#2161,.T.);
#2093 = FACE_BOUND('',#2094,.T.);
#2094 = EDGE_LOOP('',(#2095,#2122,#2128,#2155));
#2095 = ORIENTED_EDGE('',*,*,#2096,.T.);
#2096 = EDGE_CURVE('',#2097,#1867,#2099,.T.);
#2097 = VERTEX_POINT('',#2098);
#2098 = CARTESIAN_POINT('',(29.9085,59.769323209716,-32.3752894487));
#2099 = B_SPLINE_CURVE_WITH_KNOTS('',3,(#2100,#2101,#2102,#2103,#2104,
    #2105,#2106,#2107,#2108,#2109,#2110,#2111,#2112,#2113,#2114,#2115,
    #2116,#2117,#2118,#2119,#2120,#2121),.UNSPECIFIED.,.F.,.F.,(4,3,3,3,
    3,3,3,4),(0.,0.237052169861,0.474041766995,0.710979215645,
    0.948068551264,1.185032159353,1.422056789244,1.546867793229),
  .UNSPECIFIED.);
#2100 = CARTESIAN_POINT('',(29.9085,59.769323209716,-32.3752894487));
#2101 = CARTESIAN_POINT('',(29.897675357857,59.764077033753,
    -32.57563282595));
#2102 = CARTESIAN_POINT('',(29.886850715714,59.735009683136,
    -32.77534196195));
#2103 = CARTESIAN_POINT('',(29.876026073571,59.682928696993,
    -32.96886860625));
#2104 = CARTESIAN_POINT('',(29.86520428872,59.630861458243,
    -33.1623441669));
#2105 = CARTESIAN_POINT('',(29.854382503869,59.555798218144,
    -33.34962033506));
#2106 = CARTESIAN_POINT('',(29.843560719019,59.45982326618,
    -33.52549699217));
#2107 = CARTESIAN_POINT('',(29.832741315453,59.363869433069,
    -33.70133494842));
#2108 = CARTESIAN_POINT('',(29.821921911887,59.247023130784,
    -33.86576011058));
#2109 = CARTESIAN_POINT('',(29.811102508321,59.112527428003,
    -34.01420885891));
#2110 = CARTESIAN_POINT('',(29.800276169057,58.977945507762,
    -34.16275276919));
#2111 = CARTESIAN_POINT('',(29.789449829794,58.82570548903,
    -34.29528418371));
#2112 = CARTESIAN_POINT('',(29.778623490531,58.660038166857,
    -34.40812001535));
#2113 = CARTESIAN_POINT('',(29.767802892432,58.494458697406,
    -34.52089601059));
#2114 = CARTESIAN_POINT('',(29.756982294333,58.315483496024,
    -34.61398564039));
#2115 = CARTESIAN_POINT('',(29.746161696235,58.128081106551,
    -34.68480463662));
#2116 = CARTESIAN_POINT('',(29.735338311664,57.940630458058,
    -34.75564186984));
#2117 = CARTESIAN_POINT('',(29.724514927094,57.744767807873,
    -34.80418955841));
#2118 = CARTESIAN_POINT('',(29.713691542523,57.545933290988,
    -34.82909927791));
#2119 = CARTESIAN_POINT('',(29.707992229775,57.441232207008,
    -34.84221608818));
#2120 = CARTESIAN_POINT('',(29.702292917027,57.335713117631,-34.8488));
#2121 = CARTESIAN_POINT('',(29.696593604279,57.230193604279,-34.8488));
#2122 = ORIENTED_EDGE('',*,*,#2123,.T.);
#2123 = EDGE_CURVE('',#1867,#2056,#2124,.T.);
#2124 = LINE('',#2125,#2126);
#2125 = CARTESIAN_POINT('',(14.95425,57.230193604279,-34.8488));
#2126 = VECTOR('',#2127,1.);
#2127 = DIRECTION('',(-1.,1.484826085728E-16,0.));
#2128 = ORIENTED_EDGE('',*,*,#2129,.T.);
#2129 = EDGE_CURVE('',#2056,#2130,#2132,.T.);
#2130 = VERTEX_POINT('',#2131);
#2131 = CARTESIAN_POINT('',(-29.9085,59.769323209716,-32.3752894487));
#2132 = B_SPLINE_CURVE_WITH_KNOTS('',3,(#2133,#2134,#2135,#2136,#2137,
    #2138,#2139,#2140,#2141,#2142,#2143,#2144,#2145,#2146,#2147,#2148,
    #2149,#2150,#2151,#2152,#2153,#2154),.UNSPECIFIED.,.F.,.F.,(4,3,3,3,
    3,3,3,4),(0.,0.237052169861,0.474041766995,0.710979215645,
    0.948068551264,1.185032159353,1.422056789244,1.546867793229),
  .UNSPECIFIED.);
#2133 = CARTESIAN_POINT('',(-29.69659360427,57.230193604279,-34.8488));
#2134 = CARTESIAN_POINT('',(-29.70741824642,57.430605657737,-34.8488));
#2135 = CARTESIAN_POINT('',(-29.71824288856,57.631007252942,
    -34.82497038576));
#2136 = CARTESIAN_POINT('',(-29.7290675307,57.825830901776,
    -34.77797318344));
#2137 = CARTESIAN_POINT('',(-29.73988931555,58.020603124602,
    -34.73098838658));
#2138 = CARTESIAN_POINT('',(-29.7507111004,58.20978004445,
    -34.66085318735));
#2139 = CARTESIAN_POINT('',(-29.76153288526,58.388108764377,
    -34.56951503777));
#2140 = CARTESIAN_POINT('',(-29.77235228882,58.56639824388,
    -34.47819698673));
#2141 = CARTESIAN_POINT('',(-29.78317169239,58.733825741261,
    -34.36569487373));
#2142 = CARTESIAN_POINT('',(-29.79399109595,58.885744306969,
    -34.23513119447));
#2143 = CARTESIAN_POINT('',(-29.80481743522,59.037760258931,
    -34.10448381836));
#2144 = CARTESIAN_POINT('',(-29.81564377448,59.174231437347,
    -33.95576523646));
#2145 = CARTESIAN_POINT('',(-29.82647011374,59.291365267892,
    -33.79310838208));
#2146 = CARTESIAN_POINT('',(-29.83729071184,59.408436982833,
    -33.63053778397));
#2147 = CARTESIAN_POINT('',(-29.84811130994,59.506179737732,
    -33.45406071535));
#2148 = CARTESIAN_POINT('',(-29.85893190804,59.581880088723,
    -33.2685763692));
#2149 = CARTESIAN_POINT('',(-29.86975529261,59.657599933728,
    -33.08304425795));
#2150 = CARTESIAN_POINT('',(-29.88057867718,59.711258072683,
    -32.88851955534));
#2151 = CARTESIAN_POINT('',(-29.89140206175,59.741364137115,
    -32.69040523452));
#2152 = CARTESIAN_POINT('',(-29.8971013745,59.757217207445,
    -32.58608338705));
#2153 = CARTESIAN_POINT('',(-29.90280068725,59.76656103087,
    -32.48077280315));
#2154 = CARTESIAN_POINT('',(-29.9085,59.769323209716,-32.3752894487));
#2155 = ORIENTED_EDGE('',*,*,#2156,.T.);
#2156 = EDGE_CURVE('',#2130,#2097,#2157,.T.);
#2157 = LINE('',#2158,#2159);
#2158 = CARTESIAN_POINT('',(14.95425,59.769323209716,-32.3752894487));
#2159 = VECTOR('',#2160,1.);
#2160 = DIRECTION('',(1.,-1.484826085728E-16,0.));
#2161 = CYLINDRICAL_SURFACE('',#2162,2.54);
#2162 = AXIS2_PLACEMENT_3D('',#2163,#2164,#2165);
#2163 = CARTESIAN_POINT('',(14.95425,57.230193604279,-32.3088));
#2164 = DIRECTION('',(-1.,1.484826085728E-16,0.));
#2165 = DIRECTION('',(1.036097477145E-16,0.697790459842,-0.716301943425)
  );
#2166 = ADVANCED_FACE('',(#2167),#2180,.F.);
#2167 = FACE_BOUND('',#2168,.F.);
#2168 = EDGE_LOOP('',(#2169,#2178,#2179));
#2169 = ORIENTED_EDGE('',*,*,#2170,.F.);
#2170 = EDGE_CURVE('',#2048,#2130,#2171,.T.);
#2171 = B_SPLINE_CURVE_WITH_KNOTS('',3,(#2172,#2173,#2174,#2175,#2176,
    #2177),.UNSPECIFIED.,.F.,.F.,(4,1,1,4),(-1.,-0.571428571429,
    -0.285714285714,0.),.UNSPECIFIED.);
#2172 = CARTESIAN_POINT('',(-32.23572320971,57.4421,-32.3752894487));
#2173 = CARTESIAN_POINT('',(-32.23572320971,57.964327667065,
    -32.3752894487));
#2174 = CARTESIAN_POINT('',(-31.93036356372,58.831449295731,
    -32.3752894487));
#2175 = CARTESIAN_POINT('',(-30.95162340764,59.610017970308,
    -32.3752894487));
#2176 = CARTESIAN_POINT('',(-30.25665177804,59.769323209716,
    -32.3752894487));
#2177 = CARTESIAN_POINT('',(-29.9085,59.769323209716,-32.3752894487));
#2178 = ORIENTED_EDGE('',*,*,#2055,.T.);
#2179 = ORIENTED_EDGE('',*,*,#2129,.T.);
#2180 = B_SPLINE_SURFACE_WITH_KNOTS('',3,3,(
    (#2181,#2182,#2183,#2184,#2185,#2186)
    ,(#2187,#2188,#2189,#2190,#2191,#2192)
    ,(#2193,#2194,#2195,#2196,#2197,#2198)
    ,(#2199,#2200,#2201,#2202,#2203,#2204)
    ,(#2205,#2206,#2207,#2208,#2209,#2210)
    ,(#2211,#2212,#2213,#2214,#2215,#2216
    )),.UNSPECIFIED.,.F.,.F.,.F.,(4,1,1,4),(4,1,1,4),(0.,0.285714285714,
    0.571428571429,1.),(0.,0.285714285714,0.571428571429,1.),
  .UNSPECIFIED.);
#2181 = CARTESIAN_POINT('',(-29.69659360427,57.230193604279,-34.8488));
#2182 = CARTESIAN_POINT('',(-29.69659360427,57.230193604279,-34.8488));
#2183 = CARTESIAN_POINT('',(-29.69659360427,57.230193604279,-34.8488));
#2184 = CARTESIAN_POINT('',(-29.69659360427,57.230193604279,-34.8488));
#2185 = CARTESIAN_POINT('',(-29.69659360427,57.230193604279,-34.8488));
#2186 = CARTESIAN_POINT('',(-29.69659360427,57.230193604279,-34.8488));
#2187 = CARTESIAN_POINT('',(-29.71677516577,57.603843663856,-34.8488));
#2188 = CARTESIAN_POINT('',(-29.74420980142,57.574847710596,
    -34.84799926758));
#2189 = CARTESIAN_POINT('',(-29.8011057657,57.516394243208,
    -34.84703938744));
#2190 = CARTESIAN_POINT('',(-29.94386044382,57.373114746519,
    -34.84672115986));
#2191 = CARTESIAN_POINT('',(-30.02674973396,57.291527119243,
    -34.84759890138));
#2192 = CARTESIAN_POINT('',(-30.07024366385,57.250375165776,-34.8488));
#2193 = CARTESIAN_POINT('',(-29.75713828877,58.349256381136,
    -34.68060168865));
#2194 = CARTESIAN_POINT('',(-29.85861047088,58.305948699685,
    -34.70460609403));
#2195 = CARTESIAN_POINT('',(-30.0844025593,58.186621091629,
    -34.73945079872));
#2196 = CARTESIAN_POINT('',(-30.55575559578,57.762226894745,
    -34.75178721316));
#2197 = CARTESIAN_POINT('',(-30.75069485895,57.442946561942,
    -34.71660829672));
#2198 = CARTESIAN_POINT('',(-30.81565638113,57.29073828877,
    -34.68060168865));
#2199 = CARTESIAN_POINT('',(-29.82777375401,59.408772288817,
    -33.85777172236));
#2200 = CARTESIAN_POINT('',(-30.07820608269,59.407867250658,
    -33.8719617854));
#2201 = CARTESIAN_POINT('',(-30.63969554681,59.289933674914,
    -33.89345488347));
#2202 = CARTESIAN_POINT('',(-31.61219457131,58.506169988232,
    -33.90135992143));
#2203 = CARTESIAN_POINT('',(-31.87381473157,57.737022247036,
    -33.87905681692));
#2204 = CARTESIAN_POINT('',(-31.87517228881,57.361373754011,
    -33.85777172236));
#2205 = CARTESIAN_POINT('',(-29.87822765775,59.754651682274,
    -32.93557247725));
#2206 = CARTESIAN_POINT('',(-30.2097921602,59.755145537946,
    -32.93320625346));
#2207 = CARTESIAN_POINT('',(-30.90092653667,59.627432968784,
    -32.93152133049));
#2208 = CARTESIAN_POINT('',(-31.95112606793,58.805916563373,
    -32.93127878854));
#2209 = CARTESIAN_POINT('',(-32.22179246578,57.909174411429,
    -32.93202314157));
#2210 = CARTESIAN_POINT('',(-32.22105168227,57.411827657754,
    -32.93557247725));
#2211 = CARTESIAN_POINT('',(-29.9085,59.769323209716,-32.3752894487));
#2212 = CARTESIAN_POINT('',(-30.25665177804,59.769323209716,
    -32.3752894487));
#2213 = CARTESIAN_POINT('',(-30.95162340764,59.610017970308,
    -32.3752894487));
#2214 = CARTESIAN_POINT('',(-31.93036356372,58.831449295731,
    -32.3752894487));
#2215 = CARTESIAN_POINT('',(-32.23572320971,57.964327667065,
    -32.3752894487));
#2216 = CARTESIAN_POINT('',(-32.23572320971,57.4421,-32.3752894487));
#2217 = ADVANCED_FACE('',(#2218),#2231,.F.);
#2218 = FACE_BOUND('',#2219,.F.);
#2219 = EDGE_LOOP('',(#2220,#2229,#2230));
#2220 = ORIENTED_EDGE('',*,*,#2221,.F.);
#2221 = EDGE_CURVE('',#1972,#2021,#2222,.T.);
#2222 = B_SPLINE_CURVE_WITH_KNOTS('',3,(#2223,#2224,#2225,#2226,#2227,
    #2228),.UNSPECIFIED.,.F.,.F.,(4,1,1,4),(-1.,-0.571428571429,
    -0.285714285714,0.),.UNSPECIFIED.);
#2223 = CARTESIAN_POINT('',(-29.9085,-59.76932320971,-32.3752894487));
#2224 = CARTESIAN_POINT('',(-30.43072766706,-59.76932320971,
    -32.3752894487));
#2225 = CARTESIAN_POINT('',(-31.29784929573,-59.46396356372,
    -32.3752894487));
#2226 = CARTESIAN_POINT('',(-32.0764179703,-58.48522340764,
    -32.3752894487));
#2227 = CARTESIAN_POINT('',(-32.23572320971,-57.79025177804,
    -32.3752894487));
#2228 = CARTESIAN_POINT('',(-32.23572320971,-57.4421,-32.3752894487));
#2229 = ORIENTED_EDGE('',*,*,#1979,.T.);
#2230 = ORIENTED_EDGE('',*,*,#2020,.T.);
#2231 = B_SPLINE_SURFACE_WITH_KNOTS('',3,3,(
    (#2232,#2233,#2234,#2235,#2236,#2237)
    ,(#2238,#2239,#2240,#2241,#2242,#2243)
    ,(#2244,#2245,#2246,#2247,#2248,#2249)
    ,(#2250,#2251,#2252,#2253,#2254,#2255)
    ,(#2256,#2257,#2258,#2259,#2260,#2261)
    ,(#2262,#2263,#2264,#2265,#2266,#2267
    )),.UNSPECIFIED.,.F.,.F.,.F.,(4,1,1,4),(4,1,1,4),(0.,0.285714285714,
    0.571428571429,1.),(0.,0.285714285714,0.571428571429,1.),
  .UNSPECIFIED.);
#2232 = CARTESIAN_POINT('',(-29.69659360427,-57.23019360427,-34.8488));
#2233 = CARTESIAN_POINT('',(-29.69659360427,-57.23019360427,-34.8488));
#2234 = CARTESIAN_POINT('',(-29.69659360427,-57.23019360427,-34.8488));
#2235 = CARTESIAN_POINT('',(-29.69659360427,-57.23019360427,-34.8488));
#2236 = CARTESIAN_POINT('',(-29.69659360427,-57.23019360427,-34.8488));
#2237 = CARTESIAN_POINT('',(-29.69659360427,-57.23019360427,-34.8488));
#2238 = CARTESIAN_POINT('',(-30.07024366385,-57.25037516577,-34.8488));
#2239 = CARTESIAN_POINT('',(-30.04124771059,-57.27780980142,
    -34.84799926758));
#2240 = CARTESIAN_POINT('',(-29.9827942432,-57.3347057657,
    -34.84703938744));
#2241 = CARTESIAN_POINT('',(-29.83951474651,-57.47746044382,
    -34.84672115986));
#2242 = CARTESIAN_POINT('',(-29.75792711924,-57.56034973396,
    -34.84759890138));
#2243 = CARTESIAN_POINT('',(-29.71677516577,-57.60384366385,-34.8488));
#2244 = CARTESIAN_POINT('',(-30.81565638113,-57.29073828877,
    -34.68060168865));
#2245 = CARTESIAN_POINT('',(-30.77234869968,-57.39221047088,
    -34.70460609403));
#2246 = CARTESIAN_POINT('',(-30.65302109162,-57.6180025593,
    -34.73945079872));
#2247 = CARTESIAN_POINT('',(-30.22862689474,-58.08935559578,
    -34.75178721316));
#2248 = CARTESIAN_POINT('',(-29.90934656194,-58.28429485895,
    -34.71660829672));
#2249 = CARTESIAN_POINT('',(-29.75713828877,-58.34925638113,
    -34.68060168865));
#2250 = CARTESIAN_POINT('',(-31.87517228881,-57.36137375401,
    -33.85777172236));
#2251 = CARTESIAN_POINT('',(-31.87426725065,-57.61180608269,
    -33.8719617854));
#2252 = CARTESIAN_POINT('',(-31.75633367491,-58.17329554681,
    -33.89345488347));
#2253 = CARTESIAN_POINT('',(-30.97256998823,-59.14579457131,
    -33.90135992143));
#2254 = CARTESIAN_POINT('',(-30.20342224703,-59.40741473157,
    -33.87905681692));
#2255 = CARTESIAN_POINT('',(-29.82777375401,-59.40877228881,
    -33.85777172236));
#2256 = CARTESIAN_POINT('',(-32.22105168227,-57.41182765775,
    -32.93557247725));
#2257 = CARTESIAN_POINT('',(-32.22154553794,-57.7433921602,
    -32.93320625346));
#2258 = CARTESIAN_POINT('',(-32.09383296878,-58.43452653667,
    -32.93152133049));
#2259 = CARTESIAN_POINT('',(-31.27231656337,-59.48472606793,
    -32.93127878854));
#2260 = CARTESIAN_POINT('',(-30.37557441142,-59.75539246578,
    -32.93202314157));
#2261 = CARTESIAN_POINT('',(-29.87822765775,-59.75465168227,
    -32.93557247725));
#2262 = CARTESIAN_POINT('',(-32.23572320971,-57.4421,-32.3752894487));
#2263 = CARTESIAN_POINT('',(-32.23572320971,-57.79025177804,
    -32.3752894487));
#2264 = CARTESIAN_POINT('',(-32.0764179703,-58.48522340764,
    -32.3752894487));
#2265 = CARTESIAN_POINT('',(-31.29784929573,-59.46396356372,
    -32.3752894487));
#2266 = CARTESIAN_POINT('',(-30.43072766706,-59.76932320971,
    -32.3752894487));
#2267 = CARTESIAN_POINT('',(-29.9085,-59.76932320971,-32.3752894487));
#2268 = ADVANCED_FACE('',(#2269),#2282,.F.);
#2269 = FACE_BOUND('',#2270,.F.);
#2270 = EDGE_LOOP('',(#2271,#2280,#2281));
#2271 = ORIENTED_EDGE('',*,*,#2272,.F.);
#2272 = EDGE_CURVE('',#1896,#1945,#2273,.T.);
#2273 = B_SPLINE_CURVE_WITH_KNOTS('',3,(#2274,#2275,#2276,#2277,#2278,
    #2279),.UNSPECIFIED.,.F.,.F.,(4,1,1,4),(-1.,-0.571428571429,
    -0.285714285714,0.),.UNSPECIFIED.);
#2274 = CARTESIAN_POINT('',(32.235723209716,-57.4421,-32.3752894487));
#2275 = CARTESIAN_POINT('',(32.235723209716,-57.96432766706,
    -32.3752894487));
#2276 = CARTESIAN_POINT('',(31.930363563728,-58.83144929573,
    -32.3752894487));
#2277 = CARTESIAN_POINT('',(30.951623407642,-59.6100179703,
    -32.3752894487));
#2278 = CARTESIAN_POINT('',(30.256651778043,-59.76932320971,
    -32.3752894487));
#2279 = CARTESIAN_POINT('',(29.9085,-59.76932320971,-32.3752894487));
#2280 = ORIENTED_EDGE('',*,*,#1903,.T.);
#2281 = ORIENTED_EDGE('',*,*,#1944,.T.);
#2282 = B_SPLINE_SURFACE_WITH_KNOTS('',3,3,(
    (#2283,#2284,#2285,#2286,#2287,#2288)
    ,(#2289,#2290,#2291,#2292,#2293,#2294)
    ,(#2295,#2296,#2297,#2298,#2299,#2300)
    ,(#2301,#2302,#2303,#2304,#2305,#2306)
    ,(#2307,#2308,#2309,#2310,#2311,#2312)
    ,(#2313,#2314,#2315,#2316,#2317,#2318
    )),.UNSPECIFIED.,.F.,.F.,.F.,(4,1,1,4),(4,1,1,4),(0.,0.285714285714,
    0.571428571429,1.),(0.,0.285714285714,0.571428571429,1.),
  .UNSPECIFIED.);
#2283 = CARTESIAN_POINT('',(29.696593604279,-57.23019360427,-34.8488));
#2284 = CARTESIAN_POINT('',(29.696593604279,-57.23019360427,-34.8488));
#2285 = CARTESIAN_POINT('',(29.696593604279,-57.23019360427,-34.8488));
#2286 = CARTESIAN_POINT('',(29.696593604279,-57.23019360427,-34.8488));
#2287 = CARTESIAN_POINT('',(29.696593604279,-57.23019360427,-34.8488));
#2288 = CARTESIAN_POINT('',(29.696593604279,-57.23019360427,-34.8488));
#2289 = CARTESIAN_POINT('',(29.716775165776,-57.60384366385,-34.8488));
#2290 = CARTESIAN_POINT('',(29.744209801421,-57.57484771059,
    -34.84799926758));
#2291 = CARTESIAN_POINT('',(29.8011057657,-57.5163942432,-34.84703938744
    ));
#2292 = CARTESIAN_POINT('',(29.943860443823,-57.37311474651,
    -34.84672115986));
#2293 = CARTESIAN_POINT('',(30.026749733966,-57.29152711924,
    -34.84759890138));
#2294 = CARTESIAN_POINT('',(30.070243663856,-57.25037516577,-34.8488));
#2295 = CARTESIAN_POINT('',(29.757138288771,-58.34925638113,
    -34.68060168865));
#2296 = CARTESIAN_POINT('',(29.858610470885,-58.30594869968,
    -34.70460609403));
#2297 = CARTESIAN_POINT('',(30.084402559303,-58.18662109162,
    -34.73945079872));
#2298 = CARTESIAN_POINT('',(30.555755595789,-57.76222689474,
    -34.75178721316));
#2299 = CARTESIAN_POINT('',(30.750694858959,-57.44294656194,
    -34.71660829672));
#2300 = CARTESIAN_POINT('',(30.815656381136,-57.29073828877,
    -34.68060168865));
#2301 = CARTESIAN_POINT('',(29.827773754011,-59.40877228881,
    -33.85777172236));
#2302 = CARTESIAN_POINT('',(30.078206082694,-59.40786725065,
    -33.8719617854));
#2303 = CARTESIAN_POINT('',(30.639695546815,-59.28993367491,
    -33.89345488347));
#2304 = CARTESIAN_POINT('',(31.612194571315,-58.50616998823,
    -33.90135992143));
#2305 = CARTESIAN_POINT('',(31.873814731579,-57.73702224703,
    -33.87905681692));
#2306 = CARTESIAN_POINT('',(31.875172288817,-57.36137375401,
    -33.85777172236));
#2307 = CARTESIAN_POINT('',(29.878227657754,-59.75465168227,
    -32.93557247725));
#2308 = CARTESIAN_POINT('',(30.209792160204,-59.75514553794,
    -32.93320625346));
#2309 = CARTESIAN_POINT('',(30.900926536672,-59.62743296878,
    -32.93152133049));
#2310 = CARTESIAN_POINT('',(31.951126067931,-58.80591656337,
    -32.93127878854));
#2311 = CARTESIAN_POINT('',(32.221792465782,-57.90917441142,
    -32.93202314157));
#2312 = CARTESIAN_POINT('',(32.221051682274,-57.41182765775,
    -32.93557247725));
#2313 = CARTESIAN_POINT('',(29.9085,-59.76932320971,-32.3752894487));
#2314 = CARTESIAN_POINT('',(30.256651778043,-59.76932320971,
    -32.3752894487));
#2315 = CARTESIAN_POINT('',(30.951623407642,-59.6100179703,
    -32.3752894487));
#2316 = CARTESIAN_POINT('',(31.930363563728,-58.83144929573,
    -32.3752894487));
#2317 = CARTESIAN_POINT('',(32.235723209716,-57.96432766706,
    -32.3752894487));
#2318 = CARTESIAN_POINT('',(32.235723209716,-57.4421,-32.3752894487));
#2319 = ADVANCED_FACE('',(#2320),#2333,.F.);
#2320 = FACE_BOUND('',#2321,.F.);
#2321 = EDGE_LOOP('',(#2322,#2331,#2332));
#2322 = ORIENTED_EDGE('',*,*,#2323,.F.);
#2323 = EDGE_CURVE('',#2097,#1869,#2324,.T.);
#2324 = B_SPLINE_CURVE_WITH_KNOTS('',3,(#2325,#2326,#2327,#2328,#2329,
    #2330),.UNSPECIFIED.,.F.,.F.,(4,1,1,4),(-1.,-0.571428571429,
    -0.285714285714,0.),.UNSPECIFIED.);
#2325 = CARTESIAN_POINT('',(29.9085,59.769323209716,-32.3752894487));
#2326 = CARTESIAN_POINT('',(30.430727667065,59.769323209716,
    -32.3752894487));
#2327 = CARTESIAN_POINT('',(31.297849295731,59.463963563728,
    -32.3752894487));
#2328 = CARTESIAN_POINT('',(32.076417970308,58.485223407642,
    -32.3752894487));
#2329 = CARTESIAN_POINT('',(32.235723209716,57.790251778043,
    -32.3752894487));
#2330 = CARTESIAN_POINT('',(32.235723209716,57.4421,-32.3752894487));
#2331 = ORIENTED_EDGE('',*,*,#2096,.T.);
#2332 = ORIENTED_EDGE('',*,*,#1866,.T.);
#2333 = B_SPLINE_SURFACE_WITH_KNOTS('',3,3,(
    (#2334,#2335,#2336,#2337,#2338,#2339)
    ,(#2340,#2341,#2342,#2343,#2344,#2345)
    ,(#2346,#2347,#2348,#2349,#2350,#2351)
    ,(#2352,#2353,#2354,#2355,#2356,#2357)
    ,(#2358,#2359,#2360,#2361,#2362,#2363)
    ,(#2364,#2365,#2366,#2367,#2368,#2369
    )),.UNSPECIFIED.,.F.,.F.,.F.,(4,1,1,4),(4,1,1,4),(0.,0.285714285714,
    0.571428571429,1.),(0.,0.285714285714,0.571428571429,1.),
  .UNSPECIFIED.);
#2334 = CARTESIAN_POINT('',(29.696593604279,57.230193604279,-34.8488));
#2335 = CARTESIAN_POINT('',(29.696593604279,57.230193604279,-34.8488));
#2336 = CARTESIAN_POINT('',(29.696593604279,57.230193604279,-34.8488));
#2337 = CARTESIAN_POINT('',(29.696593604279,57.230193604279,-34.8488));
#2338 = CARTESIAN_POINT('',(29.696593604279,57.230193604279,-34.8488));
#2339 = CARTESIAN_POINT('',(29.696593604279,57.230193604279,-34.8488));
#2340 = CARTESIAN_POINT('',(30.070243663856,57.250375165776,-34.8488));
#2341 = CARTESIAN_POINT('',(30.041247710596,57.277809801421,
    -34.84799926758));
#2342 = CARTESIAN_POINT('',(29.982794243208,57.3347057657,
    -34.84703938744));
#2343 = CARTESIAN_POINT('',(29.839514746519,57.477460443823,
    -34.84672115986));
#2344 = CARTESIAN_POINT('',(29.757927119243,57.560349733966,
    -34.84759890138));
#2345 = CARTESIAN_POINT('',(29.716775165776,57.603843663856,-34.8488));
#2346 = CARTESIAN_POINT('',(30.815656381136,57.29073828877,
    -34.68060168865));
#2347 = CARTESIAN_POINT('',(30.772348699685,57.392210470885,
    -34.70460609403));
#2348 = CARTESIAN_POINT('',(30.653021091629,57.618002559303,
    -34.73945079872));
#2349 = CARTESIAN_POINT('',(30.228626894745,58.089355595789,
    -34.75178721316));
#2350 = CARTESIAN_POINT('',(29.909346561942,58.284294858959,
    -34.71660829672));
#2351 = CARTESIAN_POINT('',(29.757138288771,58.349256381136,
    -34.68060168865));
#2352 = CARTESIAN_POINT('',(31.875172288817,57.361373754011,
    -33.85777172236));
#2353 = CARTESIAN_POINT('',(31.874267250658,57.611806082694,
    -33.8719617854));
#2354 = CARTESIAN_POINT('',(31.756333674914,58.173295546815,
    -33.89345488347));
#2355 = CARTESIAN_POINT('',(30.972569988232,59.145794571315,
    -33.90135992143));
#2356 = CARTESIAN_POINT('',(30.203422247036,59.407414731579,
    -33.87905681692));
#2357 = CARTESIAN_POINT('',(29.827773754011,59.408772288817,
    -33.85777172236));
#2358 = CARTESIAN_POINT('',(32.221051682274,57.411827657754,
    -32.93557247725));
#2359 = CARTESIAN_POINT('',(32.221545537946,57.743392160204,
    -32.93320625346));
#2360 = CARTESIAN_POINT('',(32.093832968784,58.434526536672,
    -32.93152133049));
#2361 = CARTESIAN_POINT('',(31.272316563373,59.484726067931,
    -32.93127878854));
#2362 = CARTESIAN_POINT('',(30.375574411429,59.755392465782,
    -32.93202314157));
#2363 = CARTESIAN_POINT('',(29.878227657754,59.754651682274,
    -32.93557247725));
#2364 = CARTESIAN_POINT('',(32.235723209716,57.4421,-32.3752894487));
#2365 = CARTESIAN_POINT('',(32.235723209716,57.790251778043,
    -32.3752894487));
#2366 = CARTESIAN_POINT('',(32.076417970308,58.485223407642,
    -32.3752894487));
#2367 = CARTESIAN_POINT('',(31.297849295731,59.463963563728,
    -32.3752894487));
#2368 = CARTESIAN_POINT('',(30.430727667065,59.769323209716,
    -32.3752894487));
#2369 = CARTESIAN_POINT('',(29.9085,59.769323209716,-32.3752894487));
#2370 = ADVANCED_FACE('',(#2371),#2397,.T.);
#2371 = FACE_BOUND('',#2372,.T.);
#2372 = EDGE_LOOP('',(#2373,#2374,#2382,#2391));
#2373 = ORIENTED_EDGE('',*,*,#2272,.F.);
#2374 = ORIENTED_EDGE('',*,*,#2375,.F.);
#2375 = EDGE_CURVE('',#2376,#1896,#2378,.T.);
#2376 = VERTEX_POINT('',#2377);
#2377 = CARTESIAN_POINT('',(33.0835,-57.4421,0.));
#2378 = LINE('',#2379,#2380);
#2379 = CARTESIAN_POINT('',(33.0835,-57.4421,0.));
#2380 = VECTOR('',#2381,1.);
#2381 = DIRECTION('',(-2.617694830787E-02,0.,-0.999657324976));
#2382 = ORIENTED_EDGE('',*,*,#2383,.T.);
#2383 = EDGE_CURVE('',#2376,#2384,#2386,.T.);
#2384 = VERTEX_POINT('',#2385);
#2385 = CARTESIAN_POINT('',(29.9085,-60.6171,0.));
#2386 = CIRCLE('',#2387,3.175);
#2387 = AXIS2_PLACEMENT_3D('',#2388,#2389,#2390);
#2388 = CARTESIAN_POINT('',(29.9085,-57.4421,0.));
#2389 = DIRECTION('',(0.,0.,-1.));
#2390 = DIRECTION('',(1.,2.797412345512E-15,0.));
#2391 = ORIENTED_EDGE('',*,*,#2392,.T.);
#2392 = EDGE_CURVE('',#2384,#1945,#2393,.T.);
#2393 = LINE('',#2394,#2395);
#2394 = CARTESIAN_POINT('',(29.9085,-60.6171,0.));
#2395 = VECTOR('',#2396,1.);
#2396 = DIRECTION('',(0.,2.617694830787E-02,-0.999657324976));
#2397 = CONICAL_SURFACE('',#2398,3.175,2.617993877991E-02);
#2398 = AXIS2_PLACEMENT_3D('',#2399,#2400,#2401);
#2399 = CARTESIAN_POINT('',(29.9085,-57.4421,0.));
#2400 = DIRECTION('',(0.,0.,1.));
#2401 = DIRECTION('',(1.,2.797412345512E-15,-0.));
#2402 = ADVANCED_FACE('',(#2403),#2421,.T.);
#2403 = FACE_BOUND('',#2404,.T.);
#2404 = EDGE_LOOP('',(#2405,#2406,#2414,#2420));
#2405 = ORIENTED_EDGE('',*,*,#1895,.F.);
#2406 = ORIENTED_EDGE('',*,*,#2407,.F.);
#2407 = EDGE_CURVE('',#2408,#1869,#2410,.T.);
#2408 = VERTEX_POINT('',#2409);
#2409 = CARTESIAN_POINT('',(33.0835,57.4421,0.));
#2410 = LINE('',#2411,#2412);
#2411 = CARTESIAN_POINT('',(33.0835,57.4421,0.));
#2412 = VECTOR('',#2413,1.);
#2413 = DIRECTION('',(-2.617694830787E-02,0.,-0.999657324976));
#2414 = ORIENTED_EDGE('',*,*,#2415,.T.);
#2415 = EDGE_CURVE('',#2408,#2376,#2416,.T.);
#2416 = LINE('',#2417,#2418);
#2417 = CARTESIAN_POINT('',(33.0835,57.4421,0.));
#2418 = VECTOR('',#2419,1.);
#2419 = DIRECTION('',(7.731075462946E-17,-1.,0.));
#2420 = ORIENTED_EDGE('',*,*,#2375,.T.);
#2421 = PLANE('',#2422);
#2422 = AXIS2_PLACEMENT_3D('',#2423,#2424,#2425);
#2423 = CARTESIAN_POINT('',(33.0835,-57.4421,0.));
#2424 = DIRECTION('',(0.999657324976,7.728426216472E-17,
    -2.617694830787E-02));
#2425 = DIRECTION('',(7.731075462946E-17,-1.,-1.54074395551E-33));
#2426 = ADVANCED_FACE('',(#2427),#2446,.T.);
#2427 = FACE_BOUND('',#2428,.T.);
#2428 = EDGE_LOOP('',(#2429,#2430,#2438,#2445));
#2429 = ORIENTED_EDGE('',*,*,#2323,.F.);
#2430 = ORIENTED_EDGE('',*,*,#2431,.F.);
#2431 = EDGE_CURVE('',#2432,#2097,#2434,.T.);
#2432 = VERTEX_POINT('',#2433);
#2433 = CARTESIAN_POINT('',(29.9085,60.6171,0.));
#2434 = LINE('',#2435,#2436);
#2435 = CARTESIAN_POINT('',(29.9085,60.6171,0.));
#2436 = VECTOR('',#2437,1.);
#2437 = DIRECTION('',(0.,-2.617694830787E-02,-0.999657324976));
#2438 = ORIENTED_EDGE('',*,*,#2439,.T.);
#2439 = EDGE_CURVE('',#2432,#2408,#2440,.T.);
#2440 = CIRCLE('',#2441,3.175);
#2441 = AXIS2_PLACEMENT_3D('',#2442,#2443,#2444);
#2442 = CARTESIAN_POINT('',(29.9085,57.4421,0.));
#2443 = DIRECTION('',(0.,0.,-1.));
#2444 = DIRECTION('',(4.196118518268E-15,1.,0.));
#2445 = ORIENTED_EDGE('',*,*,#2407,.T.);
#2446 = CONICAL_SURFACE('',#2447,3.175,2.617993877991E-02);
#2447 = AXIS2_PLACEMENT_3D('',#2448,#2449,#2450);
#2448 = CARTESIAN_POINT('',(29.9085,57.4421,0.));
#2449 = DIRECTION('',(0.,0.,1.));
#2450 = DIRECTION('',(4.196118518268E-15,1.,-0.));
#2451 = ADVANCED_FACE('',(#2452),#2470,.T.);
#2452 = FACE_BOUND('',#2453,.T.);
#2453 = EDGE_LOOP('',(#2454,#2455,#2463,#2469));
#2454 = ORIENTED_EDGE('',*,*,#2156,.F.);
#2455 = ORIENTED_EDGE('',*,*,#2456,.F.);
#2456 = EDGE_CURVE('',#2457,#2130,#2459,.T.);
#2457 = VERTEX_POINT('',#2458);
#2458 = CARTESIAN_POINT('',(-29.9085,60.6171,0.));
#2459 = LINE('',#2460,#2461);
#2460 = CARTESIAN_POINT('',(-29.9085,60.6171,0.));
#2461 = VECTOR('',#2462,1.);
#2462 = DIRECTION('',(-1.273894744064E-16,-2.617694830787E-02,
    -0.999657324976));
#2463 = ORIENTED_EDGE('',*,*,#2464,.T.);
#2464 = EDGE_CURVE('',#2457,#2432,#2465,.T.);
#2465 = LINE('',#2466,#2467);
#2466 = CARTESIAN_POINT('',(-29.9085,60.6171,0.));
#2467 = VECTOR('',#2468,1.);
#2468 = DIRECTION('',(1.,-1.484826085728E-16,0.));
#2469 = ORIENTED_EDGE('',*,*,#2431,.T.);
#2470 = PLANE('',#2471);
#2471 = AXIS2_PLACEMENT_3D('',#2472,#2473,#2474);
#2472 = CARTESIAN_POINT('',(29.9085,60.6171,0.));
#2473 = DIRECTION('',(1.484317272913E-16,0.999657324976,
    -2.617694830787E-02));
#2474 = DIRECTION('',(1.,-1.484826085728E-16,7.703719777549E-34));
#2475 = ADVANCED_FACE('',(#2476),#2482,.T.);
#2476 = FACE_BOUND('',#2477,.T.);
#2477 = EDGE_LOOP('',(#2478,#2479,#2480,#2481));
#2478 = ORIENTED_EDGE('',*,*,#1930,.F.);
#2479 = ORIENTED_EDGE('',*,*,#2006,.F.);
#2480 = ORIENTED_EDGE('',*,*,#2082,.F.);
#2481 = ORIENTED_EDGE('',*,*,#2123,.F.);
#2482 = PLANE('',#2483);
#2483 = AXIS2_PLACEMENT_3D('',#2484,#2485,#2486);
#2484 = CARTESIAN_POINT('',(0.,0.,-34.8488));
#2485 = DIRECTION('',(0.,0.,-1.));
#2486 = DIRECTION('',(-1.,0.,0.));
#2487 = ADVANCED_FACE('',(#2488),#2506,.T.);
#2488 = FACE_BOUND('',#2489,.T.);
#2489 = EDGE_LOOP('',(#2490,#2491,#2492,#2500));
#2490 = ORIENTED_EDGE('',*,*,#1971,.F.);
#2491 = ORIENTED_EDGE('',*,*,#2392,.F.);
#2492 = ORIENTED_EDGE('',*,*,#2493,.T.);
#2493 = EDGE_CURVE('',#2384,#2494,#2496,.T.);
#2494 = VERTEX_POINT('',#2495);
#2495 = CARTESIAN_POINT('',(-29.9085,-60.6171,0.));
#2496 = LINE('',#2497,#2498);
#2497 = CARTESIAN_POINT('',(29.9085,-60.6171,0.));
#2498 = VECTOR('',#2499,1.);
#2499 = DIRECTION('',(-1.,1.484826085728E-16,0.));
#2500 = ORIENTED_EDGE('',*,*,#2501,.T.);
#2501 = EDGE_CURVE('',#2494,#1972,#2502,.T.);
#2502 = LINE('',#2503,#2504);
#2503 = CARTESIAN_POINT('',(-29.9085,-60.6171,0.));
#2504 = VECTOR('',#2505,1.);
#2505 = DIRECTION('',(0.,2.617694830787E-02,-0.999657324976));
#2506 = PLANE('',#2507);
#2507 = AXIS2_PLACEMENT_3D('',#2508,#2509,#2510);
#2508 = CARTESIAN_POINT('',(-29.9085,-60.6171,0.));
#2509 = DIRECTION('',(-1.484317272913E-16,-0.999657324976,
    -2.617694830787E-02));
#2510 = DIRECTION('',(-1.,1.484826085728E-16,7.703719777549E-34));
#2511 = ADVANCED_FACE('',(#2512),#2531,.T.);
#2512 = FACE_BOUND('',#2513,.T.);
#2513 = EDGE_LOOP('',(#2514,#2515,#2523,#2530));
#2514 = ORIENTED_EDGE('',*,*,#2170,.F.);
#2515 = ORIENTED_EDGE('',*,*,#2516,.F.);
#2516 = EDGE_CURVE('',#2517,#2048,#2519,.T.);
#2517 = VERTEX_POINT('',#2518);
#2518 = CARTESIAN_POINT('',(-33.0835,57.4421,0.));
#2519 = LINE('',#2520,#2521);
#2520 = CARTESIAN_POINT('',(-33.0835,57.4421,0.));
#2521 = VECTOR('',#2522,1.);
#2522 = DIRECTION('',(2.617694830787E-02,0.,-0.999657324976));
#2523 = ORIENTED_EDGE('',*,*,#2524,.T.);
#2524 = EDGE_CURVE('',#2517,#2457,#2525,.T.);
#2525 = CIRCLE('',#2526,3.175);
#2526 = AXIS2_PLACEMENT_3D('',#2527,#2528,#2529);
#2527 = CARTESIAN_POINT('',(-29.9085,57.4421,0.));
#2528 = DIRECTION('',(0.,0.,-1.));
#2529 = DIRECTION('',(-1.,-1.678447407307E-14,-0.));
#2530 = ORIENTED_EDGE('',*,*,#2456,.T.);
#2531 = CONICAL_SURFACE('',#2532,3.175,2.617993877991E-02);
#2532 = AXIS2_PLACEMENT_3D('',#2533,#2534,#2535);
#2533 = CARTESIAN_POINT('',(-29.9085,57.4421,0.));
#2534 = DIRECTION('',(0.,0.,1.));
#2535 = DIRECTION('',(-1.,-1.678447407307E-14,0.));
#2536 = ADVANCED_FACE('',(#2537),#2555,.T.);
#2537 = FACE_BOUND('',#2538,.T.);
#2538 = EDGE_LOOP('',(#2539,#2540,#2548,#2554));
#2539 = ORIENTED_EDGE('',*,*,#2047,.F.);
#2540 = ORIENTED_EDGE('',*,*,#2541,.F.);
#2541 = EDGE_CURVE('',#2542,#2021,#2544,.T.);
#2542 = VERTEX_POINT('',#2543);
#2543 = CARTESIAN_POINT('',(-33.0835,-57.4421,0.));
#2544 = LINE('',#2545,#2546);
#2545 = CARTESIAN_POINT('',(-33.0835,-57.4421,0.));
#2546 = VECTOR('',#2547,1.);
#2547 = DIRECTION('',(2.617694830787E-02,0.,-0.999657324976));
#2548 = ORIENTED_EDGE('',*,*,#2549,.T.);
#2549 = EDGE_CURVE('',#2542,#2517,#2550,.T.);
#2550 = LINE('',#2551,#2552);
#2551 = CARTESIAN_POINT('',(-33.0835,-57.4421,0.));
#2552 = VECTOR('',#2553,1.);
#2553 = DIRECTION('',(0.,1.,0.));
#2554 = ORIENTED_EDGE('',*,*,#2516,.T.);
#2555 = PLANE('',#2556);
#2556 = AXIS2_PLACEMENT_3D('',#2557,#2558,#2559);
#2557 = CARTESIAN_POINT('',(-33.0835,57.4421,0.));
#2558 = DIRECTION('',(-0.999657324976,0.,-2.617694830787E-02));
#2559 = DIRECTION('',(0.,1.,0.));
#2560 = ADVANCED_FACE('',(#2561),#2573,.T.);
#2561 = FACE_BOUND('',#2562,.T.);
#2562 = EDGE_LOOP('',(#2563,#2564,#2565,#2572));
#2563 = ORIENTED_EDGE('',*,*,#2221,.F.);
#2564 = ORIENTED_EDGE('',*,*,#2501,.F.);
#2565 = ORIENTED_EDGE('',*,*,#2566,.T.);
#2566 = EDGE_CURVE('',#2494,#2542,#2567,.T.);
#2567 = CIRCLE('',#2568,3.175);
#2568 = AXIS2_PLACEMENT_3D('',#2569,#2570,#2571);
#2569 = CARTESIAN_POINT('',(-29.9085,-57.4421,0.));
#2570 = DIRECTION('',(0.,0.,-1.));
#2571 = DIRECTION('',(-4.196118518268E-15,-1.,-0.));
#2572 = ORIENTED_EDGE('',*,*,#2541,.T.);
#2573 = CONICAL_SURFACE('',#2574,3.175,2.617993877991E-02);
#2574 = AXIS2_PLACEMENT_3D('',#2575,#2576,#2577);
#2575 = CARTESIAN_POINT('',(-29.9085,-57.4421,0.));
#2576 = DIRECTION('',(0.,0.,1.));
#2577 = DIRECTION('',(-4.196118518268E-15,-1.,0.));
#2578 = ADVANCED_FACE('',(#2579,#2589,#2592,#2595,#2598,#2601),#2627,.F.
  );
#2579 = FACE_BOUND('',#2580,.T.);
#2580 = EDGE_LOOP('',(#2581,#2582,#2583,#2584,#2585,#2586,#2587,#2588));
#2581 = ORIENTED_EDGE('',*,*,#2566,.F.);
#2582 = ORIENTED_EDGE('',*,*,#2493,.F.);
#2583 = ORIENTED_EDGE('',*,*,#2383,.F.);
#2584 = ORIENTED_EDGE('',*,*,#2415,.F.);
#2585 = ORIENTED_EDGE('',*,*,#2439,.F.);
#2586 = ORIENTED_EDGE('',*,*,#2464,.F.);
#2587 = ORIENTED_EDGE('',*,*,#2524,.F.);
#2588 = ORIENTED_EDGE('',*,*,#2549,.F.);
#2589 = FACE_BOUND('',#2590,.T.);
#2590 = EDGE_LOOP('',(#2591));
#2591 = ORIENTED_EDGE('',*,*,#306,.T.);
#2592 = FACE_BOUND('',#2593,.T.);
#2593 = EDGE_LOOP('',(#2594));
#2594 = ORIENTED_EDGE('',*,*,#834,.T.);
#2595 = FACE_BOUND('',#2596,.T.);
#2596 = EDGE_LOOP('',(#2597));
#2597 = ORIENTED_EDGE('',*,*,#1188,.T.);
#2598 = FACE_BOUND('',#2599,.T.);
#2599 = EDGE_LOOP('',(#2600));
#2600 = ORIENTED_EDGE('',*,*,#1649,.T.);
#2601 = FACE_BOUND('',#2602,.T.);
#2602 = EDGE_LOOP('',(#2603,#2604,#2605,#2606,#2607,#2608,#2609,#2610,
    #2611,#2612,#2613,#2614,#2615,#2616,#2617,#2618,#2619,#2620,#2621,
    #2622,#2623,#2624,#2625,#2626));
#2603 = ORIENTED_EDGE('',*,*,#1452,.F.);
#2604 = ORIENTED_EDGE('',*,*,#1487,.F.);
#2605 = ORIENTED_EDGE('',*,*,#1511,.T.);
#2606 = ORIENTED_EDGE('',*,*,#1537,.T.);
#2607 = ORIENTED_EDGE('',*,*,#1691,.F.);
#2608 = ORIENTED_EDGE('',*,*,#1002,.T.);
#2609 = ORIENTED_EDGE('',*,*,#920,.F.);
#2610 = ORIENTED_EDGE('',*,*,#658,.F.);
#2611 = ORIENTED_EDGE('',*,*,#689,.T.);
#2612 = ORIENTED_EDGE('',*,*,#723,.T.);
#2613 = ORIENTED_EDGE('',*,*,#739,.F.);
#2614 = ORIENTED_EDGE('',*,*,#1072,.T.);
#2615 = ORIENTED_EDGE('',*,*,#1102,.F.);
#2616 = ORIENTED_EDGE('',*,*,#1137,.F.);
#2617 = ORIENTED_EDGE('',*,*,#1298,.T.);
#2618 = ORIENTED_EDGE('',*,*,#1323,.T.);
#2619 = ORIENTED_EDGE('',*,*,#1341,.F.);
#2620 = ORIENTED_EDGE('',*,*,#541,.T.);
#2621 = ORIENTED_EDGE('',*,*,#366,.F.);
#2622 = ORIENTED_EDGE('',*,*,#89,.F.);
#2623 = ORIENTED_EDGE('',*,*,#128,.T.);
#2624 = ORIENTED_EDGE('',*,*,#169,.T.);
#2625 = ORIENTED_EDGE('',*,*,#185,.F.);
#2626 = ORIENTED_EDGE('',*,*,#626,.T.);
#2627 = PLANE('',#2628);
#2628 = AXIS2_PLACEMENT_3D('',#2629,#2630,#2631);
#2629 = CARTESIAN_POINT('',(0.,0.,0.));
#2630 = DIRECTION('',(0.,0.,-1.));
#2631 = DIRECTION('',(-1.,0.,0.));
#2632 = ( GEOMETRIC_REPRESENTATION_CONTEXT(3) 
GLOBAL_UNCERTAINTY_ASSIGNED_CONTEXT((#2636)) 
GLOBAL_UNIT_ASSIGNED_CONTEXT((#2633,#2634,#2635)) REPRESENTATION_CONTEXT
('Context #1','3D Context with UNIT and UNCERTAINTY') );
#2633 = ( LENGTH_UNIT() NAMED_UNIT(*) SI_UNIT(.MILLI.,.METRE.) );
#2634 = ( NAMED_UNIT(*) PLANE_ANGLE_UNIT() SI_UNIT($,.RADIAN.) );
#2635 = ( NAMED_UNIT(*) SI_UNIT($,.STERADIAN.) SOLID_ANGLE_UNIT() );
#2636 = UNCERTAINTY_MEASURE_WITH_UNIT(LENGTH_MEASURE(1.E-03),#2633,
  'distance_accuracy_value','confusion accuracy');
#2637 = CONTEXT_DEPENDENT_SHAPE_REPRESENTATION(#2638,#2640);
#2638 = ( REPRESENTATION_RELATIONSHIP('','',#55,#32) 
REPRESENTATION_RELATIONSHIP_WITH_TRANSFORMATION(#2639) 
SHAPE_REPRESENTATION_RELATIONSHIP() );
#2639 = ITEM_DEFINED_TRANSFORMATION('','',#11,#33);
#2640 = PRODUCT_DEFINITION_SHAPE('Placement','Placement of an item',
  #2641);
#2641 = NEXT_ASSEMBLY_USAGE_OCCURRENCE('1','4S125B001','',#27,#50,$);
#2642 = PRODUCT_RELATED_PRODUCT_CATEGORY('part',$,(#52));
#2643 = MECHANICAL_DESIGN_GEOMETRIC_PRESENTATION_REPRESENTATION('',(
    #2644),#2632);
#2644 = STYLED_ITEM('color',(#2645),#56);
#2645 = PRESENTATION_STYLE_ASSIGNMENT((#2646,#2652));
#2646 = SURFACE_STYLE_USAGE(.BOTH.,#2647);
#2647 = SURFACE_SIDE_STYLE('',(#2648));
#2648 = SURFACE_STYLE_FILL_AREA(#2649);
#2649 = FILL_AREA_STYLE('',(#2650));
#2650 = FILL_AREA_STYLE_COLOUR('',#2651);
#2651 = COLOUR_RGB('',0.960784305148,0.960784305148,0.964705886078);
#2652 = CURVE_STYLE('',#2653,POSITIVE_LENGTH_MEASURE(0.1),#2654);
#2653 = DRAUGHTING_PRE_DEFINED_CURVE_FONT('continuous');
#2654 = COLOUR_RGB('',9.803921802644E-02,9.803921802644E-02,
  9.803921802644E-02);
ENDSEC;
END-ISO-10303-21;
