ISO-10303-21;
HEADER;
/* Generated by software containing ST-Developer
 * from STEP Tools, Inc. (www.steptools.com) 
 */

FILE_DESCRIPTION(
/* description */ (''),
/* implementation_level */ '2;1');

FILE_NAME(
/* name */ '/Users/daveycouple/Downloads/4S125B v4.step',
/* time_stamp */ '2021-03-18T14:11:40-07:00',
/* author */ (''),
/* organization */ (''),
/* preprocessor_version */ 'ST-DEVELOPER v18.1',
/* originating_system */ 'Autodesk Translation Framework v9.10.0.1330',

/* authorisation */ '');

FILE_SCHEMA (('AUTOMOTIVE_DESIGN { 1 0 10303 214 3 1 1 }'));
ENDSEC;

DATA;
#10=MECHANICAL_DESIGN_GEOMETRIC_PRESENTATION_REPRESENTATION('',(#39,#40),
#5144);
#11=ITEM_DEFINED_TRANSFORMATION($,$,#2654,#2924);
#12=(
REPRESENTATION_RELATIONSHIP($,$,#5158,#5157)
REPRESENTATION_RELATIONSHIP_WITH_TRANSFORMATION(#11)
SHAPE_REPRESENTATION_RELATIONSHIP()
);
#13=CONTEXT_DEPENDENT_SHAPE_REPRESENTATION(#12,#5156);
#14=NEXT_ASSEMBLY_USAGE_OCCURRENCE('4S125B:1','4S125B:1','4S125B:1',#5160,
#5161,'4S125B:1');
#15=SHAPE_REPRESENTATION_RELATIONSHIP('SRR','None',#5158,#16);
#16=ADVANCED_BREP_SHAPE_REPRESENTATION('',(#41,#42),#5143);
#17=B_SPLINE_SURFACE_WITH_KNOTS('',3,3,((#4936,#4937,#4938,#4939,#4940,
#4941),(#4942,#4943,#4944,#4945,#4946,#4947),(#4948,#4949,#4950,#4951,#4952,
#4953),(#4954,#4955,#4956,#4957,#4958,#4959),(#4960,#4961,#4962,#4963,#4964,
#4965),(#4966,#4967,#4968,#4969,#4970,#4971)),.UNSPECIFIED.,.F.,.F.,.F.,
(4,1,1,4),(4,1,1,4),(0.,0.285714285714286,0.571428571428571,1.),(0.,0.285714285714286,
0.571428571428571,1.),.UNSPECIFIED.);
#18=B_SPLINE_SURFACE_WITH_KNOTS('',3,3,((#4978,#4979,#4980,#4981,#4982,
#4983),(#4984,#4985,#4986,#4987,#4988,#4989),(#4990,#4991,#4992,#4993,#4994,
#4995),(#4996,#4997,#4998,#4999,#5000,#5001),(#5002,#5003,#5004,#5005,#5006,
#5007),(#5008,#5009,#5010,#5011,#5012,#5013)),.UNSPECIFIED.,.F.,.F.,.F.,
(4,1,1,4),(4,1,1,4),(0.,0.285714285714286,0.571428571428571,1.),(0.,0.285714285714286,
0.571428571428571,1.),.UNSPECIFIED.);
#19=B_SPLINE_SURFACE_WITH_KNOTS('',3,3,((#5020,#5021,#5022,#5023,#5024,
#5025),(#5026,#5027,#5028,#5029,#5030,#5031),(#5032,#5033,#5034,#5035,#5036,
#5037),(#5038,#5039,#5040,#5041,#5042,#5043),(#5044,#5045,#5046,#5047,#5048,
#5049),(#5050,#5051,#5052,#5053,#5054,#5055)),.UNSPECIFIED.,.F.,.F.,.F.,
(4,1,1,4),(4,1,1,4),(0.,0.285714285714286,0.571428571428571,1.),(0.,0.285714285714286,
0.571428571428571,1.),.UNSPECIFIED.);
#20=B_SPLINE_SURFACE_WITH_KNOTS('',3,3,((#5062,#5063,#5064,#5065,#5066,
#5067),(#5068,#5069,#5070,#5071,#5072,#5073),(#5074,#5075,#5076,#5077,#5078,
#5079),(#5080,#5081,#5082,#5083,#5084,#5085),(#5086,#5087,#5088,#5089,#5090,
#5091),(#5092,#5093,#5094,#5095,#5096,#5097)),.UNSPECIFIED.,.F.,.F.,.F.,
(4,1,1,4),(4,1,1,4),(0.,0.285714285714286,0.571428571428571,1.),(0.,0.285714285714286,
0.571428571428571,1.),.UNSPECIFIED.);
#21=ELLIPSE('',#2805,1.33705425049386,0.0349999999999999);
#22=ELLIPSE('',#2808,3.03702322612178,0.0795);
#23=ELLIPSE('',#2812,3.03702322612177,0.0795);
#24=ELLIPSE('',#2816,1.33705425049387,0.0350000000000003);
#25=ELLIPSE('',#2824,1.33705425049387,0.0350000000000003);
#26=ELLIPSE('',#2829,1.33705425049388,0.0350000000000003);
#27=ELLIPSE('',#2837,1.3370542504939,0.035000000000001);
#28=ELLIPSE('',#2840,3.03702322612177,0.0795);
#29=ELLIPSE('',#2842,3.03702322612178,0.0795);
#30=ELLIPSE('',#2844,3.03702322612178,0.0795);
#31=ELLIPSE('',#2848,1.33705425049387,0.0350000000000003);
#32=ELLIPSE('',#2853,1.33705425049387,0.0350000000000003);
#33=ELLIPSE('',#2857,1.33705425049386,0.0349999999999999);
#34=ELLIPSE('',#2864,3.03702322612177,0.0795);
#35=ELLIPSE('',#2866,3.03702322612178,0.0795);
#36=ELLIPSE('',#2868,3.03702322612178,0.0795);
#37=ELLIPSE('',#2890,3.03702322612178,0.0795);
#38=ELLIPSE('',#2892,3.03702322612177,0.0795);
#39=STYLED_ITEM('',(#5172),#41);
#40=STYLED_ITEM('',(#5172),#42);
#41=MANIFOLD_SOLID_BREP('Lid',#2639);
#42=MANIFOLD_SOLID_BREP('Body2',#2640);
#43=FACE_BOUND('',#401,.T.);
#44=FACE_BOUND('',#403,.T.);
#45=FACE_BOUND('',#404,.T.);
#46=FACE_BOUND('',#405,.T.);
#47=FACE_BOUND('',#406,.T.);
#48=FACE_BOUND('',#407,.T.);
#49=FACE_BOUND('',#483,.T.);
#50=FACE_BOUND('',#484,.T.);
#51=FACE_BOUND('',#485,.T.);
#52=FACE_BOUND('',#486,.T.);
#53=FACE_BOUND('',#487,.T.);
#54=PLANE('',#2696);
#55=PLANE('',#2699);
#56=PLANE('',#2704);
#57=PLANE('',#2716);
#58=PLANE('',#2721);
#59=PLANE('',#2724);
#60=PLANE('',#2725);
#61=PLANE('',#2726);
#62=PLANE('',#2729);
#63=PLANE('',#2730);
#64=PLANE('',#2731);
#65=PLANE('',#2734);
#66=PLANE('',#2735);
#67=PLANE('',#2736);
#68=PLANE('',#2739);
#69=PLANE('',#2740);
#70=PLANE('',#2744);
#71=PLANE('',#2748);
#72=PLANE('',#2752);
#73=PLANE('',#2756);
#74=PLANE('',#2760);
#75=PLANE('',#2764);
#76=PLANE('',#2768);
#77=PLANE('',#2772);
#78=PLANE('',#2776);
#79=PLANE('',#2780);
#80=PLANE('',#2784);
#81=PLANE('',#2788);
#82=PLANE('',#2789);
#83=PLANE('',#2790);
#84=PLANE('',#2793);
#85=PLANE('',#2795);
#86=PLANE('',#2797);
#87=PLANE('',#2802);
#88=PLANE('',#2819);
#89=PLANE('',#2823);
#90=PLANE('',#2825);
#91=PLANE('',#2828);
#92=PLANE('',#2830);
#93=PLANE('',#2834);
#94=PLANE('',#2851);
#95=PLANE('',#2852);
#96=PLANE('',#2856);
#97=PLANE('',#2858);
#98=PLANE('',#2861);
#99=PLANE('',#2871);
#100=PLANE('',#2874);
#101=PLANE('',#2878);
#102=PLANE('',#2879);
#103=PLANE('',#2882);
#104=PLANE('',#2885);
#105=PLANE('',#2895);
#106=PLANE('',#2896);
#107=PLANE('',#2899);
#108=PLANE('',#2903);
#109=PLANE('',#2904);
#110=PLANE('',#2905);
#111=PLANE('',#2912);
#112=PLANE('',#2915);
#113=PLANE('',#2916);
#114=PLANE('',#2917);
#115=PLANE('',#2920);
#116=PLANE('',#2923);
#117=CONICAL_SURFACE('',#2687,0.117,0.785398163397449);
#118=CONICAL_SURFACE('',#2691,0.117,0.785398163397449);
#119=CONICAL_SURFACE('',#2700,0.117,0.785398163397449);
#120=CONICAL_SURFACE('',#2708,0.117,0.785398163397449);
#121=CONICAL_SURFACE('',#2722,0.205,0.0872664625997165);
#122=CONICAL_SURFACE('',#2727,0.205,0.0872664625997165);
#123=CONICAL_SURFACE('',#2732,0.205,0.0872664625997165);
#124=CONICAL_SURFACE('',#2737,0.205,0.0872664625997165);
#125=CONICAL_SURFACE('',#2910,0.125,0.0261799387799149);
#126=CONICAL_SURFACE('',#2913,0.125,0.0261799387799149);
#127=CONICAL_SURFACE('',#2918,0.124999999999999,0.0261799387799149);
#128=CONICAL_SURFACE('',#2921,0.125,0.0261799387799149);
#129=(
BOUNDED_SURFACE()
B_SPLINE_SURFACE(2,2,((#3745,#3746,#3747),(#3748,#3749,#3750),(#3751,#3752,
#3753)),.UNSPECIFIED.,.F.,.F.,.F.)
B_SPLINE_SURFACE_WITH_KNOTS((3,3),(3,3),(0.,1.49595012999429),(-1.57079632679491,
1.47915576499206E-14),.UNSPECIFIED.)
GEOMETRIC_REPRESENTATION_ITEM()
RATIONAL_B_SPLINE_SURFACE(((1.,0.707106781186539,1.),(0.733067642021002,
0.518357100741477,0.733067642021002),(1.,0.707106781186539,1.)))
REPRESENTATION_ITEM('')
SURFACE()
);
#130=(
BOUNDED_SURFACE()
B_SPLINE_SURFACE(2,2,((#3806,#3807,#3808),(#3809,#3810,#3811),(#3812,#3813,
#3814)),.UNSPECIFIED.,.F.,.F.,.F.)
B_SPLINE_SURFACE_WITH_KNOTS((3,3),(3,3),(0.,1.49595012999428),(-9.8610384332803E-15,
1.5707963267949),.UNSPECIFIED.)
GEOMETRIC_REPRESENTATION_ITEM()
RATIONAL_B_SPLINE_SURFACE(((1.,0.707106781186543,1.),(0.733067642021011,
0.518357100741487,0.733067642021011),(1.,0.707106781186543,1.)))
REPRESENTATION_ITEM('')
SURFACE()
);
#131=(
BOUNDED_SURFACE()
B_SPLINE_SURFACE(2,2,((#3869,#3870,#3871),(#3872,#3873,#3874),(#3875,#3876,
#3877)),.UNSPECIFIED.,.F.,.F.,.F.)
B_SPLINE_SURFACE_WITH_KNOTS((3,3),(3,3),(0.,1.49595012999429),(1.57079632679489,
3.14159265358982),.UNSPECIFIED.)
GEOMETRIC_REPRESENTATION_ITEM()
RATIONAL_B_SPLINE_SURFACE(((1.,0.707106781186536,1.),(0.733067642021008,
0.518357100741479,0.733067642021008),(1.,0.707106781186536,1.)))
REPRESENTATION_ITEM('')
SURFACE()
);
#132=(
BOUNDED_SURFACE()
B_SPLINE_SURFACE(2,2,((#3907,#3908,#3909),(#3910,#3911,#3912),(#3913,#3914,
#3915)),.UNSPECIFIED.,.F.,.F.,.F.)
B_SPLINE_SURFACE_WITH_KNOTS((3,3),(3,3),(0.,1.49595012999429),(-3.14159265358979,
-1.57079632679489),.UNSPECIFIED.)
GEOMETRIC_REPRESENTATION_ITEM()
RATIONAL_B_SPLINE_SURFACE(((1.,0.707106781186547,1.),(0.733067642021004,
0.518357100741484,0.733067642021004),(1.,0.707106781186547,1.)))
REPRESENTATION_ITEM('')
SURFACE()
);
#133=B_SPLINE_CURVE_WITH_KNOTS('',3,(#3690,#3691,#3692,#3693,#3694,#3695,
#3696,#3697,#3698,#3699,#3700),.UNSPECIFIED.,.F.,.F.,(4,2,3,2,4),(-0.247086880702002,
-0.127973330324126,0.,0.127973330324126,0.164565182408804),
 .UNSPECIFIED.);
#134=B_SPLINE_CURVE_WITH_KNOTS('',3,(#3706,#3707,#3708,#3709,#3710,#3711,
#3712,#3713,#3714,#3715,#3716),.UNSPECIFIED.,.F.,.F.,(4,2,3,2,4),(-0.164565182408804,
-0.127973330324125,0.,0.127973330324125,0.247086880702001),
 .UNSPECIFIED.);
#135=B_SPLINE_CURVE_WITH_KNOTS('',3,(#3731,#3732,#3733,#3734,#3735,#3736,
#3737,#3738,#3739,#3740,#3741),.UNSPECIFIED.,.F.,.F.,(4,2,3,2,4),(-0.247086880702001,
-0.127973330324125,0.,0.127973330324125,0.164565182408802),
 .UNSPECIFIED.);
#136=B_SPLINE_CURVE_WITH_KNOTS('',3,(#3754,#3755,#3756,#3757,#3758,#3759,
#3760,#3761,#3762,#3763),.UNSPECIFIED.,.F.,.F.,(4,2,2,2,4),(0.463914525819124,
0.533889120131076,0.583570189478708,0.632910479769504,0.704866147767031),
 .UNSPECIFIED.);
#137=B_SPLINE_CURVE_WITH_KNOTS('',3,(#3767,#3768,#3769,#3770,#3771,#3772,
#3773,#3774,#3775,#3776,#3777),.UNSPECIFIED.,.F.,.F.,(4,2,3,2,4),(-0.164565182408804,
-0.127973330324126,0.,0.127973330324126,0.247086880702004),
 .UNSPECIFIED.);
#138=B_SPLINE_CURVE_WITH_KNOTS('',3,(#3792,#3793,#3794,#3795,#3796,#3797,
#3798,#3799,#3800,#3801,#3802),.UNSPECIFIED.,.F.,.F.,(4,2,3,2,4),(-0.247086880702001,
-0.127973330324125,0.,0.127973330324125,0.164565182408802),
 .UNSPECIFIED.);
#139=B_SPLINE_CURVE_WITH_KNOTS('',3,(#3815,#3816,#3817,#3818,#3819,#3820,
#3821,#3822,#3823,#3824),.UNSPECIFIED.,.F.,.F.,(4,2,2,2,4),(0.463914525818638,
0.533889120130497,0.583570189478076,0.632910479768842,0.704866147766316),
 .UNSPECIFIED.);
#140=B_SPLINE_CURVE_WITH_KNOTS('',3,(#3828,#3829,#3830,#3831,#3832,#3833,
#3834,#3835,#3836,#3837,#3838),.UNSPECIFIED.,.F.,.F.,(4,2,3,2,4),(-0.164565182408803,
-0.127973330324125,0.,0.127973330324125,0.247086880702001),
 .UNSPECIFIED.);
#141=B_SPLINE_CURVE_WITH_KNOTS('',3,(#3853,#3854,#3855,#3856,#3857,#3858),
 .UNSPECIFIED.,.F.,.F.,(4,2,4),(-0.247086880702,-0.127973330324125,0.),
 .UNSPECIFIED.);
#142=B_SPLINE_CURVE_WITH_KNOTS('',3,(#3860,#3861,#3862,#3863,#3864,#3865),
 .UNSPECIFIED.,.F.,.F.,(4,2,4),(0.,0.127973330324125,0.164565182408803),
 .UNSPECIFIED.);
#143=B_SPLINE_CURVE_WITH_KNOTS('',3,(#3878,#3879,#3880,#3881,#3882,#3883,
#3884,#3885,#3886,#3887),.UNSPECIFIED.,.F.,.F.,(4,2,2,2,4),(0.463914525818867,
0.533889120130767,0.58357018947836,0.632910479769168,0.704866147766717),
 .UNSPECIFIED.);
#144=B_SPLINE_CURVE_WITH_KNOTS('',3,(#3892,#3893,#3894,#3895,#3896,#3897),
 .UNSPECIFIED.,.F.,.F.,(4,2,4),(-0.164565182408803,-0.127973330324125,0.),
 .UNSPECIFIED.);
#145=B_SPLINE_CURVE_WITH_KNOTS('',3,(#3898,#3899,#3900,#3901,#3902,#3903),
 .UNSPECIFIED.,.F.,.F.,(4,2,4),(0.,0.127973330324124,0.247086880701999),
 .UNSPECIFIED.);
#146=B_SPLINE_CURVE_WITH_KNOTS('',3,(#3916,#3917,#3918,#3919,#3920,#3921,
#3922,#3923,#3924,#3925),.UNSPECIFIED.,.F.,.F.,(4,2,2,2,4),(0.463914525818765,
0.533889120130629,0.583570189478219,0.632910479769015,0.704866147766537),
 .UNSPECIFIED.);
#147=B_SPLINE_CURVE_WITH_KNOTS('',3,(#4270,#4271,#4272,#4273),
 .UNSPECIFIED.,.F.,.F.,(4,4),(0.357179923200625,0.375516610630942),
 .UNSPECIFIED.);
#148=B_SPLINE_CURVE_WITH_KNOTS('',3,(#4282,#4283,#4284,#4285,#4286,#4287,
#4288,#4289,#4290,#4291,#4292,#4293),.UNSPECIFIED.,.F.,.F.,(4,2,2,2,2,4),
(0.271806564690489,0.30549796215424,0.33918935961799,0.366696029733301,
0.37327153907052,0.378621657826857),.UNSPECIFIED.);
#149=B_SPLINE_CURVE_WITH_KNOTS('',3,(#4302,#4303,#4304,#4305,#4306,#4307,
#4308,#4309,#4310,#4311,#4312,#4313),.UNSPECIFIED.,.F.,.F.,(4,2,2,2,2,4),
(0.00122539058088188,0.00657550933721981,0.0131510186744396,0.0406576887897504,
0.0743490862535019,0.108040483717253),.UNSPECIFIED.);
#150=B_SPLINE_CURVE_WITH_KNOTS('',3,(#4317,#4318,#4319,#4320,#4321,#4322,
#4323,#4324,#4325,#4326,#4327,#4328),.UNSPECIFIED.,.F.,.F.,(4,2,2,2,2,4),
(0.271806564690495,0.305497962154246,0.339189359617998,0.366696029733309,
0.373271539070528,0.378621657826866),.UNSPECIFIED.);
#151=B_SPLINE_CURVE_WITH_KNOTS('',3,(#4331,#4332,#4333,#4334,#4335,#4336,
#4337,#4338,#4339,#4340,#4341,#4342),.UNSPECIFIED.,.F.,.F.,(4,2,2,2,2,4),
(0.00122539058088229,0.00657550933721946,0.0131510186744389,0.0406576887897493,
0.0743490862534997,0.10804048371725),.UNSPECIFIED.);
#152=B_SPLINE_CURVE_WITH_KNOTS('',3,(#4345,#4346,#4347,#4348),
 .UNSPECIFIED.,.F.,.F.,(4,4),(0.692344281335525,0.710680968765841),
 .UNSPECIFIED.);
#153=B_SPLINE_CURVE_WITH_KNOTS('',3,(#4356,#4357,#4358,#4359),
 .UNSPECIFIED.,.F.,.F.,(4,4),(0.357179923200645,0.375516610630964),
 .UNSPECIFIED.);
#154=B_SPLINE_CURVE_WITH_KNOTS('',3,(#4397,#4398,#4399,#4400),
 .UNSPECIFIED.,.F.,.F.,(4,4),(0.692344281335525,0.710680968765842),
 .UNSPECIFIED.);
#155=B_SPLINE_CURVE_WITH_KNOTS('',3,(#4426,#4427,#4428,#4429),
 .UNSPECIFIED.,.F.,.F.,(4,4),(0.35717992320068,0.375516610631),
 .UNSPECIFIED.);
#156=B_SPLINE_CURVE_WITH_KNOTS('',3,(#4438,#4439,#4440,#4441,#4442,#4443,
#4444,#4445,#4446,#4447,#4448,#4449),.UNSPECIFIED.,.F.,.F.,(4,2,2,2,2,4),
(0.271806564690493,0.305497962154244,0.339189359617995,0.366696029733305,
0.373271539070525,0.378621657826863),.UNSPECIFIED.);
#157=B_SPLINE_CURVE_WITH_KNOTS('',3,(#4453,#4454,#4455,#4456,#4457,#4458,
#4459,#4460,#4461,#4462,#4463,#4464),.UNSPECIFIED.,.F.,.F.,(4,2,2,2,2,4),
(0.00122539058088264,0.00657550933721946,0.0131510186744389,0.0406576887897518,
0.0743490862535037,0.108040483717256),.UNSPECIFIED.);
#158=B_SPLINE_CURVE_WITH_KNOTS('',3,(#4473,#4474,#4475,#4476,#4477,#4478,
#4479,#4480,#4481,#4482,#4483,#4484),.UNSPECIFIED.,.F.,.F.,(4,2,2,2,2,4),
(0.271806564690496,0.305497962154248,0.339189359618,0.366696029733313,0.373271539070532,
0.37862165782687),.UNSPECIFIED.);
#159=B_SPLINE_CURVE_WITH_KNOTS('',3,(#4487,#4488,#4489,#4490,#4491,#4492,
#4493,#4494,#4495,#4496,#4497,#4498),.UNSPECIFIED.,.F.,.F.,(4,2,2,2,2,4),
(0.00122539058088201,0.00657550933721969,0.0131510186744394,0.0406576887897499,
0.0743490862535008,0.108040483717252),.UNSPECIFIED.);
#160=B_SPLINE_CURVE_WITH_KNOTS('',3,(#4501,#4502,#4503,#4504),
 .UNSPECIFIED.,.F.,.F.,(4,4),(0.692344281335525,0.710680968765841),
 .UNSPECIFIED.);
#161=B_SPLINE_CURVE_WITH_KNOTS('',3,(#4512,#4513,#4514,#4515),
 .UNSPECIFIED.,.F.,.F.,(4,4),(0.357179923200644,0.375516610630963),
 .UNSPECIFIED.);
#162=B_SPLINE_CURVE_WITH_KNOTS('',3,(#4528,#4529,#4530,#4531),
 .UNSPECIFIED.,.F.,.F.,(4,4),(0.692344281335484,0.710680968765801),
 .UNSPECIFIED.);
#163=B_SPLINE_CURVE_WITH_KNOTS('',3,(#4552,#4553,#4554,#4555,#4556,#4557,
#4558,#4559,#4560,#4561,#4562,#4563),.UNSPECIFIED.,.F.,.F.,(4,2,2,2,2,4),
(0.00122539058088313,0.00657550933721982,0.0131510186744396,0.0406576887897511,
0.0743490862535027,0.108040483717254),.UNSPECIFIED.);
#164=B_SPLINE_CURVE_WITH_KNOTS('',3,(#4567,#4568,#4569,#4570,#4571,#4572,
#4573,#4574,#4575,#4576,#4577,#4578),.UNSPECIFIED.,.F.,.F.,(4,2,2,2,2,4),
(0.271806564690496,0.305497962154248,0.339189359617999,0.366696029733311,
0.373271539070531,0.378621657826868),.UNSPECIFIED.);
#165=B_SPLINE_CURVE_WITH_KNOTS('',3,(#4582,#4583,#4584,#4585,#4586,#4587,
#4588,#4589,#4590,#4591,#4592,#4593),.UNSPECIFIED.,.F.,.F.,(4,2,2,2,2,4),
(0.00122539058088135,0.00657550933721946,0.0131510186744389,0.0406576887897518,
0.0743490862535033,0.108040483717255),.UNSPECIFIED.);
#166=B_SPLINE_CURVE_WITH_KNOTS('',3,(#4601,#4602,#4603,#4604,#4605,#4606,
#4607,#4608,#4609,#4610,#4611,#4612),.UNSPECIFIED.,.F.,.F.,(4,2,2,2,2,4),
(0.271806564690496,0.305497962154248,0.339189359617999,0.366696029733312,
0.373271539070532,0.378621657826869),.UNSPECIFIED.);
#167=B_SPLINE_CURVE_WITH_KNOTS('',3,(#4653,#4654,#4655,#4656,#4657,#4658,
#4659,#4660,#4661,#4662,#4663,#4664),.UNSPECIFIED.,.F.,.F.,(4,2,2,2,2,4),
(0.271806564690495,0.305497962154246,0.339189359617998,0.366696029733308,
0.373271539070528,0.378621657826865),.UNSPECIFIED.);
#168=B_SPLINE_CURVE_WITH_KNOTS('',3,(#4673,#4674,#4675,#4676,#4677,#4678,
#4679,#4680,#4681,#4682,#4683,#4684),.UNSPECIFIED.,.F.,.F.,(4,2,2,2,2,4),
(0.00122539058088204,0.00657550933721946,0.0131510186744389,0.0406576887897511,
0.074349086253503,0.108040483717255),.UNSPECIFIED.);
#169=B_SPLINE_CURVE_WITH_KNOTS('',3,(#4688,#4689,#4690,#4691,#4692,#4693,
#4694,#4695,#4696,#4697,#4698,#4699),.UNSPECIFIED.,.F.,.F.,(4,2,2,2,2,4),
(0.271806564690496,0.305497962154248,0.339189359618,0.366696029733312,0.373271539070532,
0.378621657826869),.UNSPECIFIED.);
#170=B_SPLINE_CURVE_WITH_KNOTS('',3,(#4703,#4704,#4705,#4706,#4707,#4708,
#4709,#4710,#4711,#4712,#4713,#4714),.UNSPECIFIED.,.F.,.F.,(4,2,2,2,2,4),
(0.00122539058088219,0.0065755093372197,0.0131510186744394,0.0406576887897499,
0.0743490862535012,0.108040483717253),.UNSPECIFIED.);
#171=B_SPLINE_CURVE_WITH_KNOTS('',3,(#4739,#4740,#4741,#4742,#4743,#4744,
#4745,#4746,#4747,#4748,#4749,#4750,#4751,#4752,#4753,#4754,#4755,#4756,
#4757,#4758,#4759,#4760),.UNSPECIFIED.,.F.,.F.,(4,3,3,3,3,3,3,4),(0.,0.237052169860827,
0.474041766995182,0.710979215644728,0.948068551264079,1.18503215935278,
1.42205678924361,1.54686779322917),.UNSPECIFIED.);
#172=B_SPLINE_CURVE_WITH_KNOTS('',3,(#4764,#4765,#4766,#4767,#4768,#4769,
#4770,#4771,#4772,#4773,#4774,#4775,#4776,#4777,#4778,#4779,#4780,#4781,
#4782,#4783,#4784,#4785),.UNSPECIFIED.,.F.,.F.,(4,3,3,3,3,3,3,4),(0.,0.237052169860824,
0.474041766995179,0.710979215644733,0.948068551264084,1.18503215935279,
1.42205678924362,1.54686779322917),.UNSPECIFIED.);
#173=B_SPLINE_CURVE_WITH_KNOTS('',3,(#4789,#4790,#4791,#4792,#4793,#4794,
#4795,#4796,#4797,#4798,#4799,#4800,#4801,#4802,#4803,#4804,#4805,#4806,
#4807,#4808,#4809,#4810),.UNSPECIFIED.,.F.,.F.,(4,3,3,3,3,3,3,4),(0.,0.237052169860826,
0.474041766995179,0.710979215644733,0.948068551264088,1.18503215935279,
1.42205678924362,1.54686779322917),.UNSPECIFIED.);
#174=B_SPLINE_CURVE_WITH_KNOTS('',3,(#4814,#4815,#4816,#4817,#4818,#4819,
#4820,#4821,#4822,#4823,#4824,#4825,#4826,#4827,#4828,#4829,#4830,#4831,
#4832,#4833,#4834,#4835),.UNSPECIFIED.,.F.,.F.,(4,3,3,3,3,3,3,4),(0.,0.237052169860827,
0.47404176699518,0.710979215644734,0.948068551264087,1.1850321593528,1.42205678924363,
1.54686779322917),.UNSPECIFIED.);
#175=B_SPLINE_CURVE_WITH_KNOTS('',3,(#4839,#4840,#4841,#4842,#4843,#4844,
#4845,#4846,#4847,#4848,#4849,#4850,#4851,#4852,#4853,#4854,#4855,#4856,
#4857,#4858,#4859,#4860),.UNSPECIFIED.,.F.,.F.,(4,3,3,3,3,3,3,4),(0.,0.237052169860824,
0.47404176699518,0.710979215644729,0.948068551264083,1.18503215935279,1.42205678924362,
1.54686779322917),.UNSPECIFIED.);
#176=B_SPLINE_CURVE_WITH_KNOTS('',3,(#4864,#4865,#4866,#4867,#4868,#4869,
#4870,#4871,#4872,#4873,#4874,#4875,#4876,#4877,#4878,#4879,#4880,#4881,
#4882,#4883,#4884,#4885),.UNSPECIFIED.,.F.,.F.,(4,3,3,3,3,3,3,4),(0.,0.237052169860827,
0.474041766995175,0.71097921564473,0.948068551264083,1.18503215935279,1.42205678924362,
1.54686779322917),.UNSPECIFIED.);
#177=B_SPLINE_CURVE_WITH_KNOTS('',3,(#4889,#4890,#4891,#4892,#4893,#4894,
#4895,#4896,#4897,#4898,#4899,#4900,#4901,#4902,#4903,#4904,#4905,#4906,
#4907,#4908,#4909,#4910),.UNSPECIFIED.,.F.,.F.,(4,3,3,3,3,3,3,4),(0.,0.237052169860827,
0.47404176699518,0.710979215644734,0.948068551264087,1.1850321593528,1.42205678924363,
1.54686779322917),.UNSPECIFIED.);
#178=B_SPLINE_CURVE_WITH_KNOTS('',3,(#4913,#4914,#4915,#4916,#4917,#4918,
#4919,#4920,#4921,#4922,#4923,#4924,#4925,#4926,#4927,#4928,#4929,#4930,
#4931,#4932,#4933,#4934),.UNSPECIFIED.,.F.,.F.,(4,3,3,3,3,3,3,4),(0.,0.237052169860828,
0.474041766995184,0.710979215644741,0.948068551264093,1.18503215935281,
1.42205678924363,1.54686779322917),.UNSPECIFIED.);
#179=B_SPLINE_CURVE_WITH_KNOTS('',3,(#4972,#4973,#4974,#4975,#4976,#4977),
 .UNSPECIFIED.,.F.,.F.,(4,1,1,4),(-1.,-0.571428571428571,-0.285714285714286,
0.),.UNSPECIFIED.);
#180=B_SPLINE_CURVE_WITH_KNOTS('',3,(#5014,#5015,#5016,#5017,#5018,#5019),
 .UNSPECIFIED.,.F.,.F.,(4,1,1,4),(-1.,-0.571428571428571,-0.285714285714286,
0.),.UNSPECIFIED.);
#181=B_SPLINE_CURVE_WITH_KNOTS('',3,(#5056,#5057,#5058,#5059,#5060,#5061),
 .UNSPECIFIED.,.F.,.F.,(4,1,1,4),(-1.,-0.571428571428571,-0.285714285714286,
0.),.UNSPECIFIED.);
#182=B_SPLINE_CURVE_WITH_KNOTS('',3,(#5098,#5099,#5100,#5101,#5102,#5103),
 .UNSPECIFIED.,.F.,.F.,(4,1,1,4),(-1.,-0.571428571428571,-0.285714285714286,
0.),.UNSPECIFIED.);
#183=FACE_OUTER_BOUND('',#330,.T.);
#184=FACE_OUTER_BOUND('',#331,.T.);
#185=FACE_OUTER_BOUND('',#332,.T.);
#186=FACE_OUTER_BOUND('',#333,.T.);
#187=FACE_OUTER_BOUND('',#334,.T.);
#188=FACE_OUTER_BOUND('',#335,.T.);
#189=FACE_OUTER_BOUND('',#336,.T.);
#190=FACE_OUTER_BOUND('',#337,.T.);
#191=FACE_OUTER_BOUND('',#338,.T.);
#192=FACE_OUTER_BOUND('',#339,.T.);
#193=FACE_OUTER_BOUND('',#340,.T.);
#194=FACE_OUTER_BOUND('',#341,.T.);
#195=FACE_OUTER_BOUND('',#342,.T.);
#196=FACE_OUTER_BOUND('',#343,.T.);
#197=FACE_OUTER_BOUND('',#344,.T.);
#198=FACE_OUTER_BOUND('',#345,.T.);
#199=FACE_OUTER_BOUND('',#346,.T.);
#200=FACE_OUTER_BOUND('',#347,.T.);
#201=FACE_OUTER_BOUND('',#348,.T.);
#202=FACE_OUTER_BOUND('',#349,.T.);
#203=FACE_OUTER_BOUND('',#350,.T.);
#204=FACE_OUTER_BOUND('',#351,.T.);
#205=FACE_OUTER_BOUND('',#352,.T.);
#206=FACE_OUTER_BOUND('',#353,.T.);
#207=FACE_OUTER_BOUND('',#354,.T.);
#208=FACE_OUTER_BOUND('',#355,.T.);
#209=FACE_OUTER_BOUND('',#356,.T.);
#210=FACE_OUTER_BOUND('',#357,.T.);
#211=FACE_OUTER_BOUND('',#358,.T.);
#212=FACE_OUTER_BOUND('',#359,.T.);
#213=FACE_OUTER_BOUND('',#360,.T.);
#214=FACE_OUTER_BOUND('',#361,.T.);
#215=FACE_OUTER_BOUND('',#362,.T.);
#216=FACE_OUTER_BOUND('',#363,.T.);
#217=FACE_OUTER_BOUND('',#364,.T.);
#218=FACE_OUTER_BOUND('',#365,.T.);
#219=FACE_OUTER_BOUND('',#366,.T.);
#220=FACE_OUTER_BOUND('',#367,.T.);
#221=FACE_OUTER_BOUND('',#368,.T.);
#222=FACE_OUTER_BOUND('',#369,.T.);
#223=FACE_OUTER_BOUND('',#370,.T.);
#224=FACE_OUTER_BOUND('',#371,.T.);
#225=FACE_OUTER_BOUND('',#372,.T.);
#226=FACE_OUTER_BOUND('',#373,.T.);
#227=FACE_OUTER_BOUND('',#374,.T.);
#228=FACE_OUTER_BOUND('',#375,.T.);
#229=FACE_OUTER_BOUND('',#376,.T.);
#230=FACE_OUTER_BOUND('',#377,.T.);
#231=FACE_OUTER_BOUND('',#378,.T.);
#232=FACE_OUTER_BOUND('',#379,.T.);
#233=FACE_OUTER_BOUND('',#380,.T.);
#234=FACE_OUTER_BOUND('',#381,.T.);
#235=FACE_OUTER_BOUND('',#382,.T.);
#236=FACE_OUTER_BOUND('',#383,.T.);
#237=FACE_OUTER_BOUND('',#384,.T.);
#238=FACE_OUTER_BOUND('',#385,.T.);
#239=FACE_OUTER_BOUND('',#386,.T.);
#240=FACE_OUTER_BOUND('',#387,.T.);
#241=FACE_OUTER_BOUND('',#388,.T.);
#242=FACE_OUTER_BOUND('',#389,.T.);
#243=FACE_OUTER_BOUND('',#390,.T.);
#244=FACE_OUTER_BOUND('',#391,.T.);
#245=FACE_OUTER_BOUND('',#392,.T.);
#246=FACE_OUTER_BOUND('',#393,.T.);
#247=FACE_OUTER_BOUND('',#394,.T.);
#248=FACE_OUTER_BOUND('',#395,.T.);
#249=FACE_OUTER_BOUND('',#396,.T.);
#250=FACE_OUTER_BOUND('',#397,.T.);
#251=FACE_OUTER_BOUND('',#398,.T.);
#252=FACE_OUTER_BOUND('',#399,.T.);
#253=FACE_OUTER_BOUND('',#400,.T.);
#254=FACE_OUTER_BOUND('',#402,.T.);
#255=FACE_OUTER_BOUND('',#408,.T.);
#256=FACE_OUTER_BOUND('',#409,.T.);
#257=FACE_OUTER_BOUND('',#410,.T.);
#258=FACE_OUTER_BOUND('',#411,.T.);
#259=FACE_OUTER_BOUND('',#412,.T.);
#260=FACE_OUTER_BOUND('',#413,.T.);
#261=FACE_OUTER_BOUND('',#414,.T.);
#262=FACE_OUTER_BOUND('',#415,.T.);
#263=FACE_OUTER_BOUND('',#416,.T.);
#264=FACE_OUTER_BOUND('',#417,.T.);
#265=FACE_OUTER_BOUND('',#418,.T.);
#266=FACE_OUTER_BOUND('',#419,.T.);
#267=FACE_OUTER_BOUND('',#420,.T.);
#268=FACE_OUTER_BOUND('',#421,.T.);
#269=FACE_OUTER_BOUND('',#422,.T.);
#270=FACE_OUTER_BOUND('',#423,.T.);
#271=FACE_OUTER_BOUND('',#424,.T.);
#272=FACE_OUTER_BOUND('',#425,.T.);
#273=FACE_OUTER_BOUND('',#426,.T.);
#274=FACE_OUTER_BOUND('',#427,.T.);
#275=FACE_OUTER_BOUND('',#428,.T.);
#276=FACE_OUTER_BOUND('',#429,.T.);
#277=FACE_OUTER_BOUND('',#430,.T.);
#278=FACE_OUTER_BOUND('',#431,.T.);
#279=FACE_OUTER_BOUND('',#432,.T.);
#280=FACE_OUTER_BOUND('',#433,.T.);
#281=FACE_OUTER_BOUND('',#434,.T.);
#282=FACE_OUTER_BOUND('',#435,.T.);
#283=FACE_OUTER_BOUND('',#436,.T.);
#284=FACE_OUTER_BOUND('',#437,.T.);
#285=FACE_OUTER_BOUND('',#438,.T.);
#286=FACE_OUTER_BOUND('',#439,.T.);
#287=FACE_OUTER_BOUND('',#440,.T.);
#288=FACE_OUTER_BOUND('',#441,.T.);
#289=FACE_OUTER_BOUND('',#442,.T.);
#290=FACE_OUTER_BOUND('',#443,.T.);
#291=FACE_OUTER_BOUND('',#444,.T.);
#292=FACE_OUTER_BOUND('',#445,.T.);
#293=FACE_OUTER_BOUND('',#446,.T.);
#294=FACE_OUTER_BOUND('',#447,.T.);
#295=FACE_OUTER_BOUND('',#448,.T.);
#296=FACE_OUTER_BOUND('',#449,.T.);
#297=FACE_OUTER_BOUND('',#450,.T.);
#298=FACE_OUTER_BOUND('',#451,.T.);
#299=FACE_OUTER_BOUND('',#452,.T.);
#300=FACE_OUTER_BOUND('',#453,.T.);
#301=FACE_OUTER_BOUND('',#454,.T.);
#302=FACE_OUTER_BOUND('',#455,.T.);
#303=FACE_OUTER_BOUND('',#456,.T.);
#304=FACE_OUTER_BOUND('',#457,.T.);
#305=FACE_OUTER_BOUND('',#458,.T.);
#306=FACE_OUTER_BOUND('',#459,.T.);
#307=FACE_OUTER_BOUND('',#460,.T.);
#308=FACE_OUTER_BOUND('',#461,.T.);
#309=FACE_OUTER_BOUND('',#462,.T.);
#310=FACE_OUTER_BOUND('',#463,.T.);
#311=FACE_OUTER_BOUND('',#464,.T.);
#312=FACE_OUTER_BOUND('',#465,.T.);
#313=FACE_OUTER_BOUND('',#466,.T.);
#314=FACE_OUTER_BOUND('',#467,.T.);
#315=FACE_OUTER_BOUND('',#468,.T.);
#316=FACE_OUTER_BOUND('',#469,.T.);
#317=FACE_OUTER_BOUND('',#470,.T.);
#318=FACE_OUTER_BOUND('',#471,.T.);
#319=FACE_OUTER_BOUND('',#472,.T.);
#320=FACE_OUTER_BOUND('',#473,.T.);
#321=FACE_OUTER_BOUND('',#474,.T.);
#322=FACE_OUTER_BOUND('',#475,.T.);
#323=FACE_OUTER_BOUND('',#476,.T.);
#324=FACE_OUTER_BOUND('',#477,.T.);
#325=FACE_OUTER_BOUND('',#478,.T.);
#326=FACE_OUTER_BOUND('',#479,.T.);
#327=FACE_OUTER_BOUND('',#480,.T.);
#328=FACE_OUTER_BOUND('',#481,.T.);
#329=FACE_OUTER_BOUND('',#482,.T.);
#330=EDGE_LOOP('',(#1652,#1653,#1654,#1655));
#331=EDGE_LOOP('',(#1656,#1657,#1658,#1659));
#332=EDGE_LOOP('',(#1660,#1661,#1662,#1663));
#333=EDGE_LOOP('',(#1664,#1665,#1666,#1667));
#334=EDGE_LOOP('',(#1668,#1669,#1670,#1671));
#335=EDGE_LOOP('',(#1672,#1673,#1674,#1675));
#336=EDGE_LOOP('',(#1676,#1677,#1678,#1679));
#337=EDGE_LOOP('',(#1680,#1681,#1682,#1683));
#338=EDGE_LOOP('',(#1684,#1685,#1686,#1687));
#339=EDGE_LOOP('',(#1688,#1689,#1690,#1691));
#340=EDGE_LOOP('',(#1692,#1693,#1694,#1695));
#341=EDGE_LOOP('',(#1696,#1697,#1698,#1699));
#342=EDGE_LOOP('',(#1700,#1701,#1702,#1703,#1704));
#343=EDGE_LOOP('',(#1705,#1706,#1707,#1708));
#344=EDGE_LOOP('',(#1709,#1710,#1711,#1712,#1713));
#345=EDGE_LOOP('',(#1714,#1715,#1716,#1717));
#346=EDGE_LOOP('',(#1718,#1719,#1720,#1721,#1722,#1723,#1724,#1725));
#347=EDGE_LOOP('',(#1726,#1727,#1728,#1729,#1730,#1731,#1732,#1733));
#348=EDGE_LOOP('',(#1734,#1735,#1736,#1737));
#349=EDGE_LOOP('',(#1738,#1739,#1740,#1741,#1742,#1743));
#350=EDGE_LOOP('',(#1744,#1745,#1746,#1747));
#351=EDGE_LOOP('',(#1748,#1749,#1750,#1751,#1752,#1753));
#352=EDGE_LOOP('',(#1754,#1755,#1756,#1757,#1758,#1759,#1760,#1761));
#353=EDGE_LOOP('',(#1762,#1763,#1764,#1765,#1766,#1767,#1768,#1769,#1770,
#1771));
#354=EDGE_LOOP('',(#1772,#1773,#1774,#1775));
#355=EDGE_LOOP('',(#1776,#1777,#1778,#1779,#1780,#1781,#1782,#1783));
#356=EDGE_LOOP('',(#1784,#1785,#1786,#1787));
#357=EDGE_LOOP('',(#1788,#1789,#1790,#1791));
#358=EDGE_LOOP('',(#1792,#1793,#1794,#1795));
#359=EDGE_LOOP('',(#1796,#1797,#1798,#1799,#1800,#1801,#1802,#1803,#1804,
#1805,#1806,#1807,#1808,#1809,#1810,#1811));
#360=EDGE_LOOP('',(#1812,#1813,#1814,#1815));
#361=EDGE_LOOP('',(#1816,#1817,#1818,#1819));
#362=EDGE_LOOP('',(#1820,#1821,#1822,#1823));
#363=EDGE_LOOP('',(#1824,#1825,#1826,#1827));
#364=EDGE_LOOP('',(#1828,#1829,#1830,#1831));
#365=EDGE_LOOP('',(#1832,#1833,#1834,#1835));
#366=EDGE_LOOP('',(#1836,#1837,#1838,#1839));
#367=EDGE_LOOP('',(#1840,#1841,#1842,#1843));
#368=EDGE_LOOP('',(#1844,#1845,#1846,#1847));
#369=EDGE_LOOP('',(#1848,#1849,#1850,#1851));
#370=EDGE_LOOP('',(#1852,#1853,#1854,#1855));
#371=EDGE_LOOP('',(#1856,#1857,#1858,#1859));
#372=EDGE_LOOP('',(#1860,#1861,#1862,#1863));
#373=EDGE_LOOP('',(#1864,#1865,#1866,#1867));
#374=EDGE_LOOP('',(#1868,#1869,#1870,#1871));
#375=EDGE_LOOP('',(#1872,#1873,#1874,#1875));
#376=EDGE_LOOP('',(#1876,#1877,#1878,#1879));
#377=EDGE_LOOP('',(#1880,#1881,#1882,#1883));
#378=EDGE_LOOP('',(#1884,#1885,#1886,#1887));
#379=EDGE_LOOP('',(#1888,#1889,#1890,#1891));
#380=EDGE_LOOP('',(#1892,#1893,#1894,#1895));
#381=EDGE_LOOP('',(#1896,#1897,#1898,#1899));
#382=EDGE_LOOP('',(#1900,#1901,#1902,#1903));
#383=EDGE_LOOP('',(#1904,#1905,#1906,#1907));
#384=EDGE_LOOP('',(#1908,#1909,#1910,#1911));
#385=EDGE_LOOP('',(#1912,#1913,#1914,#1915));
#386=EDGE_LOOP('',(#1916,#1917,#1918,#1919));
#387=EDGE_LOOP('',(#1920,#1921,#1922,#1923));
#388=EDGE_LOOP('',(#1924,#1925,#1926,#1927));
#389=EDGE_LOOP('',(#1928,#1929,#1930,#1931));
#390=EDGE_LOOP('',(#1932,#1933,#1934,#1935));
#391=EDGE_LOOP('',(#1936,#1937,#1938,#1939));
#392=EDGE_LOOP('',(#1940,#1941,#1942,#1943));
#393=EDGE_LOOP('',(#1944,#1945,#1946,#1947));
#394=EDGE_LOOP('',(#1948,#1949,#1950,#1951));
#395=EDGE_LOOP('',(#1952,#1953,#1954,#1955));
#396=EDGE_LOOP('',(#1956,#1957,#1958,#1959));
#397=EDGE_LOOP('',(#1960,#1961,#1962,#1963));
#398=EDGE_LOOP('',(#1964,#1965,#1966,#1967));
#399=EDGE_LOOP('',(#1968,#1969,#1970,#1971));
#400=EDGE_LOOP('',(#1972,#1973,#1974,#1975,#1976,#1977,#1978,#1979,#1980,
#1981,#1982,#1983,#1984,#1985,#1986,#1987,#1988,#1989,#1990,#1991,#1992,
#1993,#1994,#1995));
#401=EDGE_LOOP('',(#1996,#1997,#1998,#1999,#2000,#2001,#2002,#2003,#2004,
#2005,#2006,#2007,#2008,#2009,#2010,#2011));
#402=EDGE_LOOP('',(#2012,#2013,#2014,#2015,#2016,#2017,#2018,#2019));
#403=EDGE_LOOP('',(#2020));
#404=EDGE_LOOP('',(#2021));
#405=EDGE_LOOP('',(#2022));
#406=EDGE_LOOP('',(#2023));
#407=EDGE_LOOP('',(#2024,#2025,#2026,#2027,#2028,#2029,#2030,#2031,#2032,
#2033,#2034,#2035,#2036,#2037,#2038,#2039,#2040,#2041,#2042,#2043,#2044,
#2045,#2046,#2047));
#408=EDGE_LOOP('',(#2048,#2049,#2050,#2051,#2052,#2053));
#409=EDGE_LOOP('',(#2054,#2055,#2056,#2057));
#410=EDGE_LOOP('',(#2058,#2059,#2060,#2061,#2062,#2063));
#411=EDGE_LOOP('',(#2064,#2065,#2066,#2067));
#412=EDGE_LOOP('',(#2068,#2069,#2070,#2071,#2072));
#413=EDGE_LOOP('',(#2073,#2074,#2075,#2076));
#414=EDGE_LOOP('',(#2077,#2078,#2079,#2080,#2081));
#415=EDGE_LOOP('',(#2082,#2083,#2084,#2085));
#416=EDGE_LOOP('',(#2086,#2087,#2088,#2089,#2090,#2091,#2092,#2093,#2094,
#2095,#2096,#2097));
#417=EDGE_LOOP('',(#2098,#2099,#2100,#2101));
#418=EDGE_LOOP('',(#2102,#2103,#2104,#2105,#2106,#2107));
#419=EDGE_LOOP('',(#2108,#2109,#2110,#2111,#2112,#2113,#2114,#2115,#2116,
#2117,#2118,#2119,#2120,#2121,#2122,#2123));
#420=EDGE_LOOP('',(#2124,#2125,#2126,#2127));
#421=EDGE_LOOP('',(#2128,#2129));
#422=EDGE_LOOP('',(#2130,#2131,#2132,#2133,#2134,#2135));
#423=EDGE_LOOP('',(#2136,#2137,#2138,#2139));
#424=EDGE_LOOP('',(#2140,#2141,#2142,#2143,#2144));
#425=EDGE_LOOP('',(#2145,#2146,#2147,#2148));
#426=EDGE_LOOP('',(#2149,#2150,#2151,#2152,#2153));
#427=EDGE_LOOP('',(#2154,#2155,#2156,#2157));
#428=EDGE_LOOP('',(#2158,#2159,#2160,#2161,#2162,#2163,#2164,#2165,#2166,
#2167,#2168,#2169));
#429=EDGE_LOOP('',(#2170,#2171,#2172,#2173));
#430=EDGE_LOOP('',(#2174,#2175,#2176,#2177,#2178,#2179));
#431=EDGE_LOOP('',(#2180,#2181,#2182,#2183,#2184));
#432=EDGE_LOOP('',(#2185,#2186,#2187,#2188));
#433=EDGE_LOOP('',(#2189,#2190,#2191,#2192,#2193,#2194));
#434=EDGE_LOOP('',(#2195,#2196,#2197,#2198));
#435=EDGE_LOOP('',(#2199,#2200,#2201));
#436=EDGE_LOOP('',(#2202,#2203,#2204,#2205));
#437=EDGE_LOOP('',(#2206,#2207,#2208,#2209,#2210));
#438=EDGE_LOOP('',(#2211,#2212,#2213,#2214,#2215,#2216,#2217,#2218,#2219,
#2220,#2221,#2222));
#439=EDGE_LOOP('',(#2223,#2224,#2225,#2226));
#440=EDGE_LOOP('',(#2227,#2228,#2229,#2230,#2231));
#441=EDGE_LOOP('',(#2232,#2233,#2234,#2235));
#442=EDGE_LOOP('',(#2236,#2237));
#443=EDGE_LOOP('',(#2238,#2239,#2240,#2241));
#444=EDGE_LOOP('',(#2242,#2243,#2244,#2245));
#445=EDGE_LOOP('',(#2246,#2247,#2248,#2249));
#446=EDGE_LOOP('',(#2250,#2251,#2252,#2253));
#447=EDGE_LOOP('',(#2254,#2255,#2256,#2257));
#448=EDGE_LOOP('',(#2258,#2259,#2260,#2261));
#449=EDGE_LOOP('',(#2262,#2263,#2264,#2265,#2266));
#450=EDGE_LOOP('',(#2267,#2268,#2269,#2270));
#451=EDGE_LOOP('',(#2271,#2272,#2273,#2274,#2275));
#452=EDGE_LOOP('',(#2276,#2277,#2278,#2279,#2280,#2281,#2282,#2283,#2284,
#2285,#2286,#2287));
#453=EDGE_LOOP('',(#2288,#2289,#2290,#2291));
#454=EDGE_LOOP('',(#2292,#2293));
#455=EDGE_LOOP('',(#2294,#2295));
#456=EDGE_LOOP('',(#2296,#2297,#2298,#2299));
#457=EDGE_LOOP('',(#2300,#2301,#2302,#2303));
#458=EDGE_LOOP('',(#2304,#2305));
#459=EDGE_LOOP('',(#2306,#2307,#2308,#2309));
#460=EDGE_LOOP('',(#2310,#2311,#2312,#2313));
#461=EDGE_LOOP('',(#2314,#2315,#2316,#2317));
#462=EDGE_LOOP('',(#2318,#2319,#2320,#2321,#2322));
#463=EDGE_LOOP('',(#2323,#2324));
#464=EDGE_LOOP('',(#2325,#2326,#2327));
#465=EDGE_LOOP('',(#2328,#2329,#2330,#2331));
#466=EDGE_LOOP('',(#2332,#2333,#2334,#2335));
#467=EDGE_LOOP('',(#2336,#2337,#2338,#2339));
#468=EDGE_LOOP('',(#2340,#2341,#2342,#2343));
#469=EDGE_LOOP('',(#2344,#2345,#2346));
#470=EDGE_LOOP('',(#2347,#2348,#2349));
#471=EDGE_LOOP('',(#2350,#2351,#2352));
#472=EDGE_LOOP('',(#2353,#2354,#2355));
#473=EDGE_LOOP('',(#2356,#2357,#2358,#2359));
#474=EDGE_LOOP('',(#2360,#2361,#2362,#2363));
#475=EDGE_LOOP('',(#2364,#2365,#2366,#2367));
#476=EDGE_LOOP('',(#2368,#2369,#2370,#2371));
#477=EDGE_LOOP('',(#2372,#2373,#2374,#2375));
#478=EDGE_LOOP('',(#2376,#2377,#2378,#2379));
#479=EDGE_LOOP('',(#2380,#2381,#2382,#2383));
#480=EDGE_LOOP('',(#2384,#2385,#2386,#2387));
#481=EDGE_LOOP('',(#2388,#2389,#2390,#2391));
#482=EDGE_LOOP('',(#2392,#2393,#2394,#2395,#2396,#2397,#2398,#2399));
#483=EDGE_LOOP('',(#2400));
#484=EDGE_LOOP('',(#2401));
#485=EDGE_LOOP('',(#2402));
#486=EDGE_LOOP('',(#2403));
#487=EDGE_LOOP('',(#2404,#2405,#2406,#2407,#2408,#2409,#2410,#2411,#2412,
#2413,#2414,#2415,#2416,#2417,#2418,#2419,#2420,#2421,#2422,#2423,#2424,
#2425,#2426,#2427));
#488=LINE('',#3684,#696);
#489=LINE('',#3687,#697);
#490=LINE('',#3703,#698);
#491=LINE('',#3718,#699);
#492=LINE('',#3725,#700);
#493=LINE('',#3728,#701);
#494=LINE('',#3744,#702);
#495=LINE('',#3779,#703);
#496=LINE('',#3786,#704);
#497=LINE('',#3789,#705);
#498=LINE('',#3805,#706);
#499=LINE('',#3840,#707);
#500=LINE('',#3847,#708);
#501=LINE('',#3850,#709);
#502=LINE('',#3868,#710);
#503=LINE('',#3905,#711);
#504=LINE('',#3931,#712);
#505=LINE('',#3936,#713);
#506=LINE('',#3941,#714);
#507=LINE('',#3944,#715);
#508=LINE('',#3947,#716);
#509=LINE('',#3948,#717);
#510=LINE('',#3951,#718);
#511=LINE('',#3955,#719);
#512=LINE('',#3956,#720);
#513=LINE('',#3961,#721);
#514=LINE('',#3968,#722);
#515=LINE('',#3972,#723);
#516=LINE('',#3976,#724);
#517=LINE('',#3980,#725);
#518=LINE('',#3984,#726);
#519=LINE('',#3989,#727);
#520=LINE('',#3993,#728);
#521=LINE('',#3995,#729);
#522=LINE('',#3997,#730);
#523=LINE('',#4001,#731);
#524=LINE('',#4003,#732);
#525=LINE('',#4005,#733);
#526=LINE('',#4009,#734);
#527=LINE('',#4011,#735);
#528=LINE('',#4013,#736);
#529=LINE('',#4017,#737);
#530=LINE('',#4018,#738);
#531=LINE('',#4021,#739);
#532=LINE('',#4023,#740);
#533=LINE('',#4024,#741);
#534=LINE('',#4028,#742);
#535=LINE('',#4031,#743);
#536=LINE('',#4032,#744);
#537=LINE('',#4035,#745);
#538=LINE('',#4036,#746);
#539=LINE('',#4039,#747);
#540=LINE('',#4040,#748);
#541=LINE('',#4044,#749);
#542=LINE('',#4047,#750);
#543=LINE('',#4048,#751);
#544=LINE('',#4051,#752);
#545=LINE('',#4052,#753);
#546=LINE('',#4055,#754);
#547=LINE('',#4056,#755);
#548=LINE('',#4060,#756);
#549=LINE('',#4063,#757);
#550=LINE('',#4064,#758);
#551=LINE('',#4067,#759);
#552=LINE('',#4068,#760);
#553=LINE('',#4071,#761);
#554=LINE('',#4072,#762);
#555=LINE('',#4076,#763);
#556=LINE('',#4079,#764);
#557=LINE('',#4080,#765);
#558=LINE('',#4082,#766);
#559=LINE('',#4088,#767);
#560=LINE('',#4091,#768);
#561=LINE('',#4094,#769);
#562=LINE('',#4096,#770);
#563=LINE('',#4097,#771);
#564=LINE('',#4103,#772);
#565=LINE('',#4106,#773);
#566=LINE('',#4108,#774);
#567=LINE('',#4109,#775);
#568=LINE('',#4115,#776);
#569=LINE('',#4118,#777);
#570=LINE('',#4120,#778);
#571=LINE('',#4121,#779);
#572=LINE('',#4127,#780);
#573=LINE('',#4130,#781);
#574=LINE('',#4132,#782);
#575=LINE('',#4133,#783);
#576=LINE('',#4139,#784);
#577=LINE('',#4142,#785);
#578=LINE('',#4144,#786);
#579=LINE('',#4145,#787);
#580=LINE('',#4151,#788);
#581=LINE('',#4154,#789);
#582=LINE('',#4156,#790);
#583=LINE('',#4157,#791);
#584=LINE('',#4163,#792);
#585=LINE('',#4166,#793);
#586=LINE('',#4168,#794);
#587=LINE('',#4169,#795);
#588=LINE('',#4175,#796);
#589=LINE('',#4178,#797);
#590=LINE('',#4180,#798);
#591=LINE('',#4181,#799);
#592=LINE('',#4187,#800);
#593=LINE('',#4190,#801);
#594=LINE('',#4192,#802);
#595=LINE('',#4193,#803);
#596=LINE('',#4199,#804);
#597=LINE('',#4202,#805);
#598=LINE('',#4204,#806);
#599=LINE('',#4205,#807);
#600=LINE('',#4211,#808);
#601=LINE('',#4214,#809);
#602=LINE('',#4216,#810);
#603=LINE('',#4217,#811);
#604=LINE('',#4223,#812);
#605=LINE('',#4225,#813);
#606=LINE('',#4226,#814);
#607=LINE('',#4232,#815);
#608=LINE('',#4235,#816);
#609=LINE('',#4237,#817);
#610=LINE('',#4238,#818);
#611=LINE('',#4240,#819);
#612=LINE('',#4248,#820);
#613=LINE('',#4250,#821);
#614=LINE('',#4252,#822);
#615=LINE('',#4253,#823);
#616=LINE('',#4258,#824);
#617=LINE('',#4262,#825);
#618=LINE('',#4266,#826);
#619=LINE('',#4267,#827);
#620=LINE('',#4297,#828);
#621=LINE('',#4354,#829);
#622=LINE('',#4362,#830);
#623=LINE('',#4365,#831);
#624=LINE('',#4369,#832);
#625=LINE('',#4371,#833);
#626=LINE('',#4373,#834);
#627=LINE('',#4377,#835);
#628=LINE('',#4379,#836);
#629=LINE('',#4381,#837);
#630=LINE('',#4385,#838);
#631=LINE('',#4386,#839);
#632=LINE('',#4389,#840);
#633=LINE('',#4392,#841);
#634=LINE('',#4401,#842);
#635=LINE('',#4405,#843);
#636=LINE('',#4410,#844);
#637=LINE('',#4412,#845);
#638=LINE('',#4413,#846);
#639=LINE('',#4416,#847);
#640=LINE('',#4422,#848);
#641=LINE('',#4423,#849);
#642=LINE('',#4468,#850);
#643=LINE('',#4510,#851);
#644=LINE('',#4518,#852);
#645=LINE('',#4519,#853);
#646=LINE('',#4522,#854);
#647=LINE('',#4532,#855);
#648=LINE('',#4536,#856);
#649=LINE('',#4538,#857);
#650=LINE('',#4541,#858);
#651=LINE('',#4545,#859);
#652=LINE('',#4546,#860);
#653=LINE('',#4597,#861);
#654=LINE('',#4615,#862);
#655=LINE('',#4619,#863);
#656=LINE('',#4620,#864);
#657=LINE('',#4624,#865);
#658=LINE('',#4627,#866);
#659=LINE('',#4629,#867);
#660=LINE('',#4631,#868);
#661=LINE('',#4633,#869);
#662=LINE('',#4636,#870);
#663=LINE('',#4640,#871);
#664=LINE('',#4641,#872);
#665=LINE('',#4644,#873);
#666=LINE('',#4648,#874);
#667=LINE('',#4649,#875);
#668=LINE('',#4668,#876);
#669=LINE('',#4719,#877);
#670=LINE('',#4721,#878);
#671=LINE('',#4724,#879);
#672=LINE('',#4726,#880);
#673=LINE('',#4729,#881);
#674=LINE('',#4730,#882);
#675=LINE('',#4732,#883);
#676=LINE('',#4762,#884);
#677=LINE('',#4786,#885);
#678=LINE('',#4812,#886);
#679=LINE('',#4836,#887);
#680=LINE('',#4862,#888);
#681=LINE('',#4886,#889);
#682=LINE('',#4911,#890);
#683=LINE('',#4935,#891);
#684=LINE('',#5106,#892);
#685=LINE('',#5109,#893);
#686=LINE('',#5112,#894);
#687=LINE('',#5113,#895);
#688=LINE('',#5116,#896);
#689=LINE('',#5120,#897);
#690=LINE('',#5121,#898);
#691=LINE('',#5125,#899);
#692=LINE('',#5126,#900);
#693=LINE('',#5129,#901);
#694=LINE('',#5133,#902);
#695=LINE('',#5134,#903);
#696=VECTOR('',#2933,0.393700787401575);
#697=VECTOR('',#2936,0.393700787401575);
#698=VECTOR('',#2941,0.393700787401575);
#699=VECTOR('',#2944,0.393700787401575);
#700=VECTOR('',#2951,0.393700787401575);
#701=VECTOR('',#2954,0.393700787401575);
#702=VECTOR('',#2959,0.393700787401575);
#703=VECTOR('',#2964,0.393700787401575);
#704=VECTOR('',#2971,0.393700787401575);
#705=VECTOR('',#2974,0.393700787401575);
#706=VECTOR('',#2979,0.393700787401575);
#707=VECTOR('',#2984,0.393700787401575);
#708=VECTOR('',#2991,0.393700787401575);
#709=VECTOR('',#2994,0.393700787401575);
#710=VECTOR('',#2999,0.393700787401575);
#711=VECTOR('',#3004,0.393700787401575);
#712=VECTOR('',#3013,0.117);
#713=VECTOR('',#3020,0.117);
#714=VECTOR('',#3027,0.393700787401575);
#715=VECTOR('',#3030,0.393700787401575);
#716=VECTOR('',#3033,0.393700787401575);
#717=VECTOR('',#3034,0.393700787401575);
#718=VECTOR('',#3037,0.393700787401575);
#719=VECTOR('',#3042,0.393700787401575);
#720=VECTOR('',#3043,0.393700787401575);
#721=VECTOR('',#3048,0.117);
#722=VECTOR('',#3059,0.0795);
#723=VECTOR('',#3064,0.117);
#724=VECTOR('',#3069,0.0795);
#725=VECTOR('',#3074,0.0795);
#726=VECTOR('',#3079,0.0795);
#727=VECTOR('',#3084,0.393700787401575);
#728=VECTOR('',#3087,0.393700787401575);
#729=VECTOR('',#3088,0.393700787401575);
#730=VECTOR('',#3089,0.393700787401575);
#731=VECTOR('',#3092,0.393700787401575);
#732=VECTOR('',#3093,0.393700787401575);
#733=VECTOR('',#3094,0.393700787401575);
#734=VECTOR('',#3097,0.393700787401575);
#735=VECTOR('',#3098,0.393700787401575);
#736=VECTOR('',#3099,0.393700787401575);
#737=VECTOR('',#3102,0.393700787401575);
#738=VECTOR('',#3103,0.393700787401575);
#739=VECTOR('',#3106,0.393700787401575);
#740=VECTOR('',#3107,0.393700787401575);
#741=VECTOR('',#3108,0.393700787401575);
#742=VECTOR('',#3113,0.393700787401575);
#743=VECTOR('',#3116,0.393700787401575);
#744=VECTOR('',#3117,0.393700787401575);
#745=VECTOR('',#3120,0.393700787401575);
#746=VECTOR('',#3121,0.393700787401575);
#747=VECTOR('',#3124,0.393700787401575);
#748=VECTOR('',#3125,0.393700787401575);
#749=VECTOR('',#3130,0.393700787401575);
#750=VECTOR('',#3133,0.393700787401575);
#751=VECTOR('',#3134,0.393700787401575);
#752=VECTOR('',#3137,0.393700787401575);
#753=VECTOR('',#3138,0.393700787401575);
#754=VECTOR('',#3141,0.393700787401575);
#755=VECTOR('',#3142,0.393700787401575);
#756=VECTOR('',#3147,0.393700787401575);
#757=VECTOR('',#3150,0.393700787401575);
#758=VECTOR('',#3151,0.393700787401575);
#759=VECTOR('',#3154,0.393700787401575);
#760=VECTOR('',#3155,0.393700787401575);
#761=VECTOR('',#3158,0.393700787401575);
#762=VECTOR('',#3159,0.393700787401575);
#763=VECTOR('',#3164,0.393700787401575);
#764=VECTOR('',#3167,0.393700787401575);
#765=VECTOR('',#3168,0.393700787401575);
#766=VECTOR('',#3171,0.393700787401575);
#767=VECTOR('',#3176,0.393700787401575);
#768=VECTOR('',#3179,0.393700787401575);
#769=VECTOR('',#3182,0.393700787401575);
#770=VECTOR('',#3183,0.393700787401575);
#771=VECTOR('',#3184,0.393700787401575);
#772=VECTOR('',#3191,0.393700787401575);
#773=VECTOR('',#3194,0.393700787401575);
#774=VECTOR('',#3195,0.393700787401575);
#775=VECTOR('',#3196,0.393700787401575);
#776=VECTOR('',#3203,0.393700787401575);
#777=VECTOR('',#3206,0.393700787401575);
#778=VECTOR('',#3207,0.393700787401575);
#779=VECTOR('',#3208,0.393700787401575);
#780=VECTOR('',#3215,0.393700787401575);
#781=VECTOR('',#3218,0.393700787401575);
#782=VECTOR('',#3219,0.393700787401575);
#783=VECTOR('',#3220,0.393700787401575);
#784=VECTOR('',#3227,0.393700787401575);
#785=VECTOR('',#3230,0.393700787401575);
#786=VECTOR('',#3231,0.393700787401575);
#787=VECTOR('',#3232,0.393700787401575);
#788=VECTOR('',#3239,0.393700787401575);
#789=VECTOR('',#3242,0.393700787401575);
#790=VECTOR('',#3243,0.393700787401575);
#791=VECTOR('',#3244,0.393700787401575);
#792=VECTOR('',#3251,0.393700787401575);
#793=VECTOR('',#3254,0.393700787401575);
#794=VECTOR('',#3255,0.393700787401575);
#795=VECTOR('',#3256,0.393700787401575);
#796=VECTOR('',#3263,0.393700787401575);
#797=VECTOR('',#3266,0.393700787401575);
#798=VECTOR('',#3267,0.393700787401575);
#799=VECTOR('',#3268,0.393700787401575);
#800=VECTOR('',#3275,0.393700787401575);
#801=VECTOR('',#3278,0.393700787401575);
#802=VECTOR('',#3279,0.393700787401575);
#803=VECTOR('',#3280,0.393700787401575);
#804=VECTOR('',#3287,0.393700787401575);
#805=VECTOR('',#3290,0.393700787401575);
#806=VECTOR('',#3291,0.393700787401575);
#807=VECTOR('',#3292,0.393700787401575);
#808=VECTOR('',#3299,0.393700787401575);
#809=VECTOR('',#3302,0.393700787401575);
#810=VECTOR('',#3303,0.393700787401575);
#811=VECTOR('',#3304,0.393700787401575);
#812=VECTOR('',#3311,0.393700787401575);
#813=VECTOR('',#3314,0.393700787401575);
#814=VECTOR('',#3315,0.393700787401575);
#815=VECTOR('',#3322,0.393700787401575);
#816=VECTOR('',#3325,0.393700787401575);
#817=VECTOR('',#3328,0.393700787401575);
#818=VECTOR('',#3329,0.393700787401575);
#819=VECTOR('',#3332,0.393700787401575);
#820=VECTOR('',#3341,0.393700787401575);
#821=VECTOR('',#3342,0.393700787401575);
#822=VECTOR('',#3343,0.393700787401575);
#823=VECTOR('',#3344,0.393700787401575);
#824=VECTOR('',#3349,0.393700787401575);
#825=VECTOR('',#3354,0.393700787401575);
#826=VECTOR('',#3357,0.393700787401575);
#827=VECTOR('',#3358,0.393700787401575);
#828=VECTOR('',#3371,0.0795);
#829=VECTOR('',#3388,0.393700787401575);
#830=VECTOR('',#3391,0.393700787401575);
#831=VECTOR('',#3394,0.393700787401575);
#832=VECTOR('',#3397,0.393700787401575);
#833=VECTOR('',#3398,0.393700787401575);
#834=VECTOR('',#3399,0.393700787401575);
#835=VECTOR('',#3402,0.393700787401575);
#836=VECTOR('',#3403,0.393700787401575);
#837=VECTOR('',#3404,0.393700787401575);
#838=VECTOR('',#3407,0.393700787401575);
#839=VECTOR('',#3408,0.393700787401575);
#840=VECTOR('',#3411,0.393700787401575);
#841=VECTOR('',#3416,0.393700787401575);
#842=VECTOR('',#3421,0.393700787401575);
#843=VECTOR('',#3426,0.393700787401575);
#844=VECTOR('',#3431,0.393700787401575);
#845=VECTOR('',#3432,0.393700787401575);
#846=VECTOR('',#3433,0.393700787401575);
#847=VECTOR('',#3436,0.393700787401575);
#848=VECTOR('',#3443,0.393700787401575);
#849=VECTOR('',#3444,0.393700787401575);
#850=VECTOR('',#3459,0.0795);
#851=VECTOR('',#3474,0.393700787401575);
#852=VECTOR('',#3479,0.393700787401575);
#853=VECTOR('',#3480,0.393700787401575);
#854=VECTOR('',#3483,0.393700787401575);
#855=VECTOR('',#3490,0.393700787401575);
#856=VECTOR('',#3495,0.393700787401575);
#857=VECTOR('',#3498,0.393700787401575);
#858=VECTOR('',#3501,0.393700787401575);
#859=VECTOR('',#3506,0.393700787401575);
#860=VECTOR('',#3507,0.393700787401575);
#861=VECTOR('',#3518,0.0795);
#862=VECTOR('',#3525,0.393700787401575);
#863=VECTOR('',#3530,0.393700787401575);
#864=VECTOR('',#3531,0.393700787401575);
#865=VECTOR('',#3538,0.393700787401575);
#866=VECTOR('',#3543,0.393700787401575);
#867=VECTOR('',#3546,0.393700787401575);
#868=VECTOR('',#3549,0.393700787401575);
#869=VECTOR('',#3552,0.393700787401575);
#870=VECTOR('',#3555,0.393700787401575);
#871=VECTOR('',#3560,0.393700787401575);
#872=VECTOR('',#3561,0.393700787401575);
#873=VECTOR('',#3564,0.393700787401575);
#874=VECTOR('',#3569,0.393700787401575);
#875=VECTOR('',#3570,0.393700787401575);
#876=VECTOR('',#3575,0.0795);
#877=VECTOR('',#3592,0.393700787401575);
#878=VECTOR('',#3595,0.393700787401575);
#879=VECTOR('',#3600,0.393700787401575);
#880=VECTOR('',#3603,0.393700787401575);
#881=VECTOR('',#3608,0.393700787401575);
#882=VECTOR('',#3609,0.393700787401575);
#883=VECTOR('',#3612,0.393700787401575);
#884=VECTOR('',#3621,0.393700787401575);
#885=VECTOR('',#3622,0.393700787401575);
#886=VECTOR('',#3625,0.393700787401575);
#887=VECTOR('',#3626,0.393700787401575);
#888=VECTOR('',#3629,0.393700787401575);
#889=VECTOR('',#3630,0.393700787401575);
#890=VECTOR('',#3633,0.393700787401575);
#891=VECTOR('',#3634,0.393700787401575);
#892=VECTOR('',#3637,0.393700787401575);
#893=VECTOR('',#3640,0.393700787401575);
#894=VECTOR('',#3643,0.393700787401575);
#895=VECTOR('',#3644,0.393700787401575);
#896=VECTOR('',#3647,0.393700787401575);
#897=VECTOR('',#3652,0.393700787401575);
#898=VECTOR('',#3653,0.393700787401575);
#899=VECTOR('',#3658,0.393700787401575);
#900=VECTOR('',#3659,0.393700787401575);
#901=VECTOR('',#3662,0.393700787401575);
#902=VECTOR('',#3667,0.393700787401575);
#903=VECTOR('',#3668,0.393700787401575);
#904=CIRCLE('',#2656,0.07);
#905=CIRCLE('',#2657,0.0700000000000002);
#906=CIRCLE('',#2659,0.07);
#907=CIRCLE('',#2661,0.0700000000000002);
#908=CIRCLE('',#2663,0.07);
#909=CIRCLE('',#2664,0.07);
#910=CIRCLE('',#2666,0.07);
#911=CIRCLE('',#2667,0.125);
#912=CIRCLE('',#2669,0.07);
#913=CIRCLE('',#2671,0.07);
#914=CIRCLE('',#2672,0.0700000000000002);
#915=CIRCLE('',#2674,0.07);
#916=CIRCLE('',#2675,0.125);
#917=CIRCLE('',#2677,0.0700000000000002);
#918=CIRCLE('',#2679,0.07);
#919=CIRCLE('',#2680,0.07);
#920=CIRCLE('',#2682,0.07);
#921=CIRCLE('',#2683,0.125);
#922=CIRCLE('',#2685,0.07);
#923=CIRCLE('',#2686,0.125);
#924=CIRCLE('',#2688,0.1545);
#925=CIRCLE('',#2689,0.0795);
#926=CIRCLE('',#2690,0.1545);
#927=CIRCLE('',#2692,0.0795);
#928=CIRCLE('',#2693,0.1545);
#929=CIRCLE('',#2695,0.125);
#930=CIRCLE('',#2698,0.125);
#931=CIRCLE('',#2701,0.1545);
#932=CIRCLE('',#2702,0.0795);
#933=CIRCLE('',#2703,0.1545);
#934=CIRCLE('',#2705,0.1545);
#935=CIRCLE('',#2707,0.0795);
#936=CIRCLE('',#2709,0.0795);
#937=CIRCLE('',#2711,0.0795);
#938=CIRCLE('',#2713,0.0795);
#939=CIRCLE('',#2715,0.0795);
#940=CIRCLE('',#2717,0.218998186164148);
#941=CIRCLE('',#2718,0.218998186164148);
#942=CIRCLE('',#2719,0.218998186164148);
#943=CIRCLE('',#2720,0.218998186164147);
#944=CIRCLE('',#2723,0.205);
#945=CIRCLE('',#2728,0.205);
#946=CIRCLE('',#2733,0.205);
#947=CIRCLE('',#2738,0.205);
#948=CIRCLE('',#2742,0.0349999999999996);
#949=CIRCLE('',#2743,0.0349999999999996);
#950=CIRCLE('',#2746,0.0349999999999996);
#951=CIRCLE('',#2747,0.0349999999999996);
#952=CIRCLE('',#2750,0.155);
#953=CIRCLE('',#2751,0.155);
#954=CIRCLE('',#2754,0.0349999999999997);
#955=CIRCLE('',#2755,0.0349999999999997);
#956=CIRCLE('',#2758,0.0349999999999999);
#957=CIRCLE('',#2759,0.0349999999999999);
#958=CIRCLE('',#2762,0.155);
#959=CIRCLE('',#2763,0.155);
#960=CIRCLE('',#2766,0.0349999999999999);
#961=CIRCLE('',#2767,0.0349999999999999);
#962=CIRCLE('',#2770,0.0349999999999997);
#963=CIRCLE('',#2771,0.0349999999999997);
#964=CIRCLE('',#2774,0.155);
#965=CIRCLE('',#2775,0.155);
#966=CIRCLE('',#2778,0.0349999999999997);
#967=CIRCLE('',#2779,0.0349999999999997);
#968=CIRCLE('',#2782,0.0349999999999999);
#969=CIRCLE('',#2783,0.0349999999999999);
#970=CIRCLE('',#2786,0.155);
#971=CIRCLE('',#2787,0.155);
#972=CIRCLE('',#2791,0.125);
#973=CIRCLE('',#2792,0.125);
#974=CIRCLE('',#2798,0.0185);
#975=CIRCLE('',#2800,0.1385);
#976=CIRCLE('',#2801,0.1385);
#977=CIRCLE('',#2803,0.0185);
#978=CIRCLE('',#2806,0.0349999999999999);
#979=CIRCLE('',#2809,0.0795);
#980=CIRCLE('',#2810,0.0795);
#981=CIRCLE('',#2811,0.0795);
#982=CIRCLE('',#2813,0.0795);
#983=CIRCLE('',#2815,0.0350000000000003);
#984=CIRCLE('',#2818,0.0185);
#985=CIRCLE('',#2820,0.1385);
#986=CIRCLE('',#2821,0.138500000000002);
#987=CIRCLE('',#2822,0.138499999999999);
#988=CIRCLE('',#2827,0.0185);
#989=CIRCLE('',#2831,0.0185);
#990=CIRCLE('',#2833,0.138500000000002);
#991=CIRCLE('',#2835,0.0185);
#992=CIRCLE('',#2838,0.0350000000000009);
#993=CIRCLE('',#2841,0.0795);
#994=CIRCLE('',#2843,0.0795);
#995=CIRCLE('',#2845,0.0795);
#996=CIRCLE('',#2847,0.0350000000000003);
#997=CIRCLE('',#2850,0.0185);
#998=CIRCLE('',#2855,0.0185);
#999=CIRCLE('',#2860,0.0349999999999999);
#1000=CIRCLE('',#2863,0.0795);
#1001=CIRCLE('',#2865,0.0795);
#1002=CIRCLE('',#2867,0.0795);
#1003=CIRCLE('',#2870,0.1385);
#1004=CIRCLE('',#2873,0.0350000000000003);
#1005=CIRCLE('',#2881,0.0350000000000003);
#1006=CIRCLE('',#2884,0.138499999999999);
#1007=CIRCLE('',#2887,0.0795);
#1008=CIRCLE('',#2888,0.0795);
#1009=CIRCLE('',#2889,0.0795);
#1010=CIRCLE('',#2891,0.0795);
#1011=CIRCLE('',#2894,0.0350000000000003);
#1012=CIRCLE('',#2911,0.125);
#1013=CIRCLE('',#2914,0.125);
#1014=CIRCLE('',#2919,0.124999999999999);
#1015=CIRCLE('',#2922,0.125);
#1016=VERTEX_POINT('',#3680);
#1017=VERTEX_POINT('',#3681);
#1018=VERTEX_POINT('',#3683);
#1019=VERTEX_POINT('',#3685);
#1020=VERTEX_POINT('',#3689);
#1021=VERTEX_POINT('',#3701);
#1022=VERTEX_POINT('',#3705);
#1023=VERTEX_POINT('',#3717);
#1024=VERTEX_POINT('',#3721);
#1025=VERTEX_POINT('',#3722);
#1026=VERTEX_POINT('',#3724);
#1027=VERTEX_POINT('',#3726);
#1028=VERTEX_POINT('',#3730);
#1029=VERTEX_POINT('',#3742);
#1030=VERTEX_POINT('',#3766);
#1031=VERTEX_POINT('',#3778);
#1032=VERTEX_POINT('',#3782);
#1033=VERTEX_POINT('',#3783);
#1034=VERTEX_POINT('',#3785);
#1035=VERTEX_POINT('',#3787);
#1036=VERTEX_POINT('',#3791);
#1037=VERTEX_POINT('',#3803);
#1038=VERTEX_POINT('',#3827);
#1039=VERTEX_POINT('',#3839);
#1040=VERTEX_POINT('',#3843);
#1041=VERTEX_POINT('',#3844);
#1042=VERTEX_POINT('',#3846);
#1043=VERTEX_POINT('',#3848);
#1044=VERTEX_POINT('',#3852);
#1045=VERTEX_POINT('',#3859);
#1046=VERTEX_POINT('',#3866);
#1047=VERTEX_POINT('',#3890);
#1048=VERTEX_POINT('',#3891);
#1049=VERTEX_POINT('',#3904);
#1050=VERTEX_POINT('',#3928);
#1051=VERTEX_POINT('',#3930);
#1052=VERTEX_POINT('',#3935);
#1053=VERTEX_POINT('',#3940);
#1054=VERTEX_POINT('',#3942);
#1055=VERTEX_POINT('',#3946);
#1056=VERTEX_POINT('',#3950);
#1057=VERTEX_POINT('',#3954);
#1058=VERTEX_POINT('',#3958);
#1059=VERTEX_POINT('',#3960);
#1060=VERTEX_POINT('',#3967);
#1061=VERTEX_POINT('',#3971);
#1062=VERTEX_POINT('',#3975);
#1063=VERTEX_POINT('',#3979);
#1064=VERTEX_POINT('',#3983);
#1065=VERTEX_POINT('',#3987);
#1066=VERTEX_POINT('',#3988);
#1067=VERTEX_POINT('',#3990);
#1068=VERTEX_POINT('',#3992);
#1069=VERTEX_POINT('',#3994);
#1070=VERTEX_POINT('',#3996);
#1071=VERTEX_POINT('',#3998);
#1072=VERTEX_POINT('',#4000);
#1073=VERTEX_POINT('',#4002);
#1074=VERTEX_POINT('',#4004);
#1075=VERTEX_POINT('',#4006);
#1076=VERTEX_POINT('',#4008);
#1077=VERTEX_POINT('',#4010);
#1078=VERTEX_POINT('',#4012);
#1079=VERTEX_POINT('',#4014);
#1080=VERTEX_POINT('',#4016);
#1081=VERTEX_POINT('',#4020);
#1082=VERTEX_POINT('',#4022);
#1083=VERTEX_POINT('',#4026);
#1084=VERTEX_POINT('',#4030);
#1085=VERTEX_POINT('',#4034);
#1086=VERTEX_POINT('',#4038);
#1087=VERTEX_POINT('',#4042);
#1088=VERTEX_POINT('',#4046);
#1089=VERTEX_POINT('',#4050);
#1090=VERTEX_POINT('',#4054);
#1091=VERTEX_POINT('',#4058);
#1092=VERTEX_POINT('',#4062);
#1093=VERTEX_POINT('',#4066);
#1094=VERTEX_POINT('',#4070);
#1095=VERTEX_POINT('',#4074);
#1096=VERTEX_POINT('',#4078);
#1097=VERTEX_POINT('',#4084);
#1098=VERTEX_POINT('',#4085);
#1099=VERTEX_POINT('',#4087);
#1100=VERTEX_POINT('',#4089);
#1101=VERTEX_POINT('',#4093);
#1102=VERTEX_POINT('',#4095);
#1103=VERTEX_POINT('',#4099);
#1104=VERTEX_POINT('',#4101);
#1105=VERTEX_POINT('',#4105);
#1106=VERTEX_POINT('',#4107);
#1107=VERTEX_POINT('',#4111);
#1108=VERTEX_POINT('',#4113);
#1109=VERTEX_POINT('',#4117);
#1110=VERTEX_POINT('',#4119);
#1111=VERTEX_POINT('',#4123);
#1112=VERTEX_POINT('',#4125);
#1113=VERTEX_POINT('',#4129);
#1114=VERTEX_POINT('',#4131);
#1115=VERTEX_POINT('',#4135);
#1116=VERTEX_POINT('',#4137);
#1117=VERTEX_POINT('',#4141);
#1118=VERTEX_POINT('',#4143);
#1119=VERTEX_POINT('',#4147);
#1120=VERTEX_POINT('',#4149);
#1121=VERTEX_POINT('',#4153);
#1122=VERTEX_POINT('',#4155);
#1123=VERTEX_POINT('',#4159);
#1124=VERTEX_POINT('',#4161);
#1125=VERTEX_POINT('',#4165);
#1126=VERTEX_POINT('',#4167);
#1127=VERTEX_POINT('',#4171);
#1128=VERTEX_POINT('',#4173);
#1129=VERTEX_POINT('',#4177);
#1130=VERTEX_POINT('',#4179);
#1131=VERTEX_POINT('',#4183);
#1132=VERTEX_POINT('',#4185);
#1133=VERTEX_POINT('',#4189);
#1134=VERTEX_POINT('',#4191);
#1135=VERTEX_POINT('',#4195);
#1136=VERTEX_POINT('',#4197);
#1137=VERTEX_POINT('',#4201);
#1138=VERTEX_POINT('',#4203);
#1139=VERTEX_POINT('',#4207);
#1140=VERTEX_POINT('',#4209);
#1141=VERTEX_POINT('',#4213);
#1142=VERTEX_POINT('',#4215);
#1143=VERTEX_POINT('',#4219);
#1144=VERTEX_POINT('',#4221);
#1145=VERTEX_POINT('',#4229);
#1146=VERTEX_POINT('',#4231);
#1147=VERTEX_POINT('',#4233);
#1148=VERTEX_POINT('',#4244);
#1149=VERTEX_POINT('',#4245);
#1150=VERTEX_POINT('',#4247);
#1151=VERTEX_POINT('',#4249);
#1152=VERTEX_POINT('',#4251);
#1153=VERTEX_POINT('',#4255);
#1154=VERTEX_POINT('',#4257);
#1155=VERTEX_POINT('',#4261);
#1156=VERTEX_POINT('',#4263);
#1157=VERTEX_POINT('',#4265);
#1158=VERTEX_POINT('',#4269);
#1159=VERTEX_POINT('',#4274);
#1160=VERTEX_POINT('',#4278);
#1161=VERTEX_POINT('',#4279);
#1162=VERTEX_POINT('',#4281);
#1163=VERTEX_POINT('',#4294);
#1164=VERTEX_POINT('',#4296);
#1165=VERTEX_POINT('',#4299);
#1166=VERTEX_POINT('',#4301);
#1167=VERTEX_POINT('',#4314);
#1168=VERTEX_POINT('',#4316);
#1169=VERTEX_POINT('',#4329);
#1170=VERTEX_POINT('',#4344);
#1171=VERTEX_POINT('',#4349);
#1172=VERTEX_POINT('',#4353);
#1173=VERTEX_POINT('',#4355);
#1174=VERTEX_POINT('',#4360);
#1175=VERTEX_POINT('',#4364);
#1176=VERTEX_POINT('',#4366);
#1177=VERTEX_POINT('',#4368);
#1178=VERTEX_POINT('',#4370);
#1179=VERTEX_POINT('',#4372);
#1180=VERTEX_POINT('',#4374);
#1181=VERTEX_POINT('',#4376);
#1182=VERTEX_POINT('',#4378);
#1183=VERTEX_POINT('',#4380);
#1184=VERTEX_POINT('',#4382);
#1185=VERTEX_POINT('',#4384);
#1186=VERTEX_POINT('',#4388);
#1187=VERTEX_POINT('',#4394);
#1188=VERTEX_POINT('',#4396);
#1189=VERTEX_POINT('',#4403);
#1190=VERTEX_POINT('',#4407);
#1191=VERTEX_POINT('',#4409);
#1192=VERTEX_POINT('',#4411);
#1193=VERTEX_POINT('',#4415);
#1194=VERTEX_POINT('',#4419);
#1195=VERTEX_POINT('',#4421);
#1196=VERTEX_POINT('',#4425);
#1197=VERTEX_POINT('',#4430);
#1198=VERTEX_POINT('',#4434);
#1199=VERTEX_POINT('',#4435);
#1200=VERTEX_POINT('',#4437);
#1201=VERTEX_POINT('',#4450);
#1202=VERTEX_POINT('',#4452);
#1203=VERTEX_POINT('',#4465);
#1204=VERTEX_POINT('',#4467);
#1205=VERTEX_POINT('',#4470);
#1206=VERTEX_POINT('',#4472);
#1207=VERTEX_POINT('',#4485);
#1208=VERTEX_POINT('',#4500);
#1209=VERTEX_POINT('',#4505);
#1210=VERTEX_POINT('',#4509);
#1211=VERTEX_POINT('',#4511);
#1212=VERTEX_POINT('',#4521);
#1213=VERTEX_POINT('',#4525);
#1214=VERTEX_POINT('',#4527);
#1215=VERTEX_POINT('',#4534);
#1216=VERTEX_POINT('',#4540);
#1217=VERTEX_POINT('',#4544);
#1218=VERTEX_POINT('',#4548);
#1219=VERTEX_POINT('',#4549);
#1220=VERTEX_POINT('',#4551);
#1221=VERTEX_POINT('',#4564);
#1222=VERTEX_POINT('',#4566);
#1223=VERTEX_POINT('',#4579);
#1224=VERTEX_POINT('',#4581);
#1225=VERTEX_POINT('',#4594);
#1226=VERTEX_POINT('',#4596);
#1227=VERTEX_POINT('',#4599);
#1228=VERTEX_POINT('',#4614);
#1229=VERTEX_POINT('',#4618);
#1230=VERTEX_POINT('',#4635);
#1231=VERTEX_POINT('',#4639);
#1232=VERTEX_POINT('',#4643);
#1233=VERTEX_POINT('',#4647);
#1234=VERTEX_POINT('',#4651);
#1235=VERTEX_POINT('',#4652);
#1236=VERTEX_POINT('',#4665);
#1237=VERTEX_POINT('',#4667);
#1238=VERTEX_POINT('',#4670);
#1239=VERTEX_POINT('',#4672);
#1240=VERTEX_POINT('',#4685);
#1241=VERTEX_POINT('',#4687);
#1242=VERTEX_POINT('',#4700);
#1243=VERTEX_POINT('',#4702);
#1244=VERTEX_POINT('',#4737);
#1245=VERTEX_POINT('',#4738);
#1246=VERTEX_POINT('',#4761);
#1247=VERTEX_POINT('',#4763);
#1248=VERTEX_POINT('',#4788);
#1249=VERTEX_POINT('',#4811);
#1250=VERTEX_POINT('',#4813);
#1251=VERTEX_POINT('',#4838);
#1252=VERTEX_POINT('',#4861);
#1253=VERTEX_POINT('',#4863);
#1254=VERTEX_POINT('',#4888);
#1255=VERTEX_POINT('',#4912);
#1256=VERTEX_POINT('',#5105);
#1257=VERTEX_POINT('',#5107);
#1258=VERTEX_POINT('',#5111);
#1259=VERTEX_POINT('',#5115);
#1260=VERTEX_POINT('',#5119);
#1261=VERTEX_POINT('',#5124);
#1262=VERTEX_POINT('',#5128);
#1263=VERTEX_POINT('',#5132);
#1264=EDGE_CURVE('',#1016,#1017,#904,.T.);
#1265=EDGE_CURVE('',#1017,#1018,#488,.T.);
#1266=EDGE_CURVE('',#1018,#1019,#905,.T.);
#1267=EDGE_CURVE('',#1019,#1016,#489,.T.);
#1268=EDGE_CURVE('',#1016,#1020,#133,.T.);
#1269=EDGE_CURVE('',#1020,#1021,#906,.T.);
#1270=EDGE_CURVE('',#1021,#1017,#490,.T.);
#1271=EDGE_CURVE('',#1022,#1019,#134,.T.);
#1272=EDGE_CURVE('',#1018,#1023,#491,.T.);
#1273=EDGE_CURVE('',#1023,#1022,#907,.T.);
#1274=EDGE_CURVE('',#1024,#1025,#908,.T.);
#1275=EDGE_CURVE('',#1025,#1026,#492,.T.);
#1276=EDGE_CURVE('',#1026,#1027,#909,.T.);
#1277=EDGE_CURVE('',#1027,#1024,#493,.T.);
#1278=EDGE_CURVE('',#1024,#1028,#135,.T.);
#1279=EDGE_CURVE('',#1028,#1029,#910,.T.);
#1280=EDGE_CURVE('',#1029,#1025,#494,.T.);
#1281=EDGE_CURVE('',#1028,#1022,#136,.T.);
#1282=EDGE_CURVE('',#1023,#1029,#911,.T.);
#1283=EDGE_CURVE('',#1030,#1027,#137,.T.);
#1284=EDGE_CURVE('',#1026,#1031,#495,.T.);
#1285=EDGE_CURVE('',#1031,#1030,#912,.T.);
#1286=EDGE_CURVE('',#1032,#1033,#913,.T.);
#1287=EDGE_CURVE('',#1033,#1034,#496,.T.);
#1288=EDGE_CURVE('',#1034,#1035,#914,.T.);
#1289=EDGE_CURVE('',#1035,#1032,#497,.T.);
#1290=EDGE_CURVE('',#1032,#1036,#138,.T.);
#1291=EDGE_CURVE('',#1036,#1037,#915,.T.);
#1292=EDGE_CURVE('',#1037,#1033,#498,.T.);
#1293=EDGE_CURVE('',#1036,#1030,#139,.T.);
#1294=EDGE_CURVE('',#1031,#1037,#916,.T.);
#1295=EDGE_CURVE('',#1038,#1035,#140,.T.);
#1296=EDGE_CURVE('',#1034,#1039,#499,.T.);
#1297=EDGE_CURVE('',#1039,#1038,#917,.T.);
#1298=EDGE_CURVE('',#1040,#1041,#918,.T.);
#1299=EDGE_CURVE('',#1041,#1042,#500,.T.);
#1300=EDGE_CURVE('',#1042,#1043,#919,.T.);
#1301=EDGE_CURVE('',#1043,#1040,#501,.T.);
#1302=EDGE_CURVE('',#1040,#1044,#141,.T.);
#1303=EDGE_CURVE('',#1044,#1045,#142,.T.);
#1304=EDGE_CURVE('',#1045,#1046,#920,.T.);
#1305=EDGE_CURVE('',#1046,#1041,#502,.T.);
#1306=EDGE_CURVE('',#1045,#1038,#143,.T.);
#1307=EDGE_CURVE('',#1039,#1046,#921,.T.);
#1308=EDGE_CURVE('',#1047,#1048,#144,.T.);
#1309=EDGE_CURVE('',#1048,#1043,#145,.T.);
#1310=EDGE_CURVE('',#1042,#1049,#503,.T.);
#1311=EDGE_CURVE('',#1049,#1047,#922,.T.);
#1312=EDGE_CURVE('',#1020,#1047,#146,.T.);
#1313=EDGE_CURVE('',#1049,#1021,#923,.T.);
#1314=EDGE_CURVE('',#1032,#1050,#924,.T.);
#1315=EDGE_CURVE('',#1050,#1051,#504,.T.);
#1316=EDGE_CURVE('',#1051,#1051,#925,.T.);
#1317=EDGE_CURVE('',#1050,#1027,#926,.T.);
#1318=EDGE_CURVE('',#1044,#1052,#505,.T.);
#1319=EDGE_CURVE('',#1052,#1052,#927,.T.);
#1320=EDGE_CURVE('',#1040,#1035,#928,.T.);
#1321=EDGE_CURVE('',#1053,#1023,#506,.T.);
#1322=EDGE_CURVE('',#1053,#1054,#929,.T.);
#1323=EDGE_CURVE('',#1054,#1029,#507,.T.);
#1324=EDGE_CURVE('',#1055,#1021,#508,.T.);
#1325=EDGE_CURVE('',#1053,#1055,#509,.T.);
#1326=EDGE_CURVE('',#1056,#1049,#510,.T.);
#1327=EDGE_CURVE('',#1056,#1055,#930,.T.);
#1328=EDGE_CURVE('',#1057,#1046,#511,.T.);
#1329=EDGE_CURVE('',#1056,#1057,#512,.T.);
#1330=EDGE_CURVE('',#1024,#1058,#931,.T.);
#1331=EDGE_CURVE('',#1058,#1059,#513,.T.);
#1332=EDGE_CURVE('',#1059,#1059,#932,.T.);
#1333=EDGE_CURVE('',#1058,#1019,#933,.T.);
#1334=EDGE_CURVE('',#1016,#1043,#934,.T.);
#1335=EDGE_CURVE('',#1059,#1060,#514,.T.);
#1336=EDGE_CURVE('',#1060,#1060,#935,.T.);
#1337=EDGE_CURVE('',#1048,#1061,#515,.T.);
#1338=EDGE_CURVE('',#1061,#1061,#936,.T.);
#1339=EDGE_CURVE('',#1061,#1062,#516,.T.);
#1340=EDGE_CURVE('',#1062,#1062,#937,.T.);
#1341=EDGE_CURVE('',#1051,#1063,#517,.T.);
#1342=EDGE_CURVE('',#1063,#1063,#938,.T.);
#1343=EDGE_CURVE('',#1052,#1064,#518,.T.);
#1344=EDGE_CURVE('',#1064,#1064,#939,.T.);
#1345=EDGE_CURVE('',#1065,#1066,#519,.T.);
#1346=EDGE_CURVE('',#1067,#1065,#940,.T.);
#1347=EDGE_CURVE('',#1068,#1067,#520,.T.);
#1348=EDGE_CURVE('',#1069,#1068,#521,.T.);
#1349=EDGE_CURVE('',#1070,#1069,#522,.T.);
#1350=EDGE_CURVE('',#1071,#1070,#941,.T.);
#1351=EDGE_CURVE('',#1072,#1071,#523,.T.);
#1352=EDGE_CURVE('',#1073,#1072,#524,.T.);
#1353=EDGE_CURVE('',#1074,#1073,#525,.T.);
#1354=EDGE_CURVE('',#1075,#1074,#942,.T.);
#1355=EDGE_CURVE('',#1076,#1075,#526,.T.);
#1356=EDGE_CURVE('',#1077,#1076,#527,.T.);
#1357=EDGE_CURVE('',#1078,#1077,#528,.T.);
#1358=EDGE_CURVE('',#1079,#1078,#943,.T.);
#1359=EDGE_CURVE('',#1080,#1079,#529,.T.);
#1360=EDGE_CURVE('',#1066,#1080,#530,.T.);
#1361=EDGE_CURVE('',#1066,#1081,#531,.F.);
#1362=EDGE_CURVE('',#1082,#1081,#532,.T.);
#1363=EDGE_CURVE('',#1082,#1065,#533,.T.);
#1364=EDGE_CURVE('',#1083,#1082,#944,.T.);
#1365=EDGE_CURVE('',#1083,#1067,#534,.T.);
#1366=EDGE_CURVE('',#1084,#1083,#535,.T.);
#1367=EDGE_CURVE('',#1084,#1068,#536,.F.);
#1368=EDGE_CURVE('',#1085,#1084,#537,.T.);
#1369=EDGE_CURVE('',#1085,#1069,#538,.F.);
#1370=EDGE_CURVE('',#1086,#1085,#539,.T.);
#1371=EDGE_CURVE('',#1086,#1070,#540,.T.);
#1372=EDGE_CURVE('',#1087,#1086,#945,.T.);
#1373=EDGE_CURVE('',#1087,#1071,#541,.T.);
#1374=EDGE_CURVE('',#1088,#1087,#542,.T.);
#1375=EDGE_CURVE('',#1088,#1072,#543,.T.);
#1376=EDGE_CURVE('',#1089,#1088,#544,.T.);
#1377=EDGE_CURVE('',#1089,#1073,#545,.T.);
#1378=EDGE_CURVE('',#1090,#1089,#546,.T.);
#1379=EDGE_CURVE('',#1090,#1074,#547,.T.);
#1380=EDGE_CURVE('',#1091,#1090,#946,.T.);
#1381=EDGE_CURVE('',#1091,#1075,#548,.T.);
#1382=EDGE_CURVE('',#1092,#1091,#549,.T.);
#1383=EDGE_CURVE('',#1092,#1076,#550,.T.);
#1384=EDGE_CURVE('',#1093,#1092,#551,.T.);
#1385=EDGE_CURVE('',#1093,#1077,#552,.T.);
#1386=EDGE_CURVE('',#1094,#1093,#553,.T.);
#1387=EDGE_CURVE('',#1094,#1078,#554,.T.);
#1388=EDGE_CURVE('',#1095,#1094,#947,.T.);
#1389=EDGE_CURVE('',#1095,#1079,#555,.T.);
#1390=EDGE_CURVE('',#1096,#1095,#556,.T.);
#1391=EDGE_CURVE('',#1096,#1080,#557,.T.);
#1392=EDGE_CURVE('',#1081,#1096,#558,.T.);
#1393=EDGE_CURVE('',#1097,#1098,#948,.T.);
#1394=EDGE_CURVE('',#1097,#1099,#559,.T.);
#1395=EDGE_CURVE('',#1100,#1099,#949,.T.);
#1396=EDGE_CURVE('',#1098,#1100,#560,.T.);
#1397=EDGE_CURVE('',#1098,#1101,#561,.T.);
#1398=EDGE_CURVE('',#1102,#1100,#562,.T.);
#1399=EDGE_CURVE('',#1101,#1102,#563,.T.);
#1400=EDGE_CURVE('',#1101,#1103,#950,.T.);
#1401=EDGE_CURVE('',#1104,#1102,#951,.T.);
#1402=EDGE_CURVE('',#1103,#1104,#564,.T.);
#1403=EDGE_CURVE('',#1103,#1105,#565,.T.);
#1404=EDGE_CURVE('',#1106,#1104,#566,.T.);
#1405=EDGE_CURVE('',#1105,#1106,#567,.T.);
#1406=EDGE_CURVE('',#1105,#1107,#952,.T.);
#1407=EDGE_CURVE('',#1108,#1106,#953,.T.);
#1408=EDGE_CURVE('',#1107,#1108,#568,.T.);
#1409=EDGE_CURVE('',#1107,#1109,#569,.T.);
#1410=EDGE_CURVE('',#1110,#1108,#570,.T.);
#1411=EDGE_CURVE('',#1109,#1110,#571,.T.);
#1412=EDGE_CURVE('',#1109,#1111,#954,.T.);
#1413=EDGE_CURVE('',#1112,#1110,#955,.T.);
#1414=EDGE_CURVE('',#1111,#1112,#572,.T.);
#1415=EDGE_CURVE('',#1111,#1113,#573,.T.);
#1416=EDGE_CURVE('',#1114,#1112,#574,.T.);
#1417=EDGE_CURVE('',#1113,#1114,#575,.T.);
#1418=EDGE_CURVE('',#1113,#1115,#956,.T.);
#1419=EDGE_CURVE('',#1116,#1114,#957,.T.);
#1420=EDGE_CURVE('',#1115,#1116,#576,.T.);
#1421=EDGE_CURVE('',#1115,#1117,#577,.T.);
#1422=EDGE_CURVE('',#1118,#1116,#578,.T.);
#1423=EDGE_CURVE('',#1117,#1118,#579,.T.);
#1424=EDGE_CURVE('',#1117,#1119,#958,.T.);
#1425=EDGE_CURVE('',#1120,#1118,#959,.T.);
#1426=EDGE_CURVE('',#1119,#1120,#580,.T.);
#1427=EDGE_CURVE('',#1119,#1121,#581,.T.);
#1428=EDGE_CURVE('',#1122,#1120,#582,.T.);
#1429=EDGE_CURVE('',#1121,#1122,#583,.T.);
#1430=EDGE_CURVE('',#1121,#1123,#960,.T.);
#1431=EDGE_CURVE('',#1124,#1122,#961,.T.);
#1432=EDGE_CURVE('',#1123,#1124,#584,.T.);
#1433=EDGE_CURVE('',#1123,#1125,#585,.T.);
#1434=EDGE_CURVE('',#1126,#1124,#586,.T.);
#1435=EDGE_CURVE('',#1125,#1126,#587,.T.);
#1436=EDGE_CURVE('',#1125,#1127,#962,.T.);
#1437=EDGE_CURVE('',#1128,#1126,#963,.T.);
#1438=EDGE_CURVE('',#1127,#1128,#588,.T.);
#1439=EDGE_CURVE('',#1127,#1129,#589,.T.);
#1440=EDGE_CURVE('',#1130,#1128,#590,.T.);
#1441=EDGE_CURVE('',#1129,#1130,#591,.T.);
#1442=EDGE_CURVE('',#1129,#1131,#964,.T.);
#1443=EDGE_CURVE('',#1132,#1130,#965,.T.);
#1444=EDGE_CURVE('',#1131,#1132,#592,.T.);
#1445=EDGE_CURVE('',#1131,#1133,#593,.T.);
#1446=EDGE_CURVE('',#1134,#1132,#594,.T.);
#1447=EDGE_CURVE('',#1133,#1134,#595,.T.);
#1448=EDGE_CURVE('',#1133,#1135,#966,.T.);
#1449=EDGE_CURVE('',#1136,#1134,#967,.T.);
#1450=EDGE_CURVE('',#1135,#1136,#596,.T.);
#1451=EDGE_CURVE('',#1135,#1137,#597,.T.);
#1452=EDGE_CURVE('',#1138,#1136,#598,.T.);
#1453=EDGE_CURVE('',#1137,#1138,#599,.T.);
#1454=EDGE_CURVE('',#1137,#1139,#968,.T.);
#1455=EDGE_CURVE('',#1140,#1138,#969,.T.);
#1456=EDGE_CURVE('',#1139,#1140,#600,.T.);
#1457=EDGE_CURVE('',#1139,#1141,#601,.T.);
#1458=EDGE_CURVE('',#1142,#1140,#602,.T.);
#1459=EDGE_CURVE('',#1141,#1142,#603,.T.);
#1460=EDGE_CURVE('',#1141,#1143,#970,.T.);
#1461=EDGE_CURVE('',#1144,#1142,#971,.T.);
#1462=EDGE_CURVE('',#1143,#1144,#604,.T.);
#1463=EDGE_CURVE('',#1143,#1097,#605,.T.);
#1464=EDGE_CURVE('',#1099,#1144,#606,.T.);
#1465=EDGE_CURVE('',#1145,#1057,#972,.T.);
#1466=EDGE_CURVE('',#1145,#1146,#607,.T.);
#1467=EDGE_CURVE('',#1147,#1146,#973,.T.);
#1468=EDGE_CURVE('',#1147,#1054,#608,.T.);
#1469=EDGE_CURVE('',#1146,#1037,#609,.T.);
#1470=EDGE_CURVE('',#1145,#1039,#610,.T.);
#1471=EDGE_CURVE('',#1147,#1031,#611,.T.);
#1472=EDGE_CURVE('',#1148,#1149,#974,.T.);
#1473=EDGE_CURVE('',#1150,#1148,#612,.T.);
#1474=EDGE_CURVE('',#1151,#1150,#613,.T.);
#1475=EDGE_CURVE('',#1151,#1152,#614,.T.);
#1476=EDGE_CURVE('',#1152,#1149,#615,.T.);
#1477=EDGE_CURVE('',#1153,#1150,#975,.T.);
#1478=EDGE_CURVE('',#1154,#1153,#616,.T.);
#1479=EDGE_CURVE('',#1151,#1154,#976,.T.);
#1480=EDGE_CURVE('',#1155,#1153,#617,.T.);
#1481=EDGE_CURVE('',#1156,#1155,#977,.T.);
#1482=EDGE_CURVE('',#1157,#1156,#618,.T.);
#1483=EDGE_CURVE('',#1154,#1157,#619,.T.);
#1484=EDGE_CURVE('',#1158,#1156,#147,.T.);
#1485=EDGE_CURVE('',#1159,#1158,#21,.T.);
#1486=EDGE_CURVE('',#1159,#1157,#978,.T.);
#1487=EDGE_CURVE('',#1160,#1161,#22,.T.);
#1488=EDGE_CURVE('',#1162,#1160,#148,.T.);
#1489=EDGE_CURVE('',#1163,#1162,#979,.T.);
#1490=EDGE_CURVE('',#1163,#1164,#620,.T.);
#1491=EDGE_CURVE('',#1164,#1164,#980,.T.);
#1492=EDGE_CURVE('',#1165,#1163,#981,.T.);
#1493=EDGE_CURVE('',#1166,#1165,#149,.T.);
#1494=EDGE_CURVE('',#1167,#1166,#23,.T.);
#1495=EDGE_CURVE('',#1168,#1167,#150,.T.);
#1496=EDGE_CURVE('',#1169,#1168,#982,.T.);
#1497=EDGE_CURVE('',#1161,#1169,#151,.T.);
#1498=EDGE_CURVE('',#1149,#1170,#152,.T.);
#1499=EDGE_CURVE('',#1152,#1171,#983,.T.);
#1500=EDGE_CURVE('',#1170,#1171,#24,.T.);
#1501=EDGE_CURVE('',#1172,#1170,#621,.T.);
#1502=EDGE_CURVE('',#1172,#1173,#153,.T.);
#1503=EDGE_CURVE('',#1173,#1174,#984,.T.);
#1504=EDGE_CURVE('',#1148,#1174,#622,.T.);
#1505=EDGE_CURVE('',#1174,#1175,#623,.T.);
#1506=EDGE_CURVE('',#1175,#1176,#985,.T.);
#1507=EDGE_CURVE('',#1176,#1177,#624,.T.);
#1508=EDGE_CURVE('',#1177,#1178,#625,.T.);
#1509=EDGE_CURVE('',#1178,#1179,#626,.T.);
#1510=EDGE_CURVE('',#1179,#1180,#986,.T.);
#1511=EDGE_CURVE('',#1180,#1181,#627,.T.);
#1512=EDGE_CURVE('',#1181,#1182,#628,.T.);
#1513=EDGE_CURVE('',#1182,#1183,#629,.T.);
#1514=EDGE_CURVE('',#1183,#1184,#987,.T.);
#1515=EDGE_CURVE('',#1184,#1185,#630,.T.);
#1516=EDGE_CURVE('',#1185,#1155,#631,.T.);
#1517=EDGE_CURVE('',#1186,#1171,#632,.T.);
#1518=EDGE_CURVE('',#1186,#1172,#25,.T.);
#1519=EDGE_CURVE('',#1166,#1167,#633,.T.);
#1520=EDGE_CURVE('',#1185,#1187,#988,.T.);
#1521=EDGE_CURVE('',#1187,#1188,#154,.T.);
#1522=EDGE_CURVE('',#1158,#1188,#634,.T.);
#1523=EDGE_CURVE('',#1188,#1189,#26,.T.);
#1524=EDGE_CURVE('',#1159,#1189,#635,.T.);
#1525=EDGE_CURVE('',#1181,#1190,#989,.T.);
#1526=EDGE_CURVE('',#1191,#1180,#636,.T.);
#1527=EDGE_CURVE('',#1191,#1192,#637,.T.);
#1528=EDGE_CURVE('',#1192,#1190,#638,.T.);
#1529=EDGE_CURVE('',#1193,#1179,#639,.T.);
#1530=EDGE_CURVE('',#1191,#1193,#990,.T.);
#1531=EDGE_CURVE('',#1194,#1178,#991,.T.);
#1532=EDGE_CURVE('',#1195,#1194,#640,.T.);
#1533=EDGE_CURVE('',#1193,#1195,#641,.T.);
#1534=EDGE_CURVE('',#1196,#1194,#155,.T.);
#1535=EDGE_CURVE('',#1197,#1196,#27,.T.);
#1536=EDGE_CURVE('',#1197,#1195,#992,.T.);
#1537=EDGE_CURVE('',#1198,#1199,#28,.T.);
#1538=EDGE_CURVE('',#1200,#1198,#156,.T.);
#1539=EDGE_CURVE('',#1201,#1200,#993,.T.);
#1540=EDGE_CURVE('',#1202,#1201,#157,.T.);
#1541=EDGE_CURVE('',#1203,#1202,#29,.T.);
#1542=EDGE_CURVE('',#1203,#1204,#642,.T.);
#1543=EDGE_CURVE('',#1204,#1204,#994,.T.);
#1544=EDGE_CURVE('',#1205,#1203,#30,.T.);
#1545=EDGE_CURVE('',#1206,#1205,#158,.T.);
#1546=EDGE_CURVE('',#1207,#1206,#995,.T.);
#1547=EDGE_CURVE('',#1199,#1207,#159,.T.);
#1548=EDGE_CURVE('',#1190,#1208,#160,.T.);
#1549=EDGE_CURVE('',#1192,#1209,#996,.T.);
#1550=EDGE_CURVE('',#1208,#1209,#31,.T.);
#1551=EDGE_CURVE('',#1210,#1208,#643,.T.);
#1552=EDGE_CURVE('',#1210,#1211,#161,.T.);
#1553=EDGE_CURVE('',#1211,#1182,#997,.T.);
#1554=EDGE_CURVE('',#1168,#1165,#644,.T.);
#1555=EDGE_CURVE('',#1162,#1169,#645,.T.);
#1556=EDGE_CURVE('',#1212,#1209,#646,.T.);
#1557=EDGE_CURVE('',#1212,#1210,#32,.T.);
#1558=EDGE_CURVE('',#1177,#1213,#998,.T.);
#1559=EDGE_CURVE('',#1213,#1214,#162,.T.);
#1560=EDGE_CURVE('',#1196,#1214,#647,.T.);
#1561=EDGE_CURVE('',#1214,#1215,#33,.T.);
#1562=EDGE_CURVE('',#1197,#1215,#648,.T.);
#1563=EDGE_CURVE('',#1202,#1205,#649,.T.);
#1564=EDGE_CURVE('',#1216,#1213,#650,.T.);
#1565=EDGE_CURVE('',#1216,#1215,#999,.T.);
#1566=EDGE_CURVE('',#1217,#1176,#651,.T.);
#1567=EDGE_CURVE('',#1217,#1216,#652,.T.);
#1568=EDGE_CURVE('',#1218,#1219,#1000,.T.);
#1569=EDGE_CURVE('',#1220,#1218,#163,.T.);
#1570=EDGE_CURVE('',#1221,#1220,#34,.T.);
#1571=EDGE_CURVE('',#1222,#1221,#164,.T.);
#1572=EDGE_CURVE('',#1223,#1222,#1001,.T.);
#1573=EDGE_CURVE('',#1224,#1223,#165,.T.);
#1574=EDGE_CURVE('',#1225,#1224,#35,.T.);
#1575=EDGE_CURVE('',#1225,#1226,#653,.T.);
#1576=EDGE_CURVE('',#1226,#1226,#1002,.T.);
#1577=EDGE_CURVE('',#1227,#1225,#36,.T.);
#1578=EDGE_CURVE('',#1219,#1227,#166,.T.);
#1579=EDGE_CURVE('',#1228,#1175,#654,.T.);
#1580=EDGE_CURVE('',#1217,#1228,#1003,.T.);
#1581=EDGE_CURVE('',#1229,#1173,#655,.T.);
#1582=EDGE_CURVE('',#1228,#1229,#656,.T.);
#1583=EDGE_CURVE('',#1186,#1229,#1004,.T.);
#1584=EDGE_CURVE('',#1220,#1221,#657,.T.);
#1585=EDGE_CURVE('',#1222,#1218,#658,.T.);
#1586=EDGE_CURVE('',#1206,#1201,#659,.T.);
#1587=EDGE_CURVE('',#1200,#1207,#660,.T.);
#1588=EDGE_CURVE('',#1219,#1223,#661,.T.);
#1589=EDGE_CURVE('',#1230,#1187,#662,.T.);
#1590=EDGE_CURVE('',#1230,#1189,#1005,.T.);
#1591=EDGE_CURVE('',#1231,#1184,#663,.T.);
#1592=EDGE_CURVE('',#1231,#1230,#664,.T.);
#1593=EDGE_CURVE('',#1232,#1183,#665,.T.);
#1594=EDGE_CURVE('',#1231,#1232,#1006,.T.);
#1595=EDGE_CURVE('',#1233,#1211,#666,.T.);
#1596=EDGE_CURVE('',#1232,#1233,#667,.T.);
#1597=EDGE_CURVE('',#1234,#1235,#167,.T.);
#1598=EDGE_CURVE('',#1236,#1234,#1007,.T.);
#1599=EDGE_CURVE('',#1236,#1237,#668,.T.);
#1600=EDGE_CURVE('',#1237,#1237,#1008,.T.);
#1601=EDGE_CURVE('',#1238,#1236,#1009,.T.);
#1602=EDGE_CURVE('',#1239,#1238,#168,.T.);
#1603=EDGE_CURVE('',#1240,#1239,#37,.T.);
#1604=EDGE_CURVE('',#1241,#1240,#169,.T.);
#1605=EDGE_CURVE('',#1242,#1241,#1010,.T.);
#1606=EDGE_CURVE('',#1243,#1242,#170,.T.);
#1607=EDGE_CURVE('',#1235,#1243,#38,.T.);
#1608=EDGE_CURVE('',#1212,#1233,#1011,.T.);
#1609=EDGE_CURVE('',#1161,#1160,#669,.T.);
#1610=EDGE_CURVE('',#1239,#1240,#670,.T.);
#1611=EDGE_CURVE('',#1241,#1238,#671,.T.);
#1612=EDGE_CURVE('',#1199,#1198,#672,.T.);
#1613=EDGE_CURVE('',#1234,#1242,#673,.T.);
#1614=EDGE_CURVE('',#1243,#1235,#674,.T.);
#1615=EDGE_CURVE('',#1224,#1227,#675,.T.);
#1616=EDGE_CURVE('',#1244,#1245,#171,.T.);
#1617=EDGE_CURVE('',#1245,#1246,#676,.T.);
#1618=EDGE_CURVE('',#1246,#1247,#172,.T.);
#1619=EDGE_CURVE('',#1247,#1244,#677,.T.);
#1620=EDGE_CURVE('',#1247,#1248,#173,.T.);
#1621=EDGE_CURVE('',#1248,#1249,#678,.T.);
#1622=EDGE_CURVE('',#1249,#1250,#174,.T.);
#1623=EDGE_CURVE('',#1250,#1247,#679,.T.);
#1624=EDGE_CURVE('',#1250,#1251,#175,.T.);
#1625=EDGE_CURVE('',#1251,#1252,#680,.T.);
#1626=EDGE_CURVE('',#1252,#1253,#176,.T.);
#1627=EDGE_CURVE('',#1253,#1250,#681,.T.);
#1628=EDGE_CURVE('',#1254,#1244,#177,.T.);
#1629=EDGE_CURVE('',#1244,#1253,#682,.T.);
#1630=EDGE_CURVE('',#1253,#1255,#178,.T.);
#1631=EDGE_CURVE('',#1255,#1254,#683,.T.);
#1632=EDGE_CURVE('',#1252,#1255,#179,.T.);
#1633=EDGE_CURVE('',#1249,#1251,#180,.T.);
#1634=EDGE_CURVE('',#1246,#1248,#181,.T.);
#1635=EDGE_CURVE('',#1254,#1245,#182,.T.);
#1636=EDGE_CURVE('',#1256,#1246,#684,.T.);
#1637=EDGE_CURVE('',#1256,#1257,#1012,.T.);
#1638=EDGE_CURVE('',#1257,#1248,#685,.T.);
#1639=EDGE_CURVE('',#1258,#1245,#686,.T.);
#1640=EDGE_CURVE('',#1258,#1256,#687,.T.);
#1641=EDGE_CURVE('',#1259,#1254,#688,.T.);
#1642=EDGE_CURVE('',#1259,#1258,#1013,.T.);
#1643=EDGE_CURVE('',#1260,#1255,#689,.T.);
#1644=EDGE_CURVE('',#1260,#1259,#690,.T.);
#1645=EDGE_CURVE('',#1257,#1261,#691,.T.);
#1646=EDGE_CURVE('',#1261,#1249,#692,.T.);
#1647=EDGE_CURVE('',#1262,#1252,#693,.T.);
#1648=EDGE_CURVE('',#1262,#1260,#1014,.T.);
#1649=EDGE_CURVE('',#1263,#1251,#694,.T.);
#1650=EDGE_CURVE('',#1263,#1262,#695,.T.);
#1651=EDGE_CURVE('',#1261,#1263,#1015,.T.);
#1652=ORIENTED_EDGE('',*,*,#1264,.T.);
#1653=ORIENTED_EDGE('',*,*,#1265,.T.);
#1654=ORIENTED_EDGE('',*,*,#1266,.T.);
#1655=ORIENTED_EDGE('',*,*,#1267,.T.);
#1656=ORIENTED_EDGE('',*,*,#1268,.T.);
#1657=ORIENTED_EDGE('',*,*,#1269,.T.);
#1658=ORIENTED_EDGE('',*,*,#1270,.T.);
#1659=ORIENTED_EDGE('',*,*,#1264,.F.);
#1660=ORIENTED_EDGE('',*,*,#1271,.T.);
#1661=ORIENTED_EDGE('',*,*,#1266,.F.);
#1662=ORIENTED_EDGE('',*,*,#1272,.T.);
#1663=ORIENTED_EDGE('',*,*,#1273,.T.);
#1664=ORIENTED_EDGE('',*,*,#1274,.T.);
#1665=ORIENTED_EDGE('',*,*,#1275,.T.);
#1666=ORIENTED_EDGE('',*,*,#1276,.T.);
#1667=ORIENTED_EDGE('',*,*,#1277,.T.);
#1668=ORIENTED_EDGE('',*,*,#1278,.T.);
#1669=ORIENTED_EDGE('',*,*,#1279,.T.);
#1670=ORIENTED_EDGE('',*,*,#1280,.T.);
#1671=ORIENTED_EDGE('',*,*,#1274,.F.);
#1672=ORIENTED_EDGE('',*,*,#1281,.T.);
#1673=ORIENTED_EDGE('',*,*,#1273,.F.);
#1674=ORIENTED_EDGE('',*,*,#1282,.T.);
#1675=ORIENTED_EDGE('',*,*,#1279,.F.);
#1676=ORIENTED_EDGE('',*,*,#1283,.T.);
#1677=ORIENTED_EDGE('',*,*,#1276,.F.);
#1678=ORIENTED_EDGE('',*,*,#1284,.T.);
#1679=ORIENTED_EDGE('',*,*,#1285,.T.);
#1680=ORIENTED_EDGE('',*,*,#1286,.T.);
#1681=ORIENTED_EDGE('',*,*,#1287,.T.);
#1682=ORIENTED_EDGE('',*,*,#1288,.T.);
#1683=ORIENTED_EDGE('',*,*,#1289,.T.);
#1684=ORIENTED_EDGE('',*,*,#1290,.T.);
#1685=ORIENTED_EDGE('',*,*,#1291,.T.);
#1686=ORIENTED_EDGE('',*,*,#1292,.T.);
#1687=ORIENTED_EDGE('',*,*,#1286,.F.);
#1688=ORIENTED_EDGE('',*,*,#1293,.T.);
#1689=ORIENTED_EDGE('',*,*,#1285,.F.);
#1690=ORIENTED_EDGE('',*,*,#1294,.T.);
#1691=ORIENTED_EDGE('',*,*,#1291,.F.);
#1692=ORIENTED_EDGE('',*,*,#1295,.T.);
#1693=ORIENTED_EDGE('',*,*,#1288,.F.);
#1694=ORIENTED_EDGE('',*,*,#1296,.T.);
#1695=ORIENTED_EDGE('',*,*,#1297,.T.);
#1696=ORIENTED_EDGE('',*,*,#1298,.T.);
#1697=ORIENTED_EDGE('',*,*,#1299,.T.);
#1698=ORIENTED_EDGE('',*,*,#1300,.T.);
#1699=ORIENTED_EDGE('',*,*,#1301,.T.);
#1700=ORIENTED_EDGE('',*,*,#1302,.T.);
#1701=ORIENTED_EDGE('',*,*,#1303,.T.);
#1702=ORIENTED_EDGE('',*,*,#1304,.T.);
#1703=ORIENTED_EDGE('',*,*,#1305,.T.);
#1704=ORIENTED_EDGE('',*,*,#1298,.F.);
#1705=ORIENTED_EDGE('',*,*,#1306,.T.);
#1706=ORIENTED_EDGE('',*,*,#1297,.F.);
#1707=ORIENTED_EDGE('',*,*,#1307,.T.);
#1708=ORIENTED_EDGE('',*,*,#1304,.F.);
#1709=ORIENTED_EDGE('',*,*,#1308,.T.);
#1710=ORIENTED_EDGE('',*,*,#1309,.T.);
#1711=ORIENTED_EDGE('',*,*,#1300,.F.);
#1712=ORIENTED_EDGE('',*,*,#1310,.T.);
#1713=ORIENTED_EDGE('',*,*,#1311,.T.);
#1714=ORIENTED_EDGE('',*,*,#1312,.T.);
#1715=ORIENTED_EDGE('',*,*,#1311,.F.);
#1716=ORIENTED_EDGE('',*,*,#1313,.T.);
#1717=ORIENTED_EDGE('',*,*,#1269,.F.);
#1718=ORIENTED_EDGE('',*,*,#1283,.F.);
#1719=ORIENTED_EDGE('',*,*,#1293,.F.);
#1720=ORIENTED_EDGE('',*,*,#1290,.F.);
#1721=ORIENTED_EDGE('',*,*,#1314,.T.);
#1722=ORIENTED_EDGE('',*,*,#1315,.T.);
#1723=ORIENTED_EDGE('',*,*,#1316,.T.);
#1724=ORIENTED_EDGE('',*,*,#1315,.F.);
#1725=ORIENTED_EDGE('',*,*,#1317,.T.);
#1726=ORIENTED_EDGE('',*,*,#1295,.F.);
#1727=ORIENTED_EDGE('',*,*,#1306,.F.);
#1728=ORIENTED_EDGE('',*,*,#1303,.F.);
#1729=ORIENTED_EDGE('',*,*,#1318,.T.);
#1730=ORIENTED_EDGE('',*,*,#1319,.T.);
#1731=ORIENTED_EDGE('',*,*,#1318,.F.);
#1732=ORIENTED_EDGE('',*,*,#1302,.F.);
#1733=ORIENTED_EDGE('',*,*,#1320,.T.);
#1734=ORIENTED_EDGE('',*,*,#1282,.F.);
#1735=ORIENTED_EDGE('',*,*,#1321,.F.);
#1736=ORIENTED_EDGE('',*,*,#1322,.T.);
#1737=ORIENTED_EDGE('',*,*,#1323,.T.);
#1738=ORIENTED_EDGE('',*,*,#1272,.F.);
#1739=ORIENTED_EDGE('',*,*,#1265,.F.);
#1740=ORIENTED_EDGE('',*,*,#1270,.F.);
#1741=ORIENTED_EDGE('',*,*,#1324,.F.);
#1742=ORIENTED_EDGE('',*,*,#1325,.F.);
#1743=ORIENTED_EDGE('',*,*,#1321,.T.);
#1744=ORIENTED_EDGE('',*,*,#1313,.F.);
#1745=ORIENTED_EDGE('',*,*,#1326,.F.);
#1746=ORIENTED_EDGE('',*,*,#1327,.T.);
#1747=ORIENTED_EDGE('',*,*,#1324,.T.);
#1748=ORIENTED_EDGE('',*,*,#1310,.F.);
#1749=ORIENTED_EDGE('',*,*,#1299,.F.);
#1750=ORIENTED_EDGE('',*,*,#1305,.F.);
#1751=ORIENTED_EDGE('',*,*,#1328,.F.);
#1752=ORIENTED_EDGE('',*,*,#1329,.F.);
#1753=ORIENTED_EDGE('',*,*,#1326,.T.);
#1754=ORIENTED_EDGE('',*,*,#1278,.F.);
#1755=ORIENTED_EDGE('',*,*,#1330,.T.);
#1756=ORIENTED_EDGE('',*,*,#1331,.T.);
#1757=ORIENTED_EDGE('',*,*,#1332,.T.);
#1758=ORIENTED_EDGE('',*,*,#1331,.F.);
#1759=ORIENTED_EDGE('',*,*,#1333,.T.);
#1760=ORIENTED_EDGE('',*,*,#1271,.F.);
#1761=ORIENTED_EDGE('',*,*,#1281,.F.);
#1762=ORIENTED_EDGE('',*,*,#1277,.F.);
#1763=ORIENTED_EDGE('',*,*,#1317,.F.);
#1764=ORIENTED_EDGE('',*,*,#1314,.F.);
#1765=ORIENTED_EDGE('',*,*,#1289,.F.);
#1766=ORIENTED_EDGE('',*,*,#1320,.F.);
#1767=ORIENTED_EDGE('',*,*,#1301,.F.);
#1768=ORIENTED_EDGE('',*,*,#1334,.F.);
#1769=ORIENTED_EDGE('',*,*,#1267,.F.);
#1770=ORIENTED_EDGE('',*,*,#1333,.F.);
#1771=ORIENTED_EDGE('',*,*,#1330,.F.);
#1772=ORIENTED_EDGE('',*,*,#1332,.F.);
#1773=ORIENTED_EDGE('',*,*,#1335,.T.);
#1774=ORIENTED_EDGE('',*,*,#1336,.T.);
#1775=ORIENTED_EDGE('',*,*,#1335,.F.);
#1776=ORIENTED_EDGE('',*,*,#1268,.F.);
#1777=ORIENTED_EDGE('',*,*,#1334,.T.);
#1778=ORIENTED_EDGE('',*,*,#1309,.F.);
#1779=ORIENTED_EDGE('',*,*,#1337,.T.);
#1780=ORIENTED_EDGE('',*,*,#1338,.T.);
#1781=ORIENTED_EDGE('',*,*,#1337,.F.);
#1782=ORIENTED_EDGE('',*,*,#1308,.F.);
#1783=ORIENTED_EDGE('',*,*,#1312,.F.);
#1784=ORIENTED_EDGE('',*,*,#1338,.F.);
#1785=ORIENTED_EDGE('',*,*,#1339,.T.);
#1786=ORIENTED_EDGE('',*,*,#1340,.T.);
#1787=ORIENTED_EDGE('',*,*,#1339,.F.);
#1788=ORIENTED_EDGE('',*,*,#1316,.F.);
#1789=ORIENTED_EDGE('',*,*,#1341,.T.);
#1790=ORIENTED_EDGE('',*,*,#1342,.T.);
#1791=ORIENTED_EDGE('',*,*,#1341,.F.);
#1792=ORIENTED_EDGE('',*,*,#1319,.F.);
#1793=ORIENTED_EDGE('',*,*,#1343,.T.);
#1794=ORIENTED_EDGE('',*,*,#1344,.T.);
#1795=ORIENTED_EDGE('',*,*,#1343,.F.);
#1796=ORIENTED_EDGE('',*,*,#1345,.F.);
#1797=ORIENTED_EDGE('',*,*,#1346,.F.);
#1798=ORIENTED_EDGE('',*,*,#1347,.F.);
#1799=ORIENTED_EDGE('',*,*,#1348,.F.);
#1800=ORIENTED_EDGE('',*,*,#1349,.F.);
#1801=ORIENTED_EDGE('',*,*,#1350,.F.);
#1802=ORIENTED_EDGE('',*,*,#1351,.F.);
#1803=ORIENTED_EDGE('',*,*,#1352,.F.);
#1804=ORIENTED_EDGE('',*,*,#1353,.F.);
#1805=ORIENTED_EDGE('',*,*,#1354,.F.);
#1806=ORIENTED_EDGE('',*,*,#1355,.F.);
#1807=ORIENTED_EDGE('',*,*,#1356,.F.);
#1808=ORIENTED_EDGE('',*,*,#1357,.F.);
#1809=ORIENTED_EDGE('',*,*,#1358,.F.);
#1810=ORIENTED_EDGE('',*,*,#1359,.F.);
#1811=ORIENTED_EDGE('',*,*,#1360,.F.);
#1812=ORIENTED_EDGE('',*,*,#1361,.T.);
#1813=ORIENTED_EDGE('',*,*,#1362,.F.);
#1814=ORIENTED_EDGE('',*,*,#1363,.T.);
#1815=ORIENTED_EDGE('',*,*,#1345,.T.);
#1816=ORIENTED_EDGE('',*,*,#1363,.F.);
#1817=ORIENTED_EDGE('',*,*,#1364,.F.);
#1818=ORIENTED_EDGE('',*,*,#1365,.T.);
#1819=ORIENTED_EDGE('',*,*,#1346,.T.);
#1820=ORIENTED_EDGE('',*,*,#1365,.F.);
#1821=ORIENTED_EDGE('',*,*,#1366,.F.);
#1822=ORIENTED_EDGE('',*,*,#1367,.T.);
#1823=ORIENTED_EDGE('',*,*,#1347,.T.);
#1824=ORIENTED_EDGE('',*,*,#1367,.F.);
#1825=ORIENTED_EDGE('',*,*,#1368,.F.);
#1826=ORIENTED_EDGE('',*,*,#1369,.T.);
#1827=ORIENTED_EDGE('',*,*,#1348,.T.);
#1828=ORIENTED_EDGE('',*,*,#1369,.F.);
#1829=ORIENTED_EDGE('',*,*,#1370,.F.);
#1830=ORIENTED_EDGE('',*,*,#1371,.T.);
#1831=ORIENTED_EDGE('',*,*,#1349,.T.);
#1832=ORIENTED_EDGE('',*,*,#1371,.F.);
#1833=ORIENTED_EDGE('',*,*,#1372,.F.);
#1834=ORIENTED_EDGE('',*,*,#1373,.T.);
#1835=ORIENTED_EDGE('',*,*,#1350,.T.);
#1836=ORIENTED_EDGE('',*,*,#1373,.F.);
#1837=ORIENTED_EDGE('',*,*,#1374,.F.);
#1838=ORIENTED_EDGE('',*,*,#1375,.T.);
#1839=ORIENTED_EDGE('',*,*,#1351,.T.);
#1840=ORIENTED_EDGE('',*,*,#1375,.F.);
#1841=ORIENTED_EDGE('',*,*,#1376,.F.);
#1842=ORIENTED_EDGE('',*,*,#1377,.T.);
#1843=ORIENTED_EDGE('',*,*,#1352,.T.);
#1844=ORIENTED_EDGE('',*,*,#1377,.F.);
#1845=ORIENTED_EDGE('',*,*,#1378,.F.);
#1846=ORIENTED_EDGE('',*,*,#1379,.T.);
#1847=ORIENTED_EDGE('',*,*,#1353,.T.);
#1848=ORIENTED_EDGE('',*,*,#1379,.F.);
#1849=ORIENTED_EDGE('',*,*,#1380,.F.);
#1850=ORIENTED_EDGE('',*,*,#1381,.T.);
#1851=ORIENTED_EDGE('',*,*,#1354,.T.);
#1852=ORIENTED_EDGE('',*,*,#1381,.F.);
#1853=ORIENTED_EDGE('',*,*,#1382,.F.);
#1854=ORIENTED_EDGE('',*,*,#1383,.T.);
#1855=ORIENTED_EDGE('',*,*,#1355,.T.);
#1856=ORIENTED_EDGE('',*,*,#1383,.F.);
#1857=ORIENTED_EDGE('',*,*,#1384,.F.);
#1858=ORIENTED_EDGE('',*,*,#1385,.T.);
#1859=ORIENTED_EDGE('',*,*,#1356,.T.);
#1860=ORIENTED_EDGE('',*,*,#1385,.F.);
#1861=ORIENTED_EDGE('',*,*,#1386,.F.);
#1862=ORIENTED_EDGE('',*,*,#1387,.T.);
#1863=ORIENTED_EDGE('',*,*,#1357,.T.);
#1864=ORIENTED_EDGE('',*,*,#1387,.F.);
#1865=ORIENTED_EDGE('',*,*,#1388,.F.);
#1866=ORIENTED_EDGE('',*,*,#1389,.T.);
#1867=ORIENTED_EDGE('',*,*,#1358,.T.);
#1868=ORIENTED_EDGE('',*,*,#1389,.F.);
#1869=ORIENTED_EDGE('',*,*,#1390,.F.);
#1870=ORIENTED_EDGE('',*,*,#1391,.T.);
#1871=ORIENTED_EDGE('',*,*,#1359,.T.);
#1872=ORIENTED_EDGE('',*,*,#1391,.F.);
#1873=ORIENTED_EDGE('',*,*,#1392,.F.);
#1874=ORIENTED_EDGE('',*,*,#1361,.F.);
#1875=ORIENTED_EDGE('',*,*,#1360,.T.);
#1876=ORIENTED_EDGE('',*,*,#1393,.F.);
#1877=ORIENTED_EDGE('',*,*,#1394,.T.);
#1878=ORIENTED_EDGE('',*,*,#1395,.F.);
#1879=ORIENTED_EDGE('',*,*,#1396,.F.);
#1880=ORIENTED_EDGE('',*,*,#1397,.F.);
#1881=ORIENTED_EDGE('',*,*,#1396,.T.);
#1882=ORIENTED_EDGE('',*,*,#1398,.F.);
#1883=ORIENTED_EDGE('',*,*,#1399,.F.);
#1884=ORIENTED_EDGE('',*,*,#1400,.F.);
#1885=ORIENTED_EDGE('',*,*,#1399,.T.);
#1886=ORIENTED_EDGE('',*,*,#1401,.F.);
#1887=ORIENTED_EDGE('',*,*,#1402,.F.);
#1888=ORIENTED_EDGE('',*,*,#1403,.F.);
#1889=ORIENTED_EDGE('',*,*,#1402,.T.);
#1890=ORIENTED_EDGE('',*,*,#1404,.F.);
#1891=ORIENTED_EDGE('',*,*,#1405,.F.);
#1892=ORIENTED_EDGE('',*,*,#1406,.F.);
#1893=ORIENTED_EDGE('',*,*,#1405,.T.);
#1894=ORIENTED_EDGE('',*,*,#1407,.F.);
#1895=ORIENTED_EDGE('',*,*,#1408,.F.);
#1896=ORIENTED_EDGE('',*,*,#1409,.F.);
#1897=ORIENTED_EDGE('',*,*,#1408,.T.);
#1898=ORIENTED_EDGE('',*,*,#1410,.F.);
#1899=ORIENTED_EDGE('',*,*,#1411,.F.);
#1900=ORIENTED_EDGE('',*,*,#1412,.F.);
#1901=ORIENTED_EDGE('',*,*,#1411,.T.);
#1902=ORIENTED_EDGE('',*,*,#1413,.F.);
#1903=ORIENTED_EDGE('',*,*,#1414,.F.);
#1904=ORIENTED_EDGE('',*,*,#1415,.F.);
#1905=ORIENTED_EDGE('',*,*,#1414,.T.);
#1906=ORIENTED_EDGE('',*,*,#1416,.F.);
#1907=ORIENTED_EDGE('',*,*,#1417,.F.);
#1908=ORIENTED_EDGE('',*,*,#1418,.F.);
#1909=ORIENTED_EDGE('',*,*,#1417,.T.);
#1910=ORIENTED_EDGE('',*,*,#1419,.F.);
#1911=ORIENTED_EDGE('',*,*,#1420,.F.);
#1912=ORIENTED_EDGE('',*,*,#1421,.F.);
#1913=ORIENTED_EDGE('',*,*,#1420,.T.);
#1914=ORIENTED_EDGE('',*,*,#1422,.F.);
#1915=ORIENTED_EDGE('',*,*,#1423,.F.);
#1916=ORIENTED_EDGE('',*,*,#1424,.F.);
#1917=ORIENTED_EDGE('',*,*,#1423,.T.);
#1918=ORIENTED_EDGE('',*,*,#1425,.F.);
#1919=ORIENTED_EDGE('',*,*,#1426,.F.);
#1920=ORIENTED_EDGE('',*,*,#1427,.F.);
#1921=ORIENTED_EDGE('',*,*,#1426,.T.);
#1922=ORIENTED_EDGE('',*,*,#1428,.F.);
#1923=ORIENTED_EDGE('',*,*,#1429,.F.);
#1924=ORIENTED_EDGE('',*,*,#1430,.F.);
#1925=ORIENTED_EDGE('',*,*,#1429,.T.);
#1926=ORIENTED_EDGE('',*,*,#1431,.F.);
#1927=ORIENTED_EDGE('',*,*,#1432,.F.);
#1928=ORIENTED_EDGE('',*,*,#1433,.F.);
#1929=ORIENTED_EDGE('',*,*,#1432,.T.);
#1930=ORIENTED_EDGE('',*,*,#1434,.F.);
#1931=ORIENTED_EDGE('',*,*,#1435,.F.);
#1932=ORIENTED_EDGE('',*,*,#1436,.F.);
#1933=ORIENTED_EDGE('',*,*,#1435,.T.);
#1934=ORIENTED_EDGE('',*,*,#1437,.F.);
#1935=ORIENTED_EDGE('',*,*,#1438,.F.);
#1936=ORIENTED_EDGE('',*,*,#1439,.F.);
#1937=ORIENTED_EDGE('',*,*,#1438,.T.);
#1938=ORIENTED_EDGE('',*,*,#1440,.F.);
#1939=ORIENTED_EDGE('',*,*,#1441,.F.);
#1940=ORIENTED_EDGE('',*,*,#1442,.F.);
#1941=ORIENTED_EDGE('',*,*,#1441,.T.);
#1942=ORIENTED_EDGE('',*,*,#1443,.F.);
#1943=ORIENTED_EDGE('',*,*,#1444,.F.);
#1944=ORIENTED_EDGE('',*,*,#1445,.F.);
#1945=ORIENTED_EDGE('',*,*,#1444,.T.);
#1946=ORIENTED_EDGE('',*,*,#1446,.F.);
#1947=ORIENTED_EDGE('',*,*,#1447,.F.);
#1948=ORIENTED_EDGE('',*,*,#1448,.F.);
#1949=ORIENTED_EDGE('',*,*,#1447,.T.);
#1950=ORIENTED_EDGE('',*,*,#1449,.F.);
#1951=ORIENTED_EDGE('',*,*,#1450,.F.);
#1952=ORIENTED_EDGE('',*,*,#1451,.F.);
#1953=ORIENTED_EDGE('',*,*,#1450,.T.);
#1954=ORIENTED_EDGE('',*,*,#1452,.F.);
#1955=ORIENTED_EDGE('',*,*,#1453,.F.);
#1956=ORIENTED_EDGE('',*,*,#1454,.F.);
#1957=ORIENTED_EDGE('',*,*,#1453,.T.);
#1958=ORIENTED_EDGE('',*,*,#1455,.F.);
#1959=ORIENTED_EDGE('',*,*,#1456,.F.);
#1960=ORIENTED_EDGE('',*,*,#1457,.F.);
#1961=ORIENTED_EDGE('',*,*,#1456,.T.);
#1962=ORIENTED_EDGE('',*,*,#1458,.F.);
#1963=ORIENTED_EDGE('',*,*,#1459,.F.);
#1964=ORIENTED_EDGE('',*,*,#1460,.F.);
#1965=ORIENTED_EDGE('',*,*,#1459,.T.);
#1966=ORIENTED_EDGE('',*,*,#1461,.F.);
#1967=ORIENTED_EDGE('',*,*,#1462,.F.);
#1968=ORIENTED_EDGE('',*,*,#1463,.F.);
#1969=ORIENTED_EDGE('',*,*,#1462,.T.);
#1970=ORIENTED_EDGE('',*,*,#1464,.F.);
#1971=ORIENTED_EDGE('',*,*,#1394,.F.);
#1972=ORIENTED_EDGE('',*,*,#1464,.T.);
#1973=ORIENTED_EDGE('',*,*,#1461,.T.);
#1974=ORIENTED_EDGE('',*,*,#1458,.T.);
#1975=ORIENTED_EDGE('',*,*,#1455,.T.);
#1976=ORIENTED_EDGE('',*,*,#1452,.T.);
#1977=ORIENTED_EDGE('',*,*,#1449,.T.);
#1978=ORIENTED_EDGE('',*,*,#1446,.T.);
#1979=ORIENTED_EDGE('',*,*,#1443,.T.);
#1980=ORIENTED_EDGE('',*,*,#1440,.T.);
#1981=ORIENTED_EDGE('',*,*,#1437,.T.);
#1982=ORIENTED_EDGE('',*,*,#1434,.T.);
#1983=ORIENTED_EDGE('',*,*,#1431,.T.);
#1984=ORIENTED_EDGE('',*,*,#1428,.T.);
#1985=ORIENTED_EDGE('',*,*,#1425,.T.);
#1986=ORIENTED_EDGE('',*,*,#1422,.T.);
#1987=ORIENTED_EDGE('',*,*,#1419,.T.);
#1988=ORIENTED_EDGE('',*,*,#1416,.T.);
#1989=ORIENTED_EDGE('',*,*,#1413,.T.);
#1990=ORIENTED_EDGE('',*,*,#1410,.T.);
#1991=ORIENTED_EDGE('',*,*,#1407,.T.);
#1992=ORIENTED_EDGE('',*,*,#1404,.T.);
#1993=ORIENTED_EDGE('',*,*,#1401,.T.);
#1994=ORIENTED_EDGE('',*,*,#1398,.T.);
#1995=ORIENTED_EDGE('',*,*,#1395,.T.);
#1996=ORIENTED_EDGE('',*,*,#1392,.T.);
#1997=ORIENTED_EDGE('',*,*,#1390,.T.);
#1998=ORIENTED_EDGE('',*,*,#1388,.T.);
#1999=ORIENTED_EDGE('',*,*,#1386,.T.);
#2000=ORIENTED_EDGE('',*,*,#1384,.T.);
#2001=ORIENTED_EDGE('',*,*,#1382,.T.);
#2002=ORIENTED_EDGE('',*,*,#1380,.T.);
#2003=ORIENTED_EDGE('',*,*,#1378,.T.);
#2004=ORIENTED_EDGE('',*,*,#1376,.T.);
#2005=ORIENTED_EDGE('',*,*,#1374,.T.);
#2006=ORIENTED_EDGE('',*,*,#1372,.T.);
#2007=ORIENTED_EDGE('',*,*,#1370,.T.);
#2008=ORIENTED_EDGE('',*,*,#1368,.T.);
#2009=ORIENTED_EDGE('',*,*,#1366,.T.);
#2010=ORIENTED_EDGE('',*,*,#1364,.T.);
#2011=ORIENTED_EDGE('',*,*,#1362,.T.);
#2012=ORIENTED_EDGE('',*,*,#1465,.F.);
#2013=ORIENTED_EDGE('',*,*,#1466,.T.);
#2014=ORIENTED_EDGE('',*,*,#1467,.F.);
#2015=ORIENTED_EDGE('',*,*,#1468,.T.);
#2016=ORIENTED_EDGE('',*,*,#1322,.F.);
#2017=ORIENTED_EDGE('',*,*,#1325,.T.);
#2018=ORIENTED_EDGE('',*,*,#1327,.F.);
#2019=ORIENTED_EDGE('',*,*,#1329,.T.);
#2020=ORIENTED_EDGE('',*,*,#1340,.F.);
#2021=ORIENTED_EDGE('',*,*,#1336,.F.);
#2022=ORIENTED_EDGE('',*,*,#1342,.F.);
#2023=ORIENTED_EDGE('',*,*,#1344,.F.);
#2024=ORIENTED_EDGE('',*,*,#1393,.T.);
#2025=ORIENTED_EDGE('',*,*,#1397,.T.);
#2026=ORIENTED_EDGE('',*,*,#1400,.T.);
#2027=ORIENTED_EDGE('',*,*,#1403,.T.);
#2028=ORIENTED_EDGE('',*,*,#1406,.T.);
#2029=ORIENTED_EDGE('',*,*,#1409,.T.);
#2030=ORIENTED_EDGE('',*,*,#1412,.T.);
#2031=ORIENTED_EDGE('',*,*,#1415,.T.);
#2032=ORIENTED_EDGE('',*,*,#1418,.T.);
#2033=ORIENTED_EDGE('',*,*,#1421,.T.);
#2034=ORIENTED_EDGE('',*,*,#1424,.T.);
#2035=ORIENTED_EDGE('',*,*,#1427,.T.);
#2036=ORIENTED_EDGE('',*,*,#1430,.T.);
#2037=ORIENTED_EDGE('',*,*,#1433,.T.);
#2038=ORIENTED_EDGE('',*,*,#1436,.T.);
#2039=ORIENTED_EDGE('',*,*,#1439,.T.);
#2040=ORIENTED_EDGE('',*,*,#1442,.T.);
#2041=ORIENTED_EDGE('',*,*,#1445,.T.);
#2042=ORIENTED_EDGE('',*,*,#1448,.T.);
#2043=ORIENTED_EDGE('',*,*,#1451,.T.);
#2044=ORIENTED_EDGE('',*,*,#1454,.T.);
#2045=ORIENTED_EDGE('',*,*,#1457,.T.);
#2046=ORIENTED_EDGE('',*,*,#1460,.T.);
#2047=ORIENTED_EDGE('',*,*,#1463,.T.);
#2048=ORIENTED_EDGE('',*,*,#1292,.F.);
#2049=ORIENTED_EDGE('',*,*,#1469,.F.);
#2050=ORIENTED_EDGE('',*,*,#1466,.F.);
#2051=ORIENTED_EDGE('',*,*,#1470,.T.);
#2052=ORIENTED_EDGE('',*,*,#1296,.F.);
#2053=ORIENTED_EDGE('',*,*,#1287,.F.);
#2054=ORIENTED_EDGE('',*,*,#1294,.F.);
#2055=ORIENTED_EDGE('',*,*,#1471,.F.);
#2056=ORIENTED_EDGE('',*,*,#1467,.T.);
#2057=ORIENTED_EDGE('',*,*,#1469,.T.);
#2058=ORIENTED_EDGE('',*,*,#1280,.F.);
#2059=ORIENTED_EDGE('',*,*,#1323,.F.);
#2060=ORIENTED_EDGE('',*,*,#1468,.F.);
#2061=ORIENTED_EDGE('',*,*,#1471,.T.);
#2062=ORIENTED_EDGE('',*,*,#1284,.F.);
#2063=ORIENTED_EDGE('',*,*,#1275,.F.);
#2064=ORIENTED_EDGE('',*,*,#1307,.F.);
#2065=ORIENTED_EDGE('',*,*,#1470,.F.);
#2066=ORIENTED_EDGE('',*,*,#1465,.T.);
#2067=ORIENTED_EDGE('',*,*,#1328,.T.);
#2068=ORIENTED_EDGE('',*,*,#1472,.F.);
#2069=ORIENTED_EDGE('',*,*,#1473,.F.);
#2070=ORIENTED_EDGE('',*,*,#1474,.F.);
#2071=ORIENTED_EDGE('',*,*,#1475,.T.);
#2072=ORIENTED_EDGE('',*,*,#1476,.T.);
#2073=ORIENTED_EDGE('',*,*,#1477,.F.);
#2074=ORIENTED_EDGE('',*,*,#1478,.F.);
#2075=ORIENTED_EDGE('',*,*,#1479,.F.);
#2076=ORIENTED_EDGE('',*,*,#1474,.T.);
#2077=ORIENTED_EDGE('',*,*,#1480,.F.);
#2078=ORIENTED_EDGE('',*,*,#1481,.F.);
#2079=ORIENTED_EDGE('',*,*,#1482,.F.);
#2080=ORIENTED_EDGE('',*,*,#1483,.F.);
#2081=ORIENTED_EDGE('',*,*,#1478,.T.);
#2082=ORIENTED_EDGE('',*,*,#1484,.F.);
#2083=ORIENTED_EDGE('',*,*,#1485,.F.);
#2084=ORIENTED_EDGE('',*,*,#1486,.T.);
#2085=ORIENTED_EDGE('',*,*,#1482,.T.);
#2086=ORIENTED_EDGE('',*,*,#1487,.F.);
#2087=ORIENTED_EDGE('',*,*,#1488,.F.);
#2088=ORIENTED_EDGE('',*,*,#1489,.F.);
#2089=ORIENTED_EDGE('',*,*,#1490,.T.);
#2090=ORIENTED_EDGE('',*,*,#1491,.F.);
#2091=ORIENTED_EDGE('',*,*,#1490,.F.);
#2092=ORIENTED_EDGE('',*,*,#1492,.F.);
#2093=ORIENTED_EDGE('',*,*,#1493,.F.);
#2094=ORIENTED_EDGE('',*,*,#1494,.F.);
#2095=ORIENTED_EDGE('',*,*,#1495,.F.);
#2096=ORIENTED_EDGE('',*,*,#1496,.F.);
#2097=ORIENTED_EDGE('',*,*,#1497,.F.);
#2098=ORIENTED_EDGE('',*,*,#1498,.F.);
#2099=ORIENTED_EDGE('',*,*,#1476,.F.);
#2100=ORIENTED_EDGE('',*,*,#1499,.T.);
#2101=ORIENTED_EDGE('',*,*,#1500,.F.);
#2102=ORIENTED_EDGE('',*,*,#1472,.T.);
#2103=ORIENTED_EDGE('',*,*,#1498,.T.);
#2104=ORIENTED_EDGE('',*,*,#1501,.F.);
#2105=ORIENTED_EDGE('',*,*,#1502,.T.);
#2106=ORIENTED_EDGE('',*,*,#1503,.T.);
#2107=ORIENTED_EDGE('',*,*,#1504,.F.);
#2108=ORIENTED_EDGE('',*,*,#1473,.T.);
#2109=ORIENTED_EDGE('',*,*,#1504,.T.);
#2110=ORIENTED_EDGE('',*,*,#1505,.T.);
#2111=ORIENTED_EDGE('',*,*,#1506,.T.);
#2112=ORIENTED_EDGE('',*,*,#1507,.T.);
#2113=ORIENTED_EDGE('',*,*,#1508,.T.);
#2114=ORIENTED_EDGE('',*,*,#1509,.T.);
#2115=ORIENTED_EDGE('',*,*,#1510,.T.);
#2116=ORIENTED_EDGE('',*,*,#1511,.T.);
#2117=ORIENTED_EDGE('',*,*,#1512,.T.);
#2118=ORIENTED_EDGE('',*,*,#1513,.T.);
#2119=ORIENTED_EDGE('',*,*,#1514,.T.);
#2120=ORIENTED_EDGE('',*,*,#1515,.T.);
#2121=ORIENTED_EDGE('',*,*,#1516,.T.);
#2122=ORIENTED_EDGE('',*,*,#1480,.T.);
#2123=ORIENTED_EDGE('',*,*,#1477,.T.);
#2124=ORIENTED_EDGE('',*,*,#1500,.T.);
#2125=ORIENTED_EDGE('',*,*,#1517,.F.);
#2126=ORIENTED_EDGE('',*,*,#1518,.T.);
#2127=ORIENTED_EDGE('',*,*,#1501,.T.);
#2128=ORIENTED_EDGE('',*,*,#1494,.T.);
#2129=ORIENTED_EDGE('',*,*,#1519,.T.);
#2130=ORIENTED_EDGE('',*,*,#1481,.T.);
#2131=ORIENTED_EDGE('',*,*,#1516,.F.);
#2132=ORIENTED_EDGE('',*,*,#1520,.T.);
#2133=ORIENTED_EDGE('',*,*,#1521,.T.);
#2134=ORIENTED_EDGE('',*,*,#1522,.F.);
#2135=ORIENTED_EDGE('',*,*,#1484,.T.);
#2136=ORIENTED_EDGE('',*,*,#1485,.T.);
#2137=ORIENTED_EDGE('',*,*,#1522,.T.);
#2138=ORIENTED_EDGE('',*,*,#1523,.T.);
#2139=ORIENTED_EDGE('',*,*,#1524,.F.);
#2140=ORIENTED_EDGE('',*,*,#1525,.F.);
#2141=ORIENTED_EDGE('',*,*,#1511,.F.);
#2142=ORIENTED_EDGE('',*,*,#1526,.F.);
#2143=ORIENTED_EDGE('',*,*,#1527,.T.);
#2144=ORIENTED_EDGE('',*,*,#1528,.T.);
#2145=ORIENTED_EDGE('',*,*,#1510,.F.);
#2146=ORIENTED_EDGE('',*,*,#1529,.F.);
#2147=ORIENTED_EDGE('',*,*,#1530,.F.);
#2148=ORIENTED_EDGE('',*,*,#1526,.T.);
#2149=ORIENTED_EDGE('',*,*,#1509,.F.);
#2150=ORIENTED_EDGE('',*,*,#1531,.F.);
#2151=ORIENTED_EDGE('',*,*,#1532,.F.);
#2152=ORIENTED_EDGE('',*,*,#1533,.F.);
#2153=ORIENTED_EDGE('',*,*,#1529,.T.);
#2154=ORIENTED_EDGE('',*,*,#1534,.F.);
#2155=ORIENTED_EDGE('',*,*,#1535,.F.);
#2156=ORIENTED_EDGE('',*,*,#1536,.T.);
#2157=ORIENTED_EDGE('',*,*,#1532,.T.);
#2158=ORIENTED_EDGE('',*,*,#1537,.F.);
#2159=ORIENTED_EDGE('',*,*,#1538,.F.);
#2160=ORIENTED_EDGE('',*,*,#1539,.F.);
#2161=ORIENTED_EDGE('',*,*,#1540,.F.);
#2162=ORIENTED_EDGE('',*,*,#1541,.F.);
#2163=ORIENTED_EDGE('',*,*,#1542,.T.);
#2164=ORIENTED_EDGE('',*,*,#1543,.F.);
#2165=ORIENTED_EDGE('',*,*,#1542,.F.);
#2166=ORIENTED_EDGE('',*,*,#1544,.F.);
#2167=ORIENTED_EDGE('',*,*,#1545,.F.);
#2168=ORIENTED_EDGE('',*,*,#1546,.F.);
#2169=ORIENTED_EDGE('',*,*,#1547,.F.);
#2170=ORIENTED_EDGE('',*,*,#1548,.F.);
#2171=ORIENTED_EDGE('',*,*,#1528,.F.);
#2172=ORIENTED_EDGE('',*,*,#1549,.T.);
#2173=ORIENTED_EDGE('',*,*,#1550,.F.);
#2174=ORIENTED_EDGE('',*,*,#1525,.T.);
#2175=ORIENTED_EDGE('',*,*,#1548,.T.);
#2176=ORIENTED_EDGE('',*,*,#1551,.F.);
#2177=ORIENTED_EDGE('',*,*,#1552,.T.);
#2178=ORIENTED_EDGE('',*,*,#1553,.T.);
#2179=ORIENTED_EDGE('',*,*,#1512,.F.);
#2180=ORIENTED_EDGE('',*,*,#1496,.T.);
#2181=ORIENTED_EDGE('',*,*,#1554,.T.);
#2182=ORIENTED_EDGE('',*,*,#1492,.T.);
#2183=ORIENTED_EDGE('',*,*,#1489,.T.);
#2184=ORIENTED_EDGE('',*,*,#1555,.T.);
#2185=ORIENTED_EDGE('',*,*,#1550,.T.);
#2186=ORIENTED_EDGE('',*,*,#1556,.F.);
#2187=ORIENTED_EDGE('',*,*,#1557,.T.);
#2188=ORIENTED_EDGE('',*,*,#1551,.T.);
#2189=ORIENTED_EDGE('',*,*,#1531,.T.);
#2190=ORIENTED_EDGE('',*,*,#1508,.F.);
#2191=ORIENTED_EDGE('',*,*,#1558,.T.);
#2192=ORIENTED_EDGE('',*,*,#1559,.T.);
#2193=ORIENTED_EDGE('',*,*,#1560,.F.);
#2194=ORIENTED_EDGE('',*,*,#1534,.T.);
#2195=ORIENTED_EDGE('',*,*,#1535,.T.);
#2196=ORIENTED_EDGE('',*,*,#1560,.T.);
#2197=ORIENTED_EDGE('',*,*,#1561,.T.);
#2198=ORIENTED_EDGE('',*,*,#1562,.F.);
#2199=ORIENTED_EDGE('',*,*,#1544,.T.);
#2200=ORIENTED_EDGE('',*,*,#1541,.T.);
#2201=ORIENTED_EDGE('',*,*,#1563,.T.);
#2202=ORIENTED_EDGE('',*,*,#1561,.F.);
#2203=ORIENTED_EDGE('',*,*,#1559,.F.);
#2204=ORIENTED_EDGE('',*,*,#1564,.F.);
#2205=ORIENTED_EDGE('',*,*,#1565,.T.);
#2206=ORIENTED_EDGE('',*,*,#1558,.F.);
#2207=ORIENTED_EDGE('',*,*,#1507,.F.);
#2208=ORIENTED_EDGE('',*,*,#1566,.F.);
#2209=ORIENTED_EDGE('',*,*,#1567,.T.);
#2210=ORIENTED_EDGE('',*,*,#1564,.T.);
#2211=ORIENTED_EDGE('',*,*,#1568,.F.);
#2212=ORIENTED_EDGE('',*,*,#1569,.F.);
#2213=ORIENTED_EDGE('',*,*,#1570,.F.);
#2214=ORIENTED_EDGE('',*,*,#1571,.F.);
#2215=ORIENTED_EDGE('',*,*,#1572,.F.);
#2216=ORIENTED_EDGE('',*,*,#1573,.F.);
#2217=ORIENTED_EDGE('',*,*,#1574,.F.);
#2218=ORIENTED_EDGE('',*,*,#1575,.T.);
#2219=ORIENTED_EDGE('',*,*,#1576,.F.);
#2220=ORIENTED_EDGE('',*,*,#1575,.F.);
#2221=ORIENTED_EDGE('',*,*,#1577,.F.);
#2222=ORIENTED_EDGE('',*,*,#1578,.F.);
#2223=ORIENTED_EDGE('',*,*,#1506,.F.);
#2224=ORIENTED_EDGE('',*,*,#1579,.F.);
#2225=ORIENTED_EDGE('',*,*,#1580,.F.);
#2226=ORIENTED_EDGE('',*,*,#1566,.T.);
#2227=ORIENTED_EDGE('',*,*,#1503,.F.);
#2228=ORIENTED_EDGE('',*,*,#1581,.F.);
#2229=ORIENTED_EDGE('',*,*,#1582,.F.);
#2230=ORIENTED_EDGE('',*,*,#1579,.T.);
#2231=ORIENTED_EDGE('',*,*,#1505,.F.);
#2232=ORIENTED_EDGE('',*,*,#1518,.F.);
#2233=ORIENTED_EDGE('',*,*,#1583,.T.);
#2234=ORIENTED_EDGE('',*,*,#1581,.T.);
#2235=ORIENTED_EDGE('',*,*,#1502,.F.);
#2236=ORIENTED_EDGE('',*,*,#1570,.T.);
#2237=ORIENTED_EDGE('',*,*,#1584,.T.);
#2238=ORIENTED_EDGE('',*,*,#1495,.T.);
#2239=ORIENTED_EDGE('',*,*,#1519,.F.);
#2240=ORIENTED_EDGE('',*,*,#1493,.T.);
#2241=ORIENTED_EDGE('',*,*,#1554,.F.);
#2242=ORIENTED_EDGE('',*,*,#1571,.T.);
#2243=ORIENTED_EDGE('',*,*,#1584,.F.);
#2244=ORIENTED_EDGE('',*,*,#1569,.T.);
#2245=ORIENTED_EDGE('',*,*,#1585,.F.);
#2246=ORIENTED_EDGE('',*,*,#1545,.T.);
#2247=ORIENTED_EDGE('',*,*,#1563,.F.);
#2248=ORIENTED_EDGE('',*,*,#1540,.T.);
#2249=ORIENTED_EDGE('',*,*,#1586,.F.);
#2250=ORIENTED_EDGE('',*,*,#1546,.T.);
#2251=ORIENTED_EDGE('',*,*,#1586,.T.);
#2252=ORIENTED_EDGE('',*,*,#1539,.T.);
#2253=ORIENTED_EDGE('',*,*,#1587,.T.);
#2254=ORIENTED_EDGE('',*,*,#1572,.T.);
#2255=ORIENTED_EDGE('',*,*,#1585,.T.);
#2256=ORIENTED_EDGE('',*,*,#1568,.T.);
#2257=ORIENTED_EDGE('',*,*,#1588,.T.);
#2258=ORIENTED_EDGE('',*,*,#1523,.F.);
#2259=ORIENTED_EDGE('',*,*,#1521,.F.);
#2260=ORIENTED_EDGE('',*,*,#1589,.F.);
#2261=ORIENTED_EDGE('',*,*,#1590,.T.);
#2262=ORIENTED_EDGE('',*,*,#1520,.F.);
#2263=ORIENTED_EDGE('',*,*,#1515,.F.);
#2264=ORIENTED_EDGE('',*,*,#1591,.F.);
#2265=ORIENTED_EDGE('',*,*,#1592,.T.);
#2266=ORIENTED_EDGE('',*,*,#1589,.T.);
#2267=ORIENTED_EDGE('',*,*,#1514,.F.);
#2268=ORIENTED_EDGE('',*,*,#1593,.F.);
#2269=ORIENTED_EDGE('',*,*,#1594,.F.);
#2270=ORIENTED_EDGE('',*,*,#1591,.T.);
#2271=ORIENTED_EDGE('',*,*,#1513,.F.);
#2272=ORIENTED_EDGE('',*,*,#1553,.F.);
#2273=ORIENTED_EDGE('',*,*,#1595,.F.);
#2274=ORIENTED_EDGE('',*,*,#1596,.F.);
#2275=ORIENTED_EDGE('',*,*,#1593,.T.);
#2276=ORIENTED_EDGE('',*,*,#1597,.F.);
#2277=ORIENTED_EDGE('',*,*,#1598,.F.);
#2278=ORIENTED_EDGE('',*,*,#1599,.T.);
#2279=ORIENTED_EDGE('',*,*,#1600,.F.);
#2280=ORIENTED_EDGE('',*,*,#1599,.F.);
#2281=ORIENTED_EDGE('',*,*,#1601,.F.);
#2282=ORIENTED_EDGE('',*,*,#1602,.F.);
#2283=ORIENTED_EDGE('',*,*,#1603,.F.);
#2284=ORIENTED_EDGE('',*,*,#1604,.F.);
#2285=ORIENTED_EDGE('',*,*,#1605,.F.);
#2286=ORIENTED_EDGE('',*,*,#1606,.F.);
#2287=ORIENTED_EDGE('',*,*,#1607,.F.);
#2288=ORIENTED_EDGE('',*,*,#1557,.F.);
#2289=ORIENTED_EDGE('',*,*,#1608,.T.);
#2290=ORIENTED_EDGE('',*,*,#1595,.T.);
#2291=ORIENTED_EDGE('',*,*,#1552,.F.);
#2292=ORIENTED_EDGE('',*,*,#1487,.T.);
#2293=ORIENTED_EDGE('',*,*,#1609,.T.);
#2294=ORIENTED_EDGE('',*,*,#1603,.T.);
#2295=ORIENTED_EDGE('',*,*,#1610,.T.);
#2296=ORIENTED_EDGE('',*,*,#1497,.T.);
#2297=ORIENTED_EDGE('',*,*,#1555,.F.);
#2298=ORIENTED_EDGE('',*,*,#1488,.T.);
#2299=ORIENTED_EDGE('',*,*,#1609,.F.);
#2300=ORIENTED_EDGE('',*,*,#1604,.T.);
#2301=ORIENTED_EDGE('',*,*,#1610,.F.);
#2302=ORIENTED_EDGE('',*,*,#1602,.T.);
#2303=ORIENTED_EDGE('',*,*,#1611,.F.);
#2304=ORIENTED_EDGE('',*,*,#1537,.T.);
#2305=ORIENTED_EDGE('',*,*,#1612,.T.);
#2306=ORIENTED_EDGE('',*,*,#1547,.T.);
#2307=ORIENTED_EDGE('',*,*,#1587,.F.);
#2308=ORIENTED_EDGE('',*,*,#1538,.T.);
#2309=ORIENTED_EDGE('',*,*,#1612,.F.);
#2310=ORIENTED_EDGE('',*,*,#1606,.T.);
#2311=ORIENTED_EDGE('',*,*,#1613,.F.);
#2312=ORIENTED_EDGE('',*,*,#1597,.T.);
#2313=ORIENTED_EDGE('',*,*,#1614,.F.);
#2314=ORIENTED_EDGE('',*,*,#1573,.T.);
#2315=ORIENTED_EDGE('',*,*,#1588,.F.);
#2316=ORIENTED_EDGE('',*,*,#1578,.T.);
#2317=ORIENTED_EDGE('',*,*,#1615,.F.);
#2318=ORIENTED_EDGE('',*,*,#1605,.T.);
#2319=ORIENTED_EDGE('',*,*,#1611,.T.);
#2320=ORIENTED_EDGE('',*,*,#1601,.T.);
#2321=ORIENTED_EDGE('',*,*,#1598,.T.);
#2322=ORIENTED_EDGE('',*,*,#1613,.T.);
#2323=ORIENTED_EDGE('',*,*,#1607,.T.);
#2324=ORIENTED_EDGE('',*,*,#1614,.T.);
#2325=ORIENTED_EDGE('',*,*,#1577,.T.);
#2326=ORIENTED_EDGE('',*,*,#1574,.T.);
#2327=ORIENTED_EDGE('',*,*,#1615,.T.);
#2328=ORIENTED_EDGE('',*,*,#1616,.T.);
#2329=ORIENTED_EDGE('',*,*,#1617,.T.);
#2330=ORIENTED_EDGE('',*,*,#1618,.T.);
#2331=ORIENTED_EDGE('',*,*,#1619,.T.);
#2332=ORIENTED_EDGE('',*,*,#1620,.T.);
#2333=ORIENTED_EDGE('',*,*,#1621,.T.);
#2334=ORIENTED_EDGE('',*,*,#1622,.T.);
#2335=ORIENTED_EDGE('',*,*,#1623,.T.);
#2336=ORIENTED_EDGE('',*,*,#1624,.T.);
#2337=ORIENTED_EDGE('',*,*,#1625,.T.);
#2338=ORIENTED_EDGE('',*,*,#1626,.T.);
#2339=ORIENTED_EDGE('',*,*,#1627,.T.);
#2340=ORIENTED_EDGE('',*,*,#1628,.T.);
#2341=ORIENTED_EDGE('',*,*,#1629,.T.);
#2342=ORIENTED_EDGE('',*,*,#1630,.T.);
#2343=ORIENTED_EDGE('',*,*,#1631,.T.);
#2344=ORIENTED_EDGE('',*,*,#1630,.F.);
#2345=ORIENTED_EDGE('',*,*,#1626,.F.);
#2346=ORIENTED_EDGE('',*,*,#1632,.T.);
#2347=ORIENTED_EDGE('',*,*,#1624,.F.);
#2348=ORIENTED_EDGE('',*,*,#1622,.F.);
#2349=ORIENTED_EDGE('',*,*,#1633,.T.);
#2350=ORIENTED_EDGE('',*,*,#1620,.F.);
#2351=ORIENTED_EDGE('',*,*,#1618,.F.);
#2352=ORIENTED_EDGE('',*,*,#1634,.T.);
#2353=ORIENTED_EDGE('',*,*,#1616,.F.);
#2354=ORIENTED_EDGE('',*,*,#1628,.F.);
#2355=ORIENTED_EDGE('',*,*,#1635,.T.);
#2356=ORIENTED_EDGE('',*,*,#1634,.F.);
#2357=ORIENTED_EDGE('',*,*,#1636,.F.);
#2358=ORIENTED_EDGE('',*,*,#1637,.T.);
#2359=ORIENTED_EDGE('',*,*,#1638,.T.);
#2360=ORIENTED_EDGE('',*,*,#1617,.F.);
#2361=ORIENTED_EDGE('',*,*,#1639,.F.);
#2362=ORIENTED_EDGE('',*,*,#1640,.T.);
#2363=ORIENTED_EDGE('',*,*,#1636,.T.);
#2364=ORIENTED_EDGE('',*,*,#1635,.F.);
#2365=ORIENTED_EDGE('',*,*,#1641,.F.);
#2366=ORIENTED_EDGE('',*,*,#1642,.T.);
#2367=ORIENTED_EDGE('',*,*,#1639,.T.);
#2368=ORIENTED_EDGE('',*,*,#1631,.F.);
#2369=ORIENTED_EDGE('',*,*,#1643,.F.);
#2370=ORIENTED_EDGE('',*,*,#1644,.T.);
#2371=ORIENTED_EDGE('',*,*,#1641,.T.);
#2372=ORIENTED_EDGE('',*,*,#1619,.F.);
#2373=ORIENTED_EDGE('',*,*,#1623,.F.);
#2374=ORIENTED_EDGE('',*,*,#1627,.F.);
#2375=ORIENTED_EDGE('',*,*,#1629,.F.);
#2376=ORIENTED_EDGE('',*,*,#1621,.F.);
#2377=ORIENTED_EDGE('',*,*,#1638,.F.);
#2378=ORIENTED_EDGE('',*,*,#1645,.T.);
#2379=ORIENTED_EDGE('',*,*,#1646,.T.);
#2380=ORIENTED_EDGE('',*,*,#1632,.F.);
#2381=ORIENTED_EDGE('',*,*,#1647,.F.);
#2382=ORIENTED_EDGE('',*,*,#1648,.T.);
#2383=ORIENTED_EDGE('',*,*,#1643,.T.);
#2384=ORIENTED_EDGE('',*,*,#1625,.F.);
#2385=ORIENTED_EDGE('',*,*,#1649,.F.);
#2386=ORIENTED_EDGE('',*,*,#1650,.T.);
#2387=ORIENTED_EDGE('',*,*,#1647,.T.);
#2388=ORIENTED_EDGE('',*,*,#1633,.F.);
#2389=ORIENTED_EDGE('',*,*,#1646,.F.);
#2390=ORIENTED_EDGE('',*,*,#1651,.T.);
#2391=ORIENTED_EDGE('',*,*,#1649,.T.);
#2392=ORIENTED_EDGE('',*,*,#1651,.F.);
#2393=ORIENTED_EDGE('',*,*,#1645,.F.);
#2394=ORIENTED_EDGE('',*,*,#1637,.F.);
#2395=ORIENTED_EDGE('',*,*,#1640,.F.);
#2396=ORIENTED_EDGE('',*,*,#1642,.F.);
#2397=ORIENTED_EDGE('',*,*,#1644,.F.);
#2398=ORIENTED_EDGE('',*,*,#1648,.F.);
#2399=ORIENTED_EDGE('',*,*,#1650,.F.);
#2400=ORIENTED_EDGE('',*,*,#1491,.T.);
#2401=ORIENTED_EDGE('',*,*,#1543,.T.);
#2402=ORIENTED_EDGE('',*,*,#1576,.T.);
#2403=ORIENTED_EDGE('',*,*,#1600,.T.);
#2404=ORIENTED_EDGE('',*,*,#1590,.F.);
#2405=ORIENTED_EDGE('',*,*,#1592,.F.);
#2406=ORIENTED_EDGE('',*,*,#1594,.T.);
#2407=ORIENTED_EDGE('',*,*,#1596,.T.);
#2408=ORIENTED_EDGE('',*,*,#1608,.F.);
#2409=ORIENTED_EDGE('',*,*,#1556,.T.);
#2410=ORIENTED_EDGE('',*,*,#1549,.F.);
#2411=ORIENTED_EDGE('',*,*,#1527,.F.);
#2412=ORIENTED_EDGE('',*,*,#1530,.T.);
#2413=ORIENTED_EDGE('',*,*,#1533,.T.);
#2414=ORIENTED_EDGE('',*,*,#1536,.F.);
#2415=ORIENTED_EDGE('',*,*,#1562,.T.);
#2416=ORIENTED_EDGE('',*,*,#1565,.F.);
#2417=ORIENTED_EDGE('',*,*,#1567,.F.);
#2418=ORIENTED_EDGE('',*,*,#1580,.T.);
#2419=ORIENTED_EDGE('',*,*,#1582,.T.);
#2420=ORIENTED_EDGE('',*,*,#1583,.F.);
#2421=ORIENTED_EDGE('',*,*,#1517,.T.);
#2422=ORIENTED_EDGE('',*,*,#1499,.F.);
#2423=ORIENTED_EDGE('',*,*,#1475,.F.);
#2424=ORIENTED_EDGE('',*,*,#1479,.T.);
#2425=ORIENTED_EDGE('',*,*,#1483,.T.);
#2426=ORIENTED_EDGE('',*,*,#1486,.F.);
#2427=ORIENTED_EDGE('',*,*,#1524,.T.);
#2428=CYLINDRICAL_SURFACE('',#2655,0.07);
#2429=CYLINDRICAL_SURFACE('',#2658,0.07);
#2430=CYLINDRICAL_SURFACE('',#2660,0.07);
#2431=CYLINDRICAL_SURFACE('',#2662,0.07);
#2432=CYLINDRICAL_SURFACE('',#2665,0.07);
#2433=CYLINDRICAL_SURFACE('',#2668,0.07);
#2434=CYLINDRICAL_SURFACE('',#2670,0.07);
#2435=CYLINDRICAL_SURFACE('',#2673,0.07);
#2436=CYLINDRICAL_SURFACE('',#2676,0.07);
#2437=CYLINDRICAL_SURFACE('',#2678,0.07);
#2438=CYLINDRICAL_SURFACE('',#2681,0.07);
#2439=CYLINDRICAL_SURFACE('',#2684,0.07);
#2440=CYLINDRICAL_SURFACE('',#2694,0.125);
#2441=CYLINDRICAL_SURFACE('',#2697,0.125);
#2442=CYLINDRICAL_SURFACE('',#2706,0.0795);
#2443=CYLINDRICAL_SURFACE('',#2710,0.0795);
#2444=CYLINDRICAL_SURFACE('',#2712,0.0795);
#2445=CYLINDRICAL_SURFACE('',#2714,0.0795);
#2446=CYLINDRICAL_SURFACE('',#2741,0.0349999999999996);
#2447=CYLINDRICAL_SURFACE('',#2745,0.0349999999999996);
#2448=CYLINDRICAL_SURFACE('',#2749,0.155);
#2449=CYLINDRICAL_SURFACE('',#2753,0.0349999999999997);
#2450=CYLINDRICAL_SURFACE('',#2757,0.0349999999999999);
#2451=CYLINDRICAL_SURFACE('',#2761,0.155);
#2452=CYLINDRICAL_SURFACE('',#2765,0.0349999999999999);
#2453=CYLINDRICAL_SURFACE('',#2769,0.0349999999999997);
#2454=CYLINDRICAL_SURFACE('',#2773,0.155);
#2455=CYLINDRICAL_SURFACE('',#2777,0.0349999999999997);
#2456=CYLINDRICAL_SURFACE('',#2781,0.0349999999999999);
#2457=CYLINDRICAL_SURFACE('',#2785,0.155);
#2458=CYLINDRICAL_SURFACE('',#2794,0.125);
#2459=CYLINDRICAL_SURFACE('',#2796,0.125);
#2460=CYLINDRICAL_SURFACE('',#2799,0.1385);
#2461=CYLINDRICAL_SURFACE('',#2804,0.0349999999999999);
#2462=CYLINDRICAL_SURFACE('',#2807,0.0795);
#2463=CYLINDRICAL_SURFACE('',#2814,0.0350000000000003);
#2464=CYLINDRICAL_SURFACE('',#2817,0.0185);
#2465=CYLINDRICAL_SURFACE('',#2826,0.0185);
#2466=CYLINDRICAL_SURFACE('',#2832,0.138500000000002);
#2467=CYLINDRICAL_SURFACE('',#2836,0.0350000000000009);
#2468=CYLINDRICAL_SURFACE('',#2839,0.0795);
#2469=CYLINDRICAL_SURFACE('',#2846,0.0350000000000003);
#2470=CYLINDRICAL_SURFACE('',#2849,0.0185);
#2471=CYLINDRICAL_SURFACE('',#2854,0.0185);
#2472=CYLINDRICAL_SURFACE('',#2859,0.0349999999999999);
#2473=CYLINDRICAL_SURFACE('',#2862,0.0795);
#2474=CYLINDRICAL_SURFACE('',#2869,0.1385);
#2475=CYLINDRICAL_SURFACE('',#2872,0.0350000000000003);
#2476=CYLINDRICAL_SURFACE('',#2875,0.0185);
#2477=CYLINDRICAL_SURFACE('',#2876,0.0185);
#2478=CYLINDRICAL_SURFACE('',#2877,0.0185);
#2479=CYLINDRICAL_SURFACE('',#2880,0.0350000000000003);
#2480=CYLINDRICAL_SURFACE('',#2883,0.138499999999999);
#2481=CYLINDRICAL_SURFACE('',#2886,0.0795);
#2482=CYLINDRICAL_SURFACE('',#2893,0.0350000000000003);
#2483=CYLINDRICAL_SURFACE('',#2897,0.0185);
#2484=CYLINDRICAL_SURFACE('',#2898,0.0185);
#2485=CYLINDRICAL_SURFACE('',#2900,0.0185);
#2486=CYLINDRICAL_SURFACE('',#2901,0.0185);
#2487=CYLINDRICAL_SURFACE('',#2902,0.0185);
#2488=CYLINDRICAL_SURFACE('',#2906,0.1);
#2489=CYLINDRICAL_SURFACE('',#2907,0.1);
#2490=CYLINDRICAL_SURFACE('',#2908,0.1);
#2491=CYLINDRICAL_SURFACE('',#2909,0.1);
#2492=ADVANCED_FACE('',(#183),#2428,.T.);
#2493=ADVANCED_FACE('',(#184),#2429,.T.);
#2494=ADVANCED_FACE('',(#185),#2430,.T.);
#2495=ADVANCED_FACE('',(#186),#2431,.T.);
#2496=ADVANCED_FACE('',(#187),#2432,.T.);
#2497=ADVANCED_FACE('',(#188),#129,.F.);
#2498=ADVANCED_FACE('',(#189),#2433,.T.);
#2499=ADVANCED_FACE('',(#190),#2434,.T.);
#2500=ADVANCED_FACE('',(#191),#2435,.T.);
#2501=ADVANCED_FACE('',(#192),#130,.F.);
#2502=ADVANCED_FACE('',(#193),#2436,.T.);
#2503=ADVANCED_FACE('',(#194),#2437,.T.);
#2504=ADVANCED_FACE('',(#195),#2438,.T.);
#2505=ADVANCED_FACE('',(#196),#131,.F.);
#2506=ADVANCED_FACE('',(#197),#2439,.T.);
#2507=ADVANCED_FACE('',(#198),#132,.F.);
#2508=ADVANCED_FACE('',(#199),#117,.F.);
#2509=ADVANCED_FACE('',(#200),#118,.F.);
#2510=ADVANCED_FACE('',(#201),#2440,.T.);
#2511=ADVANCED_FACE('',(#202),#54,.T.);
#2512=ADVANCED_FACE('',(#203),#2441,.T.);
#2513=ADVANCED_FACE('',(#204),#55,.T.);
#2514=ADVANCED_FACE('',(#205),#119,.F.);
#2515=ADVANCED_FACE('',(#206),#56,.T.);
#2516=ADVANCED_FACE('',(#207),#2442,.F.);
#2517=ADVANCED_FACE('',(#208),#120,.F.);
#2518=ADVANCED_FACE('',(#209),#2443,.F.);
#2519=ADVANCED_FACE('',(#210),#2444,.F.);
#2520=ADVANCED_FACE('',(#211),#2445,.F.);
#2521=ADVANCED_FACE('',(#212),#57,.F.);
#2522=ADVANCED_FACE('',(#213),#58,.T.);
#2523=ADVANCED_FACE('',(#214),#121,.T.);
#2524=ADVANCED_FACE('',(#215),#59,.T.);
#2525=ADVANCED_FACE('',(#216),#60,.T.);
#2526=ADVANCED_FACE('',(#217),#61,.T.);
#2527=ADVANCED_FACE('',(#218),#122,.T.);
#2528=ADVANCED_FACE('',(#219),#62,.T.);
#2529=ADVANCED_FACE('',(#220),#63,.T.);
#2530=ADVANCED_FACE('',(#221),#64,.T.);
#2531=ADVANCED_FACE('',(#222),#123,.T.);
#2532=ADVANCED_FACE('',(#223),#65,.T.);
#2533=ADVANCED_FACE('',(#224),#66,.T.);
#2534=ADVANCED_FACE('',(#225),#67,.T.);
#2535=ADVANCED_FACE('',(#226),#124,.T.);
#2536=ADVANCED_FACE('',(#227),#68,.T.);
#2537=ADVANCED_FACE('',(#228),#69,.T.);
#2538=ADVANCED_FACE('',(#229),#2446,.T.);
#2539=ADVANCED_FACE('',(#230),#70,.T.);
#2540=ADVANCED_FACE('',(#231),#2447,.T.);
#2541=ADVANCED_FACE('',(#232),#71,.T.);
#2542=ADVANCED_FACE('',(#233),#2448,.F.);
#2543=ADVANCED_FACE('',(#234),#72,.T.);
#2544=ADVANCED_FACE('',(#235),#2449,.T.);
#2545=ADVANCED_FACE('',(#236),#73,.T.);
#2546=ADVANCED_FACE('',(#237),#2450,.T.);
#2547=ADVANCED_FACE('',(#238),#74,.T.);
#2548=ADVANCED_FACE('',(#239),#2451,.F.);
#2549=ADVANCED_FACE('',(#240),#75,.T.);
#2550=ADVANCED_FACE('',(#241),#2452,.T.);
#2551=ADVANCED_FACE('',(#242),#76,.T.);
#2552=ADVANCED_FACE('',(#243),#2453,.T.);
#2553=ADVANCED_FACE('',(#244),#77,.T.);
#2554=ADVANCED_FACE('',(#245),#2454,.F.);
#2555=ADVANCED_FACE('',(#246),#78,.T.);
#2556=ADVANCED_FACE('',(#247),#2455,.T.);
#2557=ADVANCED_FACE('',(#248),#79,.T.);
#2558=ADVANCED_FACE('',(#249),#2456,.T.);
#2559=ADVANCED_FACE('',(#250),#80,.T.);
#2560=ADVANCED_FACE('',(#251),#2457,.F.);
#2561=ADVANCED_FACE('',(#252),#81,.T.);
#2562=ADVANCED_FACE('',(#253,#43),#82,.F.);
#2563=ADVANCED_FACE('',(#254,#44,#45,#46,#47,#48),#83,.F.);
#2564=ADVANCED_FACE('',(#255),#84,.T.);
#2565=ADVANCED_FACE('',(#256),#2458,.T.);
#2566=ADVANCED_FACE('',(#257),#85,.T.);
#2567=ADVANCED_FACE('',(#258),#2459,.T.);
#2568=ADVANCED_FACE('',(#259),#86,.T.);
#2569=ADVANCED_FACE('',(#260),#2460,.T.);
#2570=ADVANCED_FACE('',(#261),#87,.T.);
#2571=ADVANCED_FACE('',(#262),#2461,.F.);
#2572=ADVANCED_FACE('',(#263),#2462,.F.);
#2573=ADVANCED_FACE('',(#264),#2463,.F.);
#2574=ADVANCED_FACE('',(#265),#2464,.F.);
#2575=ADVANCED_FACE('',(#266),#88,.F.);
#2576=ADVANCED_FACE('',(#267),#89,.F.);
#2577=ADVANCED_FACE('',(#268),#90,.F.);
#2578=ADVANCED_FACE('',(#269),#2465,.F.);
#2579=ADVANCED_FACE('',(#270),#91,.F.);
#2580=ADVANCED_FACE('',(#271),#92,.T.);
#2581=ADVANCED_FACE('',(#272),#2466,.T.);
#2582=ADVANCED_FACE('',(#273),#93,.T.);
#2583=ADVANCED_FACE('',(#274),#2467,.F.);
#2584=ADVANCED_FACE('',(#275),#2468,.F.);
#2585=ADVANCED_FACE('',(#276),#2469,.F.);
#2586=ADVANCED_FACE('',(#277),#2470,.F.);
#2587=ADVANCED_FACE('',(#278),#94,.F.);
#2588=ADVANCED_FACE('',(#279),#95,.F.);
#2589=ADVANCED_FACE('',(#280),#2471,.F.);
#2590=ADVANCED_FACE('',(#281),#96,.F.);
#2591=ADVANCED_FACE('',(#282),#97,.F.);
#2592=ADVANCED_FACE('',(#283),#2472,.F.);
#2593=ADVANCED_FACE('',(#284),#98,.T.);
#2594=ADVANCED_FACE('',(#285),#2473,.F.);
#2595=ADVANCED_FACE('',(#286),#2474,.T.);
#2596=ADVANCED_FACE('',(#287),#99,.T.);
#2597=ADVANCED_FACE('',(#288),#2475,.F.);
#2598=ADVANCED_FACE('',(#289),#100,.F.);
#2599=ADVANCED_FACE('',(#290),#2476,.F.);
#2600=ADVANCED_FACE('',(#291),#2477,.F.);
#2601=ADVANCED_FACE('',(#292),#2478,.F.);
#2602=ADVANCED_FACE('',(#293),#101,.F.);
#2603=ADVANCED_FACE('',(#294),#102,.F.);
#2604=ADVANCED_FACE('',(#295),#2479,.F.);
#2605=ADVANCED_FACE('',(#296),#103,.T.);
#2606=ADVANCED_FACE('',(#297),#2480,.T.);
#2607=ADVANCED_FACE('',(#298),#104,.T.);
#2608=ADVANCED_FACE('',(#299),#2481,.F.);
#2609=ADVANCED_FACE('',(#300),#2482,.F.);
#2610=ADVANCED_FACE('',(#301),#105,.F.);
#2611=ADVANCED_FACE('',(#302),#106,.F.);
#2612=ADVANCED_FACE('',(#303),#2483,.F.);
#2613=ADVANCED_FACE('',(#304),#2484,.F.);
#2614=ADVANCED_FACE('',(#305),#107,.F.);
#2615=ADVANCED_FACE('',(#306),#2485,.F.);
#2616=ADVANCED_FACE('',(#307),#2486,.F.);
#2617=ADVANCED_FACE('',(#308),#2487,.F.);
#2618=ADVANCED_FACE('',(#309),#108,.F.);
#2619=ADVANCED_FACE('',(#310),#109,.F.);
#2620=ADVANCED_FACE('',(#311),#110,.F.);
#2621=ADVANCED_FACE('',(#312),#2488,.T.);
#2622=ADVANCED_FACE('',(#313),#2489,.T.);
#2623=ADVANCED_FACE('',(#314),#2490,.T.);
#2624=ADVANCED_FACE('',(#315),#2491,.T.);
#2625=ADVANCED_FACE('',(#316),#17,.F.);
#2626=ADVANCED_FACE('',(#317),#18,.F.);
#2627=ADVANCED_FACE('',(#318),#19,.F.);
#2628=ADVANCED_FACE('',(#319),#20,.F.);
#2629=ADVANCED_FACE('',(#320),#125,.T.);
#2630=ADVANCED_FACE('',(#321),#111,.T.);
#2631=ADVANCED_FACE('',(#322),#126,.T.);
#2632=ADVANCED_FACE('',(#323),#112,.T.);
#2633=ADVANCED_FACE('',(#324),#113,.T.);
#2634=ADVANCED_FACE('',(#325),#114,.T.);
#2635=ADVANCED_FACE('',(#326),#127,.T.);
#2636=ADVANCED_FACE('',(#327),#115,.T.);
#2637=ADVANCED_FACE('',(#328),#128,.T.);
#2638=ADVANCED_FACE('',(#329,#49,#50,#51,#52,#53),#116,.F.);
#2639=CLOSED_SHELL('',(#2492,#2493,#2494,#2495,#2496,#2497,#2498,#2499,
#2500,#2501,#2502,#2503,#2504,#2505,#2506,#2507,#2508,#2509,#2510,#2511,
#2512,#2513,#2514,#2515,#2516,#2517,#2518,#2519,#2520,#2521,#2522,#2523,
#2524,#2525,#2526,#2527,#2528,#2529,#2530,#2531,#2532,#2533,#2534,#2535,
#2536,#2537,#2538,#2539,#2540,#2541,#2542,#2543,#2544,#2545,#2546,#2547,
#2548,#2549,#2550,#2551,#2552,#2553,#2554,#2555,#2556,#2557,#2558,#2559,
#2560,#2561,#2562,#2563,#2564,#2565,#2566,#2567));
#2640=CLOSED_SHELL('',(#2568,#2569,#2570,#2571,#2572,#2573,#2574,#2575,
#2576,#2577,#2578,#2579,#2580,#2581,#2582,#2583,#2584,#2585,#2586,#2587,
#2588,#2589,#2590,#2591,#2592,#2593,#2594,#2595,#2596,#2597,#2598,#2599,
#2600,#2601,#2602,#2603,#2604,#2605,#2606,#2607,#2608,#2609,#2610,#2611,
#2612,#2613,#2614,#2615,#2616,#2617,#2618,#2619,#2620,#2621,#2622,#2623,
#2624,#2625,#2626,#2627,#2628,#2629,#2630,#2631,#2632,#2633,#2634,#2635,
#2636,#2637,#2638));
#2641=DERIVED_UNIT_ELEMENT(#2643,1.);
#2642=DERIVED_UNIT_ELEMENT(#5148,-3.);
#2643=(
MASS_UNIT()
NAMED_UNIT(*)
SI_UNIT(.KILO.,.GRAM.)
);
#2644=DERIVED_UNIT((#2641,#2642));
#2645=MEASURE_REPRESENTATION_ITEM('density measure',
POSITIVE_RATIO_MEASURE(1300.),#2644);
#2646=PROPERTY_DEFINITION_REPRESENTATION(#2651,#2648);
#2647=PROPERTY_DEFINITION_REPRESENTATION(#2652,#2649);
#2648=REPRESENTATION('material name',(#2650),#5143);
#2649=REPRESENTATION('density',(#2645),#5143);
#2650=DESCRIPTIVE_REPRESENTATION_ITEM('PVC, Flexible','PVC, Flexible');
#2651=PROPERTY_DEFINITION('material property','material name',#5161);
#2652=PROPERTY_DEFINITION('material property','density of part',#5161);
#2653=AXIS2_PLACEMENT_3D('placement',#3677,#2925,#2926);
#2654=AXIS2_PLACEMENT_3D('placement',#3678,#2927,#2928);
#2655=AXIS2_PLACEMENT_3D('',#3679,#2929,#2930);
#2656=AXIS2_PLACEMENT_3D('',#3682,#2931,#2932);
#2657=AXIS2_PLACEMENT_3D('',#3686,#2934,#2935);
#2658=AXIS2_PLACEMENT_3D('',#3688,#2937,#2938);
#2659=AXIS2_PLACEMENT_3D('',#3702,#2939,#2940);
#2660=AXIS2_PLACEMENT_3D('',#3704,#2942,#2943);
#2661=AXIS2_PLACEMENT_3D('',#3719,#2945,#2946);
#2662=AXIS2_PLACEMENT_3D('',#3720,#2947,#2948);
#2663=AXIS2_PLACEMENT_3D('',#3723,#2949,#2950);
#2664=AXIS2_PLACEMENT_3D('',#3727,#2952,#2953);
#2665=AXIS2_PLACEMENT_3D('',#3729,#2955,#2956);
#2666=AXIS2_PLACEMENT_3D('',#3743,#2957,#2958);
#2667=AXIS2_PLACEMENT_3D('',#3764,#2960,#2961);
#2668=AXIS2_PLACEMENT_3D('',#3765,#2962,#2963);
#2669=AXIS2_PLACEMENT_3D('',#3780,#2965,#2966);
#2670=AXIS2_PLACEMENT_3D('',#3781,#2967,#2968);
#2671=AXIS2_PLACEMENT_3D('',#3784,#2969,#2970);
#2672=AXIS2_PLACEMENT_3D('',#3788,#2972,#2973);
#2673=AXIS2_PLACEMENT_3D('',#3790,#2975,#2976);
#2674=AXIS2_PLACEMENT_3D('',#3804,#2977,#2978);
#2675=AXIS2_PLACEMENT_3D('',#3825,#2980,#2981);
#2676=AXIS2_PLACEMENT_3D('',#3826,#2982,#2983);
#2677=AXIS2_PLACEMENT_3D('',#3841,#2985,#2986);
#2678=AXIS2_PLACEMENT_3D('',#3842,#2987,#2988);
#2679=AXIS2_PLACEMENT_3D('',#3845,#2989,#2990);
#2680=AXIS2_PLACEMENT_3D('',#3849,#2992,#2993);
#2681=AXIS2_PLACEMENT_3D('',#3851,#2995,#2996);
#2682=AXIS2_PLACEMENT_3D('',#3867,#2997,#2998);
#2683=AXIS2_PLACEMENT_3D('',#3888,#3000,#3001);
#2684=AXIS2_PLACEMENT_3D('',#3889,#3002,#3003);
#2685=AXIS2_PLACEMENT_3D('',#3906,#3005,#3006);
#2686=AXIS2_PLACEMENT_3D('',#3926,#3007,#3008);
#2687=AXIS2_PLACEMENT_3D('',#3927,#3009,#3010);
#2688=AXIS2_PLACEMENT_3D('',#3929,#3011,#3012);
#2689=AXIS2_PLACEMENT_3D('',#3932,#3014,#3015);
#2690=AXIS2_PLACEMENT_3D('',#3933,#3016,#3017);
#2691=AXIS2_PLACEMENT_3D('',#3934,#3018,#3019);
#2692=AXIS2_PLACEMENT_3D('',#3937,#3021,#3022);
#2693=AXIS2_PLACEMENT_3D('',#3938,#3023,#3024);
#2694=AXIS2_PLACEMENT_3D('',#3939,#3025,#3026);
#2695=AXIS2_PLACEMENT_3D('',#3943,#3028,#3029);
#2696=AXIS2_PLACEMENT_3D('',#3945,#3031,#3032);
#2697=AXIS2_PLACEMENT_3D('',#3949,#3035,#3036);
#2698=AXIS2_PLACEMENT_3D('',#3952,#3038,#3039);
#2699=AXIS2_PLACEMENT_3D('',#3953,#3040,#3041);
#2700=AXIS2_PLACEMENT_3D('',#3957,#3044,#3045);
#2701=AXIS2_PLACEMENT_3D('',#3959,#3046,#3047);
#2702=AXIS2_PLACEMENT_3D('',#3962,#3049,#3050);
#2703=AXIS2_PLACEMENT_3D('',#3963,#3051,#3052);
#2704=AXIS2_PLACEMENT_3D('',#3964,#3053,#3054);
#2705=AXIS2_PLACEMENT_3D('',#3965,#3055,#3056);
#2706=AXIS2_PLACEMENT_3D('',#3966,#3057,#3058);
#2707=AXIS2_PLACEMENT_3D('',#3969,#3060,#3061);
#2708=AXIS2_PLACEMENT_3D('',#3970,#3062,#3063);
#2709=AXIS2_PLACEMENT_3D('',#3973,#3065,#3066);
#2710=AXIS2_PLACEMENT_3D('',#3974,#3067,#3068);
#2711=AXIS2_PLACEMENT_3D('',#3977,#3070,#3071);
#2712=AXIS2_PLACEMENT_3D('',#3978,#3072,#3073);
#2713=AXIS2_PLACEMENT_3D('',#3981,#3075,#3076);
#2714=AXIS2_PLACEMENT_3D('',#3982,#3077,#3078);
#2715=AXIS2_PLACEMENT_3D('',#3985,#3080,#3081);
#2716=AXIS2_PLACEMENT_3D('',#3986,#3082,#3083);
#2717=AXIS2_PLACEMENT_3D('',#3991,#3085,#3086);
#2718=AXIS2_PLACEMENT_3D('',#3999,#3090,#3091);
#2719=AXIS2_PLACEMENT_3D('',#4007,#3095,#3096);
#2720=AXIS2_PLACEMENT_3D('',#4015,#3100,#3101);
#2721=AXIS2_PLACEMENT_3D('',#4019,#3104,#3105);
#2722=AXIS2_PLACEMENT_3D('',#4025,#3109,#3110);
#2723=AXIS2_PLACEMENT_3D('',#4027,#3111,#3112);
#2724=AXIS2_PLACEMENT_3D('',#4029,#3114,#3115);
#2725=AXIS2_PLACEMENT_3D('',#4033,#3118,#3119);
#2726=AXIS2_PLACEMENT_3D('',#4037,#3122,#3123);
#2727=AXIS2_PLACEMENT_3D('',#4041,#3126,#3127);
#2728=AXIS2_PLACEMENT_3D('',#4043,#3128,#3129);
#2729=AXIS2_PLACEMENT_3D('',#4045,#3131,#3132);
#2730=AXIS2_PLACEMENT_3D('',#4049,#3135,#3136);
#2731=AXIS2_PLACEMENT_3D('',#4053,#3139,#3140);
#2732=AXIS2_PLACEMENT_3D('',#4057,#3143,#3144);
#2733=AXIS2_PLACEMENT_3D('',#4059,#3145,#3146);
#2734=AXIS2_PLACEMENT_3D('',#4061,#3148,#3149);
#2735=AXIS2_PLACEMENT_3D('',#4065,#3152,#3153);
#2736=AXIS2_PLACEMENT_3D('',#4069,#3156,#3157);
#2737=AXIS2_PLACEMENT_3D('',#4073,#3160,#3161);
#2738=AXIS2_PLACEMENT_3D('',#4075,#3162,#3163);
#2739=AXIS2_PLACEMENT_3D('',#4077,#3165,#3166);
#2740=AXIS2_PLACEMENT_3D('',#4081,#3169,#3170);
#2741=AXIS2_PLACEMENT_3D('',#4083,#3172,#3173);
#2742=AXIS2_PLACEMENT_3D('',#4086,#3174,#3175);
#2743=AXIS2_PLACEMENT_3D('',#4090,#3177,#3178);
#2744=AXIS2_PLACEMENT_3D('',#4092,#3180,#3181);
#2745=AXIS2_PLACEMENT_3D('',#4098,#3185,#3186);
#2746=AXIS2_PLACEMENT_3D('',#4100,#3187,#3188);
#2747=AXIS2_PLACEMENT_3D('',#4102,#3189,#3190);
#2748=AXIS2_PLACEMENT_3D('',#4104,#3192,#3193);
#2749=AXIS2_PLACEMENT_3D('',#4110,#3197,#3198);
#2750=AXIS2_PLACEMENT_3D('',#4112,#3199,#3200);
#2751=AXIS2_PLACEMENT_3D('',#4114,#3201,#3202);
#2752=AXIS2_PLACEMENT_3D('',#4116,#3204,#3205);
#2753=AXIS2_PLACEMENT_3D('',#4122,#3209,#3210);
#2754=AXIS2_PLACEMENT_3D('',#4124,#3211,#3212);
#2755=AXIS2_PLACEMENT_3D('',#4126,#3213,#3214);
#2756=AXIS2_PLACEMENT_3D('',#4128,#3216,#3217);
#2757=AXIS2_PLACEMENT_3D('',#4134,#3221,#3222);
#2758=AXIS2_PLACEMENT_3D('',#4136,#3223,#3224);
#2759=AXIS2_PLACEMENT_3D('',#4138,#3225,#3226);
#2760=AXIS2_PLACEMENT_3D('',#4140,#3228,#3229);
#2761=AXIS2_PLACEMENT_3D('',#4146,#3233,#3234);
#2762=AXIS2_PLACEMENT_3D('',#4148,#3235,#3236);
#2763=AXIS2_PLACEMENT_3D('',#4150,#3237,#3238);
#2764=AXIS2_PLACEMENT_3D('',#4152,#3240,#3241);
#2765=AXIS2_PLACEMENT_3D('',#4158,#3245,#3246);
#2766=AXIS2_PLACEMENT_3D('',#4160,#3247,#3248);
#2767=AXIS2_PLACEMENT_3D('',#4162,#3249,#3250);
#2768=AXIS2_PLACEMENT_3D('',#4164,#3252,#3253);
#2769=AXIS2_PLACEMENT_3D('',#4170,#3257,#3258);
#2770=AXIS2_PLACEMENT_3D('',#4172,#3259,#3260);
#2771=AXIS2_PLACEMENT_3D('',#4174,#3261,#3262);
#2772=AXIS2_PLACEMENT_3D('',#4176,#3264,#3265);
#2773=AXIS2_PLACEMENT_3D('',#4182,#3269,#3270);
#2774=AXIS2_PLACEMENT_3D('',#4184,#3271,#3272);
#2775=AXIS2_PLACEMENT_3D('',#4186,#3273,#3274);
#2776=AXIS2_PLACEMENT_3D('',#4188,#3276,#3277);
#2777=AXIS2_PLACEMENT_3D('',#4194,#3281,#3282);
#2778=AXIS2_PLACEMENT_3D('',#4196,#3283,#3284);
#2779=AXIS2_PLACEMENT_3D('',#4198,#3285,#3286);
#2780=AXIS2_PLACEMENT_3D('',#4200,#3288,#3289);
#2781=AXIS2_PLACEMENT_3D('',#4206,#3293,#3294);
#2782=AXIS2_PLACEMENT_3D('',#4208,#3295,#3296);
#2783=AXIS2_PLACEMENT_3D('',#4210,#3297,#3298);
#2784=AXIS2_PLACEMENT_3D('',#4212,#3300,#3301);
#2785=AXIS2_PLACEMENT_3D('',#4218,#3305,#3306);
#2786=AXIS2_PLACEMENT_3D('',#4220,#3307,#3308);
#2787=AXIS2_PLACEMENT_3D('',#4222,#3309,#3310);
#2788=AXIS2_PLACEMENT_3D('',#4224,#3312,#3313);
#2789=AXIS2_PLACEMENT_3D('',#4227,#3316,#3317);
#2790=AXIS2_PLACEMENT_3D('',#4228,#3318,#3319);
#2791=AXIS2_PLACEMENT_3D('',#4230,#3320,#3321);
#2792=AXIS2_PLACEMENT_3D('',#4234,#3323,#3324);
#2793=AXIS2_PLACEMENT_3D('',#4236,#3326,#3327);
#2794=AXIS2_PLACEMENT_3D('',#4239,#3330,#3331);
#2795=AXIS2_PLACEMENT_3D('',#4241,#3333,#3334);
#2796=AXIS2_PLACEMENT_3D('',#4242,#3335,#3336);
#2797=AXIS2_PLACEMENT_3D('',#4243,#3337,#3338);
#2798=AXIS2_PLACEMENT_3D('',#4246,#3339,#3340);
#2799=AXIS2_PLACEMENT_3D('',#4254,#3345,#3346);
#2800=AXIS2_PLACEMENT_3D('',#4256,#3347,#3348);
#2801=AXIS2_PLACEMENT_3D('',#4259,#3350,#3351);
#2802=AXIS2_PLACEMENT_3D('',#4260,#3352,#3353);
#2803=AXIS2_PLACEMENT_3D('',#4264,#3355,#3356);
#2804=AXIS2_PLACEMENT_3D('',#4268,#3359,#3360);
#2805=AXIS2_PLACEMENT_3D('',#4275,#3361,#3362);
#2806=AXIS2_PLACEMENT_3D('',#4276,#3363,#3364);
#2807=AXIS2_PLACEMENT_3D('',#4277,#3365,#3366);
#2808=AXIS2_PLACEMENT_3D('',#4280,#3367,#3368);
#2809=AXIS2_PLACEMENT_3D('',#4295,#3369,#3370);
#2810=AXIS2_PLACEMENT_3D('',#4298,#3372,#3373);
#2811=AXIS2_PLACEMENT_3D('',#4300,#3374,#3375);
#2812=AXIS2_PLACEMENT_3D('',#4315,#3376,#3377);
#2813=AXIS2_PLACEMENT_3D('',#4330,#3378,#3379);
#2814=AXIS2_PLACEMENT_3D('',#4343,#3380,#3381);
#2815=AXIS2_PLACEMENT_3D('',#4350,#3382,#3383);
#2816=AXIS2_PLACEMENT_3D('',#4351,#3384,#3385);
#2817=AXIS2_PLACEMENT_3D('',#4352,#3386,#3387);
#2818=AXIS2_PLACEMENT_3D('',#4361,#3389,#3390);
#2819=AXIS2_PLACEMENT_3D('',#4363,#3392,#3393);
#2820=AXIS2_PLACEMENT_3D('',#4367,#3395,#3396);
#2821=AXIS2_PLACEMENT_3D('',#4375,#3400,#3401);
#2822=AXIS2_PLACEMENT_3D('',#4383,#3405,#3406);
#2823=AXIS2_PLACEMENT_3D('',#4387,#3409,#3410);
#2824=AXIS2_PLACEMENT_3D('',#4390,#3412,#3413);
#2825=AXIS2_PLACEMENT_3D('',#4391,#3414,#3415);
#2826=AXIS2_PLACEMENT_3D('',#4393,#3417,#3418);
#2827=AXIS2_PLACEMENT_3D('',#4395,#3419,#3420);
#2828=AXIS2_PLACEMENT_3D('',#4402,#3422,#3423);
#2829=AXIS2_PLACEMENT_3D('',#4404,#3424,#3425);
#2830=AXIS2_PLACEMENT_3D('',#4406,#3427,#3428);
#2831=AXIS2_PLACEMENT_3D('',#4408,#3429,#3430);
#2832=AXIS2_PLACEMENT_3D('',#4414,#3434,#3435);
#2833=AXIS2_PLACEMENT_3D('',#4417,#3437,#3438);
#2834=AXIS2_PLACEMENT_3D('',#4418,#3439,#3440);
#2835=AXIS2_PLACEMENT_3D('',#4420,#3441,#3442);
#2836=AXIS2_PLACEMENT_3D('',#4424,#3445,#3446);
#2837=AXIS2_PLACEMENT_3D('',#4431,#3447,#3448);
#2838=AXIS2_PLACEMENT_3D('',#4432,#3449,#3450);
#2839=AXIS2_PLACEMENT_3D('',#4433,#3451,#3452);
#2840=AXIS2_PLACEMENT_3D('',#4436,#3453,#3454);
#2841=AXIS2_PLACEMENT_3D('',#4451,#3455,#3456);
#2842=AXIS2_PLACEMENT_3D('',#4466,#3457,#3458);
#2843=AXIS2_PLACEMENT_3D('',#4469,#3460,#3461);
#2844=AXIS2_PLACEMENT_3D('',#4471,#3462,#3463);
#2845=AXIS2_PLACEMENT_3D('',#4486,#3464,#3465);
#2846=AXIS2_PLACEMENT_3D('',#4499,#3466,#3467);
#2847=AXIS2_PLACEMENT_3D('',#4506,#3468,#3469);
#2848=AXIS2_PLACEMENT_3D('',#4507,#3470,#3471);
#2849=AXIS2_PLACEMENT_3D('',#4508,#3472,#3473);
#2850=AXIS2_PLACEMENT_3D('',#4516,#3475,#3476);
#2851=AXIS2_PLACEMENT_3D('',#4517,#3477,#3478);
#2852=AXIS2_PLACEMENT_3D('',#4520,#3481,#3482);
#2853=AXIS2_PLACEMENT_3D('',#4523,#3484,#3485);
#2854=AXIS2_PLACEMENT_3D('',#4524,#3486,#3487);
#2855=AXIS2_PLACEMENT_3D('',#4526,#3488,#3489);
#2856=AXIS2_PLACEMENT_3D('',#4533,#3491,#3492);
#2857=AXIS2_PLACEMENT_3D('',#4535,#3493,#3494);
#2858=AXIS2_PLACEMENT_3D('',#4537,#3496,#3497);
#2859=AXIS2_PLACEMENT_3D('',#4539,#3499,#3500);
#2860=AXIS2_PLACEMENT_3D('',#4542,#3502,#3503);
#2861=AXIS2_PLACEMENT_3D('',#4543,#3504,#3505);
#2862=AXIS2_PLACEMENT_3D('',#4547,#3508,#3509);
#2863=AXIS2_PLACEMENT_3D('',#4550,#3510,#3511);
#2864=AXIS2_PLACEMENT_3D('',#4565,#3512,#3513);
#2865=AXIS2_PLACEMENT_3D('',#4580,#3514,#3515);
#2866=AXIS2_PLACEMENT_3D('',#4595,#3516,#3517);
#2867=AXIS2_PLACEMENT_3D('',#4598,#3519,#3520);
#2868=AXIS2_PLACEMENT_3D('',#4600,#3521,#3522);
#2869=AXIS2_PLACEMENT_3D('',#4613,#3523,#3524);
#2870=AXIS2_PLACEMENT_3D('',#4616,#3526,#3527);
#2871=AXIS2_PLACEMENT_3D('',#4617,#3528,#3529);
#2872=AXIS2_PLACEMENT_3D('',#4621,#3532,#3533);
#2873=AXIS2_PLACEMENT_3D('',#4622,#3534,#3535);
#2874=AXIS2_PLACEMENT_3D('',#4623,#3536,#3537);
#2875=AXIS2_PLACEMENT_3D('',#4625,#3539,#3540);
#2876=AXIS2_PLACEMENT_3D('',#4626,#3541,#3542);
#2877=AXIS2_PLACEMENT_3D('',#4628,#3544,#3545);
#2878=AXIS2_PLACEMENT_3D('',#4630,#3547,#3548);
#2879=AXIS2_PLACEMENT_3D('',#4632,#3550,#3551);
#2880=AXIS2_PLACEMENT_3D('',#4634,#3553,#3554);
#2881=AXIS2_PLACEMENT_3D('',#4637,#3556,#3557);
#2882=AXIS2_PLACEMENT_3D('',#4638,#3558,#3559);
#2883=AXIS2_PLACEMENT_3D('',#4642,#3562,#3563);
#2884=AXIS2_PLACEMENT_3D('',#4645,#3565,#3566);
#2885=AXIS2_PLACEMENT_3D('',#4646,#3567,#3568);
#2886=AXIS2_PLACEMENT_3D('',#4650,#3571,#3572);
#2887=AXIS2_PLACEMENT_3D('',#4666,#3573,#3574);
#2888=AXIS2_PLACEMENT_3D('',#4669,#3576,#3577);
#2889=AXIS2_PLACEMENT_3D('',#4671,#3578,#3579);
#2890=AXIS2_PLACEMENT_3D('',#4686,#3580,#3581);
#2891=AXIS2_PLACEMENT_3D('',#4701,#3582,#3583);
#2892=AXIS2_PLACEMENT_3D('',#4715,#3584,#3585);
#2893=AXIS2_PLACEMENT_3D('',#4716,#3586,#3587);
#2894=AXIS2_PLACEMENT_3D('',#4717,#3588,#3589);
#2895=AXIS2_PLACEMENT_3D('',#4718,#3590,#3591);
#2896=AXIS2_PLACEMENT_3D('',#4720,#3593,#3594);
#2897=AXIS2_PLACEMENT_3D('',#4722,#3596,#3597);
#2898=AXIS2_PLACEMENT_3D('',#4723,#3598,#3599);
#2899=AXIS2_PLACEMENT_3D('',#4725,#3601,#3602);
#2900=AXIS2_PLACEMENT_3D('',#4727,#3604,#3605);
#2901=AXIS2_PLACEMENT_3D('',#4728,#3606,#3607);
#2902=AXIS2_PLACEMENT_3D('',#4731,#3610,#3611);
#2903=AXIS2_PLACEMENT_3D('',#4733,#3613,#3614);
#2904=AXIS2_PLACEMENT_3D('',#4734,#3615,#3616);
#2905=AXIS2_PLACEMENT_3D('',#4735,#3617,#3618);
#2906=AXIS2_PLACEMENT_3D('',#4736,#3619,#3620);
#2907=AXIS2_PLACEMENT_3D('',#4787,#3623,#3624);
#2908=AXIS2_PLACEMENT_3D('',#4837,#3627,#3628);
#2909=AXIS2_PLACEMENT_3D('',#4887,#3631,#3632);
#2910=AXIS2_PLACEMENT_3D('',#5104,#3635,#3636);
#2911=AXIS2_PLACEMENT_3D('',#5108,#3638,#3639);
#2912=AXIS2_PLACEMENT_3D('',#5110,#3641,#3642);
#2913=AXIS2_PLACEMENT_3D('',#5114,#3645,#3646);
#2914=AXIS2_PLACEMENT_3D('',#5117,#3648,#3649);
#2915=AXIS2_PLACEMENT_3D('',#5118,#3650,#3651);
#2916=AXIS2_PLACEMENT_3D('',#5122,#3654,#3655);
#2917=AXIS2_PLACEMENT_3D('',#5123,#3656,#3657);
#2918=AXIS2_PLACEMENT_3D('',#5127,#3660,#3661);
#2919=AXIS2_PLACEMENT_3D('',#5130,#3663,#3664);
#2920=AXIS2_PLACEMENT_3D('',#5131,#3665,#3666);
#2921=AXIS2_PLACEMENT_3D('',#5135,#3669,#3670);
#2922=AXIS2_PLACEMENT_3D('',#5136,#3671,#3672);
#2923=AXIS2_PLACEMENT_3D('',#5137,#3673,#3674);
#2924=AXIS2_PLACEMENT_3D('',#5138,#3675,#3676);
#2925=DIRECTION('axis',(0.,0.,1.));
#2926=DIRECTION('refdir',(1.,0.,0.));
#2927=DIRECTION('axis',(0.,0.,1.));
#2928=DIRECTION('refdir',(1.,0.,0.));
#2929=DIRECTION('center_axis',(1.,-1.48482608572835E-16,0.));
#2930=DIRECTION('ref_axis',(0.,-0.70710678118655,0.707106781186545));
#2931=DIRECTION('center_axis',(1.,0.,0.));
#2932=DIRECTION('ref_axis',(0.,0.,1.));
#2933=DIRECTION('',(1.,-1.48482608572835E-16,0.));
#2934=DIRECTION('center_axis',(-1.,0.,2.49768959420733E-15));
#2935=DIRECTION('ref_axis',(0.,-1.,0.));
#2936=DIRECTION('',(-1.,1.48482608572835E-16,0.));
#2937=DIRECTION('center_axis',(1.,-1.48482608572835E-16,0.));
#2938=DIRECTION('ref_axis',(0.,-0.70710678118655,0.707106781186545));
#2939=DIRECTION('center_axis',(1.,0.,0.));
#2940=DIRECTION('ref_axis',(0.,0.,1.));
#2941=DIRECTION('',(1.,-1.48482608572835E-16,0.));
#2942=DIRECTION('center_axis',(1.,-1.48482608572835E-16,0.));
#2943=DIRECTION('ref_axis',(0.,-0.70710678118655,0.707106781186545));
#2944=DIRECTION('',(1.,-1.48482608572835E-16,0.));
#2945=DIRECTION('center_axis',(-1.,0.,0.));
#2946=DIRECTION('ref_axis',(0.,-1.,0.));
#2947=DIRECTION('center_axis',(0.,1.,0.));
#2948=DIRECTION('ref_axis',(0.707106781186546,0.,0.707106781186549));
#2949=DIRECTION('center_axis',(0.,1.,0.));
#2950=DIRECTION('ref_axis',(0.,0.,1.));
#2951=DIRECTION('',(0.,1.,0.));
#2952=DIRECTION('center_axis',(0.,-1.,4.99537918841465E-15));
#2953=DIRECTION('ref_axis',(1.,0.,0.));
#2954=DIRECTION('',(0.,-1.,0.));
#2955=DIRECTION('center_axis',(0.,1.,0.));
#2956=DIRECTION('ref_axis',(0.707106781186546,0.,0.707106781186549));
#2957=DIRECTION('center_axis',(0.,1.,0.));
#2958=DIRECTION('ref_axis',(0.,0.,1.));
#2959=DIRECTION('',(0.,1.,0.));
#2960=DIRECTION('center_axis',(0.,0.,1.));
#2961=DIRECTION('ref_axis',(0.707106781186548,-0.707106781186548,0.));
#2962=DIRECTION('center_axis',(0.,1.,0.));
#2963=DIRECTION('ref_axis',(0.707106781186546,0.,0.707106781186549));
#2964=DIRECTION('',(0.,1.,0.));
#2965=DIRECTION('center_axis',(0.,-1.,0.));
#2966=DIRECTION('ref_axis',(1.,0.,0.));
#2967=DIRECTION('center_axis',(-1.,0.,0.));
#2968=DIRECTION('ref_axis',(0.,0.70710678118655,0.707106781186545));
#2969=DIRECTION('center_axis',(-1.,0.,0.));
#2970=DIRECTION('ref_axis',(0.,0.,1.));
#2971=DIRECTION('',(-1.,0.,0.));
#2972=DIRECTION('center_axis',(1.,0.,-2.49768959420733E-15));
#2973=DIRECTION('ref_axis',(0.,1.,0.));
#2974=DIRECTION('',(1.,0.,0.));
#2975=DIRECTION('center_axis',(-1.,0.,0.));
#2976=DIRECTION('ref_axis',(0.,0.70710678118655,0.707106781186545));
#2977=DIRECTION('center_axis',(-1.,0.,0.));
#2978=DIRECTION('ref_axis',(0.,0.,1.));
#2979=DIRECTION('',(-1.,0.,0.));
#2980=DIRECTION('center_axis',(0.,0.,1.));
#2981=DIRECTION('ref_axis',(0.707106781186549,0.707106781186546,0.));
#2982=DIRECTION('center_axis',(-1.,0.,0.));
#2983=DIRECTION('ref_axis',(0.,0.70710678118655,0.707106781186545));
#2984=DIRECTION('',(-1.,0.,0.));
#2985=DIRECTION('center_axis',(1.,0.,0.));
#2986=DIRECTION('ref_axis',(0.,1.,0.));
#2987=DIRECTION('center_axis',(0.,-1.,0.));
#2988=DIRECTION('ref_axis',(-0.707106781186546,0.,0.707106781186549));
#2989=DIRECTION('center_axis',(0.,-1.,0.));
#2990=DIRECTION('ref_axis',(0.,0.,1.));
#2991=DIRECTION('',(0.,-1.,0.));
#2992=DIRECTION('center_axis',(0.,1.,-4.99537918841465E-15));
#2993=DIRECTION('ref_axis',(-1.,0.,0.));
#2994=DIRECTION('',(0.,1.,0.));
#2995=DIRECTION('center_axis',(0.,-1.,0.));
#2996=DIRECTION('ref_axis',(-0.707106781186546,0.,0.707106781186549));
#2997=DIRECTION('center_axis',(0.,-1.,0.));
#2998=DIRECTION('ref_axis',(0.,0.,1.));
#2999=DIRECTION('',(0.,-1.,0.));
#3000=DIRECTION('center_axis',(0.,0.,1.));
#3001=DIRECTION('ref_axis',(-0.70710678118655,0.707106781186545,0.));
#3002=DIRECTION('center_axis',(0.,-1.,0.));
#3003=DIRECTION('ref_axis',(-0.707106781186546,0.,0.707106781186549));
#3004=DIRECTION('',(0.,-1.,0.));
#3005=DIRECTION('center_axis',(0.,1.,0.));
#3006=DIRECTION('ref_axis',(-1.,0.,0.));
#3007=DIRECTION('center_axis',(0.,0.,1.));
#3008=DIRECTION('ref_axis',(-0.707106781186549,-0.707106781186546,0.));
#3009=DIRECTION('center_axis',(0.,0.,1.));
#3010=DIRECTION('ref_axis',(1.,0.,0.));
#3011=DIRECTION('center_axis',(0.,0.,1.));
#3012=DIRECTION('ref_axis',(1.,0.,0.));
#3013=DIRECTION('',(0.707106781186548,8.65956056235494E-17,-0.707106781186547));
#3014=DIRECTION('center_axis',(0.,0.,-1.));
#3015=DIRECTION('ref_axis',(1.,0.,0.));
#3016=DIRECTION('center_axis',(0.,0.,1.));
#3017=DIRECTION('ref_axis',(1.,0.,0.));
#3018=DIRECTION('center_axis',(0.,0.,1.));
#3019=DIRECTION('ref_axis',(1.,0.,0.));
#3020=DIRECTION('',(0.707106781186548,8.65956056235494E-17,-0.707106781186547));
#3021=DIRECTION('center_axis',(0.,0.,-1.));
#3022=DIRECTION('ref_axis',(1.,0.,0.));
#3023=DIRECTION('center_axis',(0.,0.,1.));
#3024=DIRECTION('ref_axis',(1.,0.,0.));
#3025=DIRECTION('center_axis',(0.,0.,1.));
#3026=DIRECTION('ref_axis',(-4.19611851826832E-15,-1.,0.));
#3027=DIRECTION('',(0.,0.,1.));
#3028=DIRECTION('center_axis',(0.,0.,1.));
#3029=DIRECTION('ref_axis',(-4.19611851826832E-15,-1.,0.));
#3030=DIRECTION('',(0.,0.,1.));
#3031=DIRECTION('center_axis',(-1.48482608572835E-16,-1.,0.));
#3032=DIRECTION('ref_axis',(1.,-1.48482608572835E-16,0.));
#3033=DIRECTION('',(0.,0.,1.));
#3034=DIRECTION('',(-1.,1.48482608572835E-16,0.));
#3035=DIRECTION('center_axis',(0.,0.,1.));
#3036=DIRECTION('ref_axis',(-1.,2.79741234551221E-15,0.));
#3037=DIRECTION('',(0.,0.,1.));
#3038=DIRECTION('center_axis',(0.,0.,1.));
#3039=DIRECTION('ref_axis',(-1.,2.79741234551221E-15,0.));
#3040=DIRECTION('center_axis',(-1.,0.,0.));
#3041=DIRECTION('ref_axis',(0.,-1.,0.));
#3042=DIRECTION('',(0.,0.,1.));
#3043=DIRECTION('',(0.,1.,0.));
#3044=DIRECTION('center_axis',(0.,0.,1.));
#3045=DIRECTION('ref_axis',(1.,0.,0.));
#3046=DIRECTION('center_axis',(0.,0.,1.));
#3047=DIRECTION('ref_axis',(1.,0.,0.));
#3048=DIRECTION('',(0.707106781186548,8.65956056235494E-17,-0.707106781186547));
#3049=DIRECTION('center_axis',(0.,0.,-1.));
#3050=DIRECTION('ref_axis',(1.,0.,0.));
#3051=DIRECTION('center_axis',(0.,0.,1.));
#3052=DIRECTION('ref_axis',(1.,0.,0.));
#3053=DIRECTION('center_axis',(0.,0.,1.));
#3054=DIRECTION('ref_axis',(1.,0.,0.));
#3055=DIRECTION('center_axis',(0.,0.,1.));
#3056=DIRECTION('ref_axis',(1.,0.,0.));
#3057=DIRECTION('center_axis',(0.,0.,1.));
#3058=DIRECTION('ref_axis',(1.,0.,0.));
#3059=DIRECTION('',(0.,0.,-1.));
#3060=DIRECTION('center_axis',(0.,0.,-1.));
#3061=DIRECTION('ref_axis',(1.,0.,0.));
#3062=DIRECTION('center_axis',(0.,0.,1.));
#3063=DIRECTION('ref_axis',(1.,0.,0.));
#3064=DIRECTION('',(0.707106781186548,8.65956056235494E-17,-0.707106781186547));
#3065=DIRECTION('center_axis',(0.,0.,-1.));
#3066=DIRECTION('ref_axis',(1.,0.,0.));
#3067=DIRECTION('center_axis',(0.,0.,1.));
#3068=DIRECTION('ref_axis',(1.,0.,0.));
#3069=DIRECTION('',(0.,0.,-1.));
#3070=DIRECTION('center_axis',(0.,0.,-1.));
#3071=DIRECTION('ref_axis',(1.,0.,0.));
#3072=DIRECTION('center_axis',(0.,0.,1.));
#3073=DIRECTION('ref_axis',(1.,0.,0.));
#3074=DIRECTION('',(0.,0.,-1.));
#3075=DIRECTION('center_axis',(0.,0.,-1.));
#3076=DIRECTION('ref_axis',(1.,0.,0.));
#3077=DIRECTION('center_axis',(0.,0.,1.));
#3078=DIRECTION('ref_axis',(1.,0.,0.));
#3079=DIRECTION('',(0.,0.,-1.));
#3080=DIRECTION('center_axis',(0.,0.,-1.));
#3081=DIRECTION('ref_axis',(1.,0.,0.));
#3082=DIRECTION('center_axis',(0.,0.,1.));
#3083=DIRECTION('ref_axis',(1.,0.,0.));
#3084=DIRECTION('',(0.,1.,0.));
#3085=DIRECTION('center_axis',(0.,0.,-1.));
#3086=DIRECTION('ref_axis',(-1.,0.,0.));
#3087=DIRECTION('',(-1.,0.,0.));
#3088=DIRECTION('',(0.,1.,0.));
#3089=DIRECTION('',(1.,0.,0.));
#3090=DIRECTION('center_axis',(0.,0.,-1.));
#3091=DIRECTION('ref_axis',(0.,1.,0.));
#3092=DIRECTION('',(0.,1.,0.));
#3093=DIRECTION('',(1.,0.,0.));
#3094=DIRECTION('',(0.,-1.,0.));
#3095=DIRECTION('center_axis',(0.,0.,-1.));
#3096=DIRECTION('ref_axis',(1.,0.,0.));
#3097=DIRECTION('',(1.,8.4259407997357E-15,0.));
#3098=DIRECTION('',(0.,-1.,0.));
#3099=DIRECTION('',(-1.,0.,0.));
#3100=DIRECTION('center_axis',(0.,0.,-1.));
#3101=DIRECTION('ref_axis',(0.,-1.,0.));
#3102=DIRECTION('',(-8.42594079973556E-15,-1.,0.));
#3103=DIRECTION('',(-1.,0.,0.));
#3104=DIRECTION('center_axis',(-0.996194698091746,0.,-0.0871557427476582));
#3105=DIRECTION('ref_axis',(0.,1.,0.));
#3106=DIRECTION('',(-0.0868265938642476,-0.0868265938642476,0.992432509138967));
#3107=DIRECTION('',(0.,1.,0.));
#3108=DIRECTION('',(-0.0871557427476582,0.,0.996194698091746));
#3109=DIRECTION('center_axis',(0.,0.,1.));
#3110=DIRECTION('ref_axis',(-1.,0.,0.));
#3111=DIRECTION('center_axis',(0.,0.,-1.));
#3112=DIRECTION('ref_axis',(-1.,0.,0.));
#3113=DIRECTION('',(0.,-0.0871557427476582,0.996194698091746));
#3114=DIRECTION('center_axis',(0.,-0.996194698091746,-0.0871557427476582));
#3115=DIRECTION('ref_axis',(-1.,0.,0.));
#3116=DIRECTION('',(-1.,0.,0.));
#3117=DIRECTION('',(0.0868265938642476,0.0868265938642476,-0.992432509138967));
#3118=DIRECTION('center_axis',(-0.996194698091746,0.,-0.0871557427476582));
#3119=DIRECTION('ref_axis',(0.,1.,0.));
#3120=DIRECTION('',(0.,1.,0.));
#3121=DIRECTION('',(0.0868265938642476,-0.0868265938642476,-0.992432509138967));
#3122=DIRECTION('center_axis',(0.,0.996194698091746,-0.0871557427476582));
#3123=DIRECTION('ref_axis',(1.,0.,0.));
#3124=DIRECTION('',(1.,0.,0.));
#3125=DIRECTION('',(0.,0.0871557427476582,0.996194698091746));
#3126=DIRECTION('center_axis',(0.,0.,1.));
#3127=DIRECTION('ref_axis',(0.,1.,0.));
#3128=DIRECTION('center_axis',(0.,0.,-1.));
#3129=DIRECTION('ref_axis',(0.,1.,0.));
#3130=DIRECTION('',(-0.0871557427476582,1.4866496996621E-16,0.996194698091746));
#3131=DIRECTION('center_axis',(-0.996194698091746,0.,-0.0871557427476582));
#3132=DIRECTION('ref_axis',(0.,1.,0.));
#3133=DIRECTION('',(0.,1.,0.));
#3134=DIRECTION('',(-0.0868265938642476,0.0868265938642476,0.992432509138967));
#3135=DIRECTION('center_axis',(0.,0.996194698091746,-0.0871557427476582));
#3136=DIRECTION('ref_axis',(1.,0.,0.));
#3137=DIRECTION('',(1.,0.,0.));
#3138=DIRECTION('',(0.0868265938642476,0.0868265938642476,0.992432509138967));
#3139=DIRECTION('center_axis',(0.996194698091746,0.,-0.0871557427476582));
#3140=DIRECTION('ref_axis',(0.,-1.,0.));
#3141=DIRECTION('',(0.,-1.,0.));
#3142=DIRECTION('',(0.0871557427476582,1.4866496996621E-16,0.996194698091746));
#3143=DIRECTION('center_axis',(0.,0.,1.));
#3144=DIRECTION('ref_axis',(1.,0.,0.));
#3145=DIRECTION('center_axis',(0.,0.,-1.));
#3146=DIRECTION('ref_axis',(1.,0.,0.));
#3147=DIRECTION('',(0.,0.0871557427476582,0.996194698091746));
#3148=DIRECTION('center_axis',(-8.39387755113163E-15,0.996194698091746,
-0.0871557427476582));
#3149=DIRECTION('ref_axis',(1.,8.4259407997357E-15,0.));
#3150=DIRECTION('',(1.,8.4259407997357E-15,0.));
#3151=DIRECTION('',(0.0868265938642476,0.0868265938642483,0.992432509138967));
#3152=DIRECTION('center_axis',(0.996194698091746,0.,-0.0871557427476582));
#3153=DIRECTION('ref_axis',(0.,-1.,0.));
#3154=DIRECTION('',(0.,-1.,0.));
#3155=DIRECTION('',(0.0868265938642476,-0.0868265938642476,0.992432509138967));
#3156=DIRECTION('center_axis',(0.,-0.996194698091746,-0.0871557427476582));
#3157=DIRECTION('ref_axis',(-1.,0.,0.));
#3158=DIRECTION('',(-1.,0.,0.));
#3159=DIRECTION('',(0.,-0.0871557427476582,0.996194698091746));
#3160=DIRECTION('center_axis',(0.,0.,1.));
#3161=DIRECTION('ref_axis',(0.,-1.,0.));
#3162=DIRECTION('center_axis',(0.,0.,-1.));
#3163=DIRECTION('ref_axis',(0.,-1.,0.));
#3164=DIRECTION('',(0.0871557427476582,0.,0.996194698091746));
#3165=DIRECTION('center_axis',(0.996194698091746,-8.39387755113149E-15,
-0.0871557427476582));
#3166=DIRECTION('ref_axis',(-8.42594079973556E-15,-1.,0.));
#3167=DIRECTION('',(-8.42594079973556E-15,-1.,0.));
#3168=DIRECTION('',(0.0868265938642468,-0.0868265938642476,0.992432509138967));
#3169=DIRECTION('center_axis',(0.,-0.996194698091746,-0.0871557427476582));
#3170=DIRECTION('ref_axis',(-1.,0.,0.));
#3171=DIRECTION('',(-1.,0.,0.));
#3172=DIRECTION('center_axis',(0.,0.,-1.));
#3173=DIRECTION('ref_axis',(-9.99075837682943E-15,-1.,0.));
#3174=DIRECTION('center_axis',(0.,0.,1.));
#3175=DIRECTION('ref_axis',(-9.99075837682943E-15,-1.,0.));
#3176=DIRECTION('',(0.,0.,-1.));
#3177=DIRECTION('center_axis',(0.,0.,-1.));
#3178=DIRECTION('ref_axis',(-9.99075837682943E-15,-1.,0.));
#3179=DIRECTION('',(0.,0.,-1.));
#3180=DIRECTION('center_axis',(1.,4.36005664824222E-17,0.));
#3181=DIRECTION('ref_axis',(4.36005664824222E-17,-1.,0.));
#3182=DIRECTION('',(-4.36005664824222E-17,1.,0.));
#3183=DIRECTION('',(4.36005664824222E-17,-1.,0.));
#3184=DIRECTION('',(0.,0.,-1.));
#3185=DIRECTION('center_axis',(0.,0.,-1.));
#3186=DIRECTION('ref_axis',(1.,0.,0.));
#3187=DIRECTION('center_axis',(0.,0.,1.));
#3188=DIRECTION('ref_axis',(1.,0.,0.));
#3189=DIRECTION('center_axis',(0.,0.,-1.));
#3190=DIRECTION('ref_axis',(1.,0.,0.));
#3191=DIRECTION('',(0.,0.,-1.));
#3192=DIRECTION('center_axis',(0.,1.,0.));
#3193=DIRECTION('ref_axis',(1.,0.,0.));
#3194=DIRECTION('',(-1.,0.,0.));
#3195=DIRECTION('',(1.,0.,0.));
#3196=DIRECTION('',(0.,0.,-1.));
#3197=DIRECTION('center_axis',(0.,0.,-1.));
#3198=DIRECTION('ref_axis',(-1.,0.,0.));
#3199=DIRECTION('center_axis',(0.,0.,-1.));
#3200=DIRECTION('ref_axis',(-1.,0.,0.));
#3201=DIRECTION('center_axis',(0.,0.,1.));
#3202=DIRECTION('ref_axis',(-1.,0.,0.));
#3203=DIRECTION('',(0.,0.,-1.));
#3204=DIRECTION('center_axis',(1.,0.,0.));
#3205=DIRECTION('ref_axis',(0.,-1.,0.));
#3206=DIRECTION('',(0.,1.,0.));
#3207=DIRECTION('',(0.,-1.,0.));
#3208=DIRECTION('',(0.,0.,-1.));
#3209=DIRECTION('center_axis',(0.,0.,-1.));
#3210=DIRECTION('ref_axis',(1.,0.,0.));
#3211=DIRECTION('center_axis',(0.,0.,1.));
#3212=DIRECTION('ref_axis',(1.,0.,0.));
#3213=DIRECTION('center_axis',(0.,0.,-1.));
#3214=DIRECTION('ref_axis',(1.,0.,0.));
#3215=DIRECTION('',(0.,0.,-1.));
#3216=DIRECTION('center_axis',(0.,1.,0.));
#3217=DIRECTION('ref_axis',(1.,0.,0.));
#3218=DIRECTION('',(-1.,0.,0.));
#3219=DIRECTION('',(1.,0.,0.));
#3220=DIRECTION('',(0.,0.,-1.));
#3221=DIRECTION('center_axis',(0.,0.,-1.));
#3222=DIRECTION('ref_axis',(4.99537918841467E-15,1.,0.));
#3223=DIRECTION('center_axis',(0.,0.,1.));
#3224=DIRECTION('ref_axis',(4.99537918841467E-15,1.,0.));
#3225=DIRECTION('center_axis',(0.,0.,-1.));
#3226=DIRECTION('ref_axis',(4.99537918841467E-15,1.,0.));
#3227=DIRECTION('',(0.,0.,-1.));
#3228=DIRECTION('center_axis',(-1.,-3.0944826830887E-15,0.));
#3229=DIRECTION('ref_axis',(-3.0944826830887E-15,1.,0.));
#3230=DIRECTION('',(3.0944826830887E-15,-1.,0.));
#3231=DIRECTION('',(-3.0944826830887E-15,1.,0.));
#3232=DIRECTION('',(0.,0.,-1.));
#3233=DIRECTION('center_axis',(0.,0.,-1.));
#3234=DIRECTION('ref_axis',(0.,-1.,0.));
#3235=DIRECTION('center_axis',(0.,0.,-1.));
#3236=DIRECTION('ref_axis',(0.,-1.,0.));
#3237=DIRECTION('center_axis',(0.,0.,1.));
#3238=DIRECTION('ref_axis',(0.,-1.,0.));
#3239=DIRECTION('',(0.,0.,-1.));
#3240=DIRECTION('center_axis',(0.,1.,0.));
#3241=DIRECTION('ref_axis',(1.,0.,0.));
#3242=DIRECTION('',(-1.,0.,0.));
#3243=DIRECTION('',(1.,0.,0.));
#3244=DIRECTION('',(0.,0.,-1.));
#3245=DIRECTION('center_axis',(0.,0.,-1.));
#3246=DIRECTION('ref_axis',(4.99537918841467E-15,1.,0.));
#3247=DIRECTION('center_axis',(0.,0.,1.));
#3248=DIRECTION('ref_axis',(4.99537918841467E-15,1.,0.));
#3249=DIRECTION('center_axis',(0.,0.,-1.));
#3250=DIRECTION('ref_axis',(4.99537918841467E-15,1.,0.));
#3251=DIRECTION('',(0.,0.,-1.));
#3252=DIRECTION('center_axis',(-1.,-4.36005664824221E-17,0.));
#3253=DIRECTION('ref_axis',(-4.36005664824221E-17,1.,0.));
#3254=DIRECTION('',(4.36005664824221E-17,-1.,0.));
#3255=DIRECTION('',(-4.36005664824221E-17,1.,0.));
#3256=DIRECTION('',(0.,0.,-1.));
#3257=DIRECTION('center_axis',(0.,0.,-1.));
#3258=DIRECTION('ref_axis',(-1.,0.,0.));
#3259=DIRECTION('center_axis',(0.,0.,1.));
#3260=DIRECTION('ref_axis',(-1.,0.,0.));
#3261=DIRECTION('center_axis',(0.,0.,-1.));
#3262=DIRECTION('ref_axis',(-1.,0.,0.));
#3263=DIRECTION('',(0.,0.,-1.));
#3264=DIRECTION('center_axis',(0.,-1.,0.));
#3265=DIRECTION('ref_axis',(-1.,0.,0.));
#3266=DIRECTION('',(1.,0.,0.));
#3267=DIRECTION('',(-1.,0.,0.));
#3268=DIRECTION('',(0.,0.,-1.));
#3269=DIRECTION('center_axis',(0.,0.,-1.));
#3270=DIRECTION('ref_axis',(1.,0.,0.));
#3271=DIRECTION('center_axis',(0.,0.,-1.));
#3272=DIRECTION('ref_axis',(1.,0.,0.));
#3273=DIRECTION('center_axis',(0.,0.,1.));
#3274=DIRECTION('ref_axis',(1.,0.,0.));
#3275=DIRECTION('',(0.,0.,-1.));
#3276=DIRECTION('center_axis',(-1.,0.,0.));
#3277=DIRECTION('ref_axis',(0.,1.,0.));
#3278=DIRECTION('',(0.,-1.,0.));
#3279=DIRECTION('',(0.,1.,0.));
#3280=DIRECTION('',(0.,0.,-1.));
#3281=DIRECTION('center_axis',(0.,0.,-1.));
#3282=DIRECTION('ref_axis',(-1.,0.,0.));
#3283=DIRECTION('center_axis',(0.,0.,1.));
#3284=DIRECTION('ref_axis',(-1.,0.,0.));
#3285=DIRECTION('center_axis',(0.,0.,-1.));
#3286=DIRECTION('ref_axis',(-1.,0.,0.));
#3287=DIRECTION('',(0.,0.,-1.));
#3288=DIRECTION('center_axis',(0.,-1.,0.));
#3289=DIRECTION('ref_axis',(-1.,0.,0.));
#3290=DIRECTION('',(1.,0.,0.));
#3291=DIRECTION('',(-1.,0.,0.));
#3292=DIRECTION('',(0.,0.,-1.));
#3293=DIRECTION('center_axis',(0.,0.,-1.));
#3294=DIRECTION('ref_axis',(-4.99537918841467E-15,-1.,0.));
#3295=DIRECTION('center_axis',(0.,0.,1.));
#3296=DIRECTION('ref_axis',(-4.99537918841467E-15,-1.,0.));
#3297=DIRECTION('center_axis',(0.,0.,-1.));
#3298=DIRECTION('ref_axis',(-4.99537918841467E-15,-1.,0.));
#3299=DIRECTION('',(0.,0.,-1.));
#3300=DIRECTION('center_axis',(1.,3.0944826830887E-15,0.));
#3301=DIRECTION('ref_axis',(3.0944826830887E-15,-1.,0.));
#3302=DIRECTION('',(-3.0944826830887E-15,1.,0.));
#3303=DIRECTION('',(3.0944826830887E-15,-1.,0.));
#3304=DIRECTION('',(0.,0.,-1.));
#3305=DIRECTION('center_axis',(0.,0.,-1.));
#3306=DIRECTION('ref_axis',(0.,1.,0.));
#3307=DIRECTION('center_axis',(0.,0.,-1.));
#3308=DIRECTION('ref_axis',(0.,1.,0.));
#3309=DIRECTION('center_axis',(0.,0.,1.));
#3310=DIRECTION('ref_axis',(0.,1.,0.));
#3311=DIRECTION('',(0.,0.,-1.));
#3312=DIRECTION('center_axis',(0.,-1.,0.));
#3313=DIRECTION('ref_axis',(-1.,0.,0.));
#3314=DIRECTION('',(1.,0.,0.));
#3315=DIRECTION('',(-1.,0.,0.));
#3316=DIRECTION('center_axis',(0.,0.,1.));
#3317=DIRECTION('ref_axis',(1.,0.,0.));
#3318=DIRECTION('center_axis',(0.,0.,1.));
#3319=DIRECTION('ref_axis',(1.,0.,0.));
#3320=DIRECTION('center_axis',(0.,0.,1.));
#3321=DIRECTION('ref_axis',(2.79741234551221E-15,1.,0.));
#3322=DIRECTION('',(1.,0.,0.));
#3323=DIRECTION('center_axis',(0.,0.,1.));
#3324=DIRECTION('ref_axis',(1.,-2.79741234551221E-15,0.));
#3325=DIRECTION('',(0.,-1.,0.));
#3326=DIRECTION('center_axis',(0.,1.,0.));
#3327=DIRECTION('ref_axis',(-1.,0.,0.));
#3328=DIRECTION('',(0.,0.,1.));
#3329=DIRECTION('',(0.,0.,1.));
#3330=DIRECTION('center_axis',(0.,0.,1.));
#3331=DIRECTION('ref_axis',(1.,-2.79741234551221E-15,0.));
#3332=DIRECTION('',(0.,0.,1.));
#3333=DIRECTION('center_axis',(1.,0.,0.));
#3334=DIRECTION('ref_axis',(0.,1.,0.));
#3335=DIRECTION('center_axis',(0.,0.,1.));
#3336=DIRECTION('ref_axis',(2.79741234551221E-15,1.,0.));
#3337=DIRECTION('center_axis',(-1.,0.,0.));
#3338=DIRECTION('ref_axis',(0.,1.,0.));
#3339=DIRECTION('center_axis',(1.,0.,0.));
#3340=DIRECTION('ref_axis',(0.,0.697790459841681,-0.716301943424654));
#3341=DIRECTION('',(0.,1.,0.));
#3342=DIRECTION('',(0.,0.,-1.));
#3343=DIRECTION('',(0.,1.,0.));
#3344=DIRECTION('',(0.,0.,-1.));
#3345=DIRECTION('center_axis',(0.,0.,-1.));
#3346=DIRECTION('ref_axis',(-1.,-2.52474038403628E-15,0.));
#3347=DIRECTION('center_axis',(0.,0.,-1.));
#3348=DIRECTION('ref_axis',(-1.,-2.52474038403628E-15,0.));
#3349=DIRECTION('',(0.,0.,-1.));
#3350=DIRECTION('center_axis',(0.,0.,1.));
#3351=DIRECTION('ref_axis',(-1.,-2.52474038403628E-15,0.));
#3352=DIRECTION('center_axis',(9.45071738348728E-15,-1.,0.));
#3353=DIRECTION('ref_axis',(-1.,-9.45071738348728E-15,0.));
#3354=DIRECTION('',(-1.,-9.45071738348728E-15,0.));
#3355=DIRECTION('center_axis',(-9.45071738348728E-15,1.,0.));
#3356=DIRECTION('ref_axis',(0.697790459841679,0.,-0.716301943424655));
#3357=DIRECTION('',(0.,0.,-1.));
#3358=DIRECTION('',(1.,9.45071738348728E-15,0.));
#3359=DIRECTION('center_axis',(0.,0.,-1.));
#3360=DIRECTION('ref_axis',(1.,9.99075837682933E-15,0.));
#3361=DIRECTION('center_axis',(-0.999657324975557,-7.72842621647229E-17,
0.0261769483078731));
#3362=DIRECTION('ref_axis',(0.0261769483078731,2.61527565586712E-16,0.999657324975557));
#3363=DIRECTION('center_axis',(0.,0.,1.));
#3364=DIRECTION('ref_axis',(1.,9.99075837682933E-15,0.));
#3365=DIRECTION('center_axis',(0.,0.,-1.));
#3366=DIRECTION('ref_axis',(1.,0.,0.));
#3367=DIRECTION('center_axis',(-0.999657324975557,-7.72842621647229E-17,
0.0261769483078731));
#3368=DIRECTION('ref_axis',(0.0261769483078731,0.,0.999657324975557));
#3369=DIRECTION('center_axis',(0.,0.,1.));
#3370=DIRECTION('ref_axis',(1.,0.,0.));
#3371=DIRECTION('',(0.,0.,1.));
#3372=DIRECTION('center_axis',(0.,0.,-1.));
#3373=DIRECTION('ref_axis',(1.,0.,0.));
#3374=DIRECTION('center_axis',(0.,0.,1.));
#3375=DIRECTION('ref_axis',(1.,0.,0.));
#3376=DIRECTION('center_axis',(-1.48431727291313E-16,-0.999657324975557,
0.0261769483078732));
#3377=DIRECTION('ref_axis',(0.,-0.0261769483078732,-0.999657324975557));
#3378=DIRECTION('center_axis',(0.,0.,1.));
#3379=DIRECTION('ref_axis',(1.,0.,0.));
#3380=DIRECTION('center_axis',(0.,0.,-1.));
#3381=DIRECTION('ref_axis',(1.,9.99075837682923E-15,0.));
#3382=DIRECTION('center_axis',(0.,0.,1.));
#3383=DIRECTION('ref_axis',(1.,9.99075837682923E-15,0.));
#3384=DIRECTION('center_axis',(-1.48431727291313E-16,-0.999657324975557,
0.0261769483078732));
#3385=DIRECTION('ref_axis',(2.6152756558671E-16,-0.0261769483078732,-0.999657324975557));
#3386=DIRECTION('center_axis',(-1.,1.48482608572835E-16,0.));
#3387=DIRECTION('ref_axis',(0.,0.697790459841681,-0.716301943424654));
#3388=DIRECTION('',(1.,-1.48482608572835E-16,0.));
#3389=DIRECTION('center_axis',(-1.,2.3626793458718E-15,0.));
#3390=DIRECTION('ref_axis',(0.,0.697790459841681,-0.716301943424654));
#3391=DIRECTION('',(-1.,1.48482608572835E-16,0.));
#3392=DIRECTION('center_axis',(0.,0.,-1.));
#3393=DIRECTION('ref_axis',(-1.,0.,0.));
#3394=DIRECTION('',(-2.3626793458718E-15,-1.,0.));
#3395=DIRECTION('center_axis',(0.,0.,-1.));
#3396=DIRECTION('ref_axis',(0.,-1.,0.));
#3397=DIRECTION('',(-1.,0.,0.));
#3398=DIRECTION('',(0.,-1.,0.));
#3399=DIRECTION('',(1.,0.,0.));
#3400=DIRECTION('center_axis',(0.,0.,-1.));
#3401=DIRECTION('ref_axis',(1.,0.,0.));
#3402=DIRECTION('',(0.,-1.,0.));
#3403=DIRECTION('',(1.,-1.48482608572835E-16,0.));
#3404=DIRECTION('',(0.,1.,0.));
#3405=DIRECTION('center_axis',(0.,0.,-1.));
#3406=DIRECTION('ref_axis',(0.,1.,0.));
#3407=DIRECTION('',(1.,0.,0.));
#3408=DIRECTION('',(-7.73107546294552E-17,1.,0.));
#3409=DIRECTION('center_axis',(1.48431727291313E-16,0.999657324975557,-0.0261769483078732));
#3410=DIRECTION('ref_axis',(1.,-1.48482608572835E-16,0.));
#3411=DIRECTION('',(1.,-1.48482608572835E-16,0.));
#3412=DIRECTION('center_axis',(-1.48431727291313E-16,-0.999657324975557,
0.0261769483078732));
#3413=DIRECTION('ref_axis',(-1.30763782793355E-16,0.0261769483078732,0.999657324975557));
#3414=DIRECTION('center_axis',(1.48431727291313E-16,0.999657324975557,-0.0261769483078732));
#3415=DIRECTION('ref_axis',(1.,-1.48482608572835E-16,0.));
#3416=DIRECTION('',(1.,-1.48482608572835E-16,0.));
#3417=DIRECTION('center_axis',(-7.73107546294552E-17,1.,0.));
#3418=DIRECTION('ref_axis',(0.697790459841679,0.,-0.716301943424655));
#3419=DIRECTION('center_axis',(0.,-1.,0.));
#3420=DIRECTION('ref_axis',(0.697790459841679,0.,-0.716301943424655));
#3421=DIRECTION('',(7.73107546294552E-17,-1.,0.));
#3422=DIRECTION('center_axis',(0.999657324975557,7.72842621647229E-17,-0.0261769483078731));
#3423=DIRECTION('ref_axis',(7.73107546294552E-17,-1.,0.));
#3424=DIRECTION('center_axis',(-0.999657324975557,-7.72842621647229E-17,
0.0261769483078731));
#3425=DIRECTION('ref_axis',(-0.0261769483078731,-1.30763782793354E-16,-0.999657324975557));
#3426=DIRECTION('',(7.73107546294552E-17,-1.,0.));
#3427=DIRECTION('center_axis',(1.,0.,0.));
#3428=DIRECTION('ref_axis',(0.,-1.,0.));
#3429=DIRECTION('center_axis',(-1.,0.,0.));
#3430=DIRECTION('ref_axis',(0.,-0.697790459841681,-0.716301943424654));
#3431=DIRECTION('',(0.,0.,-1.));
#3432=DIRECTION('',(0.,-1.,0.));
#3433=DIRECTION('',(0.,0.,-1.));
#3434=DIRECTION('center_axis',(0.,0.,-1.));
#3435=DIRECTION('ref_axis',(1.,0.,0.));
#3436=DIRECTION('',(0.,0.,-1.));
#3437=DIRECTION('center_axis',(0.,0.,1.));
#3438=DIRECTION('ref_axis',(1.,0.,0.));
#3439=DIRECTION('center_axis',(0.,1.,0.));
#3440=DIRECTION('ref_axis',(1.,0.,0.));
#3441=DIRECTION('center_axis',(0.,-1.,0.));
#3442=DIRECTION('ref_axis',(-0.697790459841679,0.,-0.716301943424655));
#3443=DIRECTION('',(0.,0.,-1.));
#3444=DIRECTION('',(-1.,0.,0.));
#3445=DIRECTION('center_axis',(0.,0.,-1.));
#3446=DIRECTION('ref_axis',(-1.,9.99075837682903E-15,0.));
#3447=DIRECTION('center_axis',(0.999657324975557,0.,0.0261769483078731));
#3448=DIRECTION('ref_axis',(-0.0261769483078731,2.61527565586704E-16,0.999657324975557));
#3449=DIRECTION('center_axis',(0.,0.,1.));
#3450=DIRECTION('ref_axis',(-1.,9.99075837682903E-15,0.));
#3451=DIRECTION('center_axis',(0.,0.,-1.));
#3452=DIRECTION('ref_axis',(1.,0.,0.));
#3453=DIRECTION('center_axis',(1.48431727291313E-16,0.999657324975557,0.0261769483078732));
#3454=DIRECTION('ref_axis',(0.,-0.0261769483078732,0.999657324975557));
#3455=DIRECTION('center_axis',(0.,0.,1.));
#3456=DIRECTION('ref_axis',(1.,0.,0.));
#3457=DIRECTION('center_axis',(0.999657324975557,0.,0.0261769483078731));
#3458=DIRECTION('ref_axis',(0.0261769483078731,0.,-0.999657324975557));
#3459=DIRECTION('',(0.,0.,1.));
#3460=DIRECTION('center_axis',(0.,0.,-1.));
#3461=DIRECTION('ref_axis',(1.,0.,0.));
#3462=DIRECTION('center_axis',(0.999657324975557,0.,0.0261769483078731));
#3463=DIRECTION('ref_axis',(0.0261769483078731,0.,-0.999657324975557));
#3464=DIRECTION('center_axis',(0.,0.,1.));
#3465=DIRECTION('ref_axis',(1.,0.,0.));
#3466=DIRECTION('center_axis',(0.,0.,-1.));
#3467=DIRECTION('ref_axis',(-1.,-9.99075837682923E-15,0.));
#3468=DIRECTION('center_axis',(0.,0.,1.));
#3469=DIRECTION('ref_axis',(-1.,-9.99075837682923E-15,0.));
#3470=DIRECTION('center_axis',(1.48431727291313E-16,0.999657324975557,0.0261769483078732));
#3471=DIRECTION('ref_axis',(-2.6152756558671E-16,0.0261769483078732,-0.999657324975557));
#3472=DIRECTION('center_axis',(1.,-1.48482608572835E-16,0.));
#3473=DIRECTION('ref_axis',(0.,-0.697790459841681,-0.716301943424654));
#3474=DIRECTION('',(-1.,1.48482608572835E-16,0.));
#3475=DIRECTION('center_axis',(1.,0.,0.));
#3476=DIRECTION('ref_axis',(0.,-0.697790459841681,-0.716301943424654));
#3477=DIRECTION('center_axis',(0.,0.,-1.));
#3478=DIRECTION('ref_axis',(-1.,0.,0.));
#3479=DIRECTION('',(-1.,1.48482608572835E-16,0.));
#3480=DIRECTION('',(-7.73107546294552E-17,1.,0.));
#3481=DIRECTION('center_axis',(-1.48431727291313E-16,-0.999657324975557,
-0.0261769483078732));
#3482=DIRECTION('ref_axis',(-1.,1.48482608572835E-16,0.));
#3483=DIRECTION('',(-1.,1.48482608572835E-16,0.));
#3484=DIRECTION('center_axis',(1.48431727291313E-16,0.999657324975557,0.0261769483078732));
#3485=DIRECTION('ref_axis',(5.23055131173421E-16,-0.0261769483078732,0.999657324975557));
#3486=DIRECTION('center_axis',(0.,-1.,0.));
#3487=DIRECTION('ref_axis',(-0.697790459841679,0.,-0.716301943424655));
#3488=DIRECTION('center_axis',(0.,1.,0.));
#3489=DIRECTION('ref_axis',(-0.697790459841679,0.,-0.716301943424655));
#3490=DIRECTION('',(0.,1.,0.));
#3491=DIRECTION('center_axis',(-0.999657324975557,0.,-0.0261769483078731));
#3492=DIRECTION('ref_axis',(0.,1.,0.));
#3493=DIRECTION('center_axis',(0.999657324975557,0.,0.0261769483078731));
#3494=DIRECTION('ref_axis',(0.0261769483078731,-1.30763782793356E-16,-0.999657324975557));
#3495=DIRECTION('',(0.,1.,0.));
#3496=DIRECTION('center_axis',(-0.999657324975557,0.,-0.0261769483078731));
#3497=DIRECTION('ref_axis',(0.,1.,0.));
#3498=DIRECTION('',(0.,1.,0.));
#3499=DIRECTION('center_axis',(0.,0.,-1.));
#3500=DIRECTION('ref_axis',(4.99537918841467E-15,1.,0.));
#3501=DIRECTION('',(0.,0.,-1.));
#3502=DIRECTION('center_axis',(0.,0.,1.));
#3503=DIRECTION('ref_axis',(4.99537918841467E-15,1.,0.));
#3504=DIRECTION('center_axis',(0.,-1.,0.));
#3505=DIRECTION('ref_axis',(-1.,0.,0.));
#3506=DIRECTION('',(0.,0.,-1.));
#3507=DIRECTION('',(-1.,0.,0.));
#3508=DIRECTION('center_axis',(0.,0.,-1.));
#3509=DIRECTION('ref_axis',(1.,0.,0.));
#3510=DIRECTION('center_axis',(0.,0.,1.));
#3511=DIRECTION('ref_axis',(1.,0.,0.));
#3512=DIRECTION('center_axis',(-1.48431727291313E-16,-0.999657324975557,
0.0261769483078732));
#3513=DIRECTION('ref_axis',(0.,-0.0261769483078732,-0.999657324975557));
#3514=DIRECTION('center_axis',(0.,0.,1.));
#3515=DIRECTION('ref_axis',(1.,0.,0.));
#3516=DIRECTION('center_axis',(0.999657324975557,0.,0.0261769483078731));
#3517=DIRECTION('ref_axis',(0.0261769483078731,0.,-0.999657324975557));
#3518=DIRECTION('',(0.,0.,1.));
#3519=DIRECTION('center_axis',(0.,0.,-1.));
#3520=DIRECTION('ref_axis',(1.,0.,0.));
#3521=DIRECTION('center_axis',(0.999657324975557,0.,0.0261769483078731));
#3522=DIRECTION('ref_axis',(0.0261769483078731,0.,-0.999657324975557));
#3523=DIRECTION('center_axis',(0.,0.,-1.));
#3524=DIRECTION('ref_axis',(0.,-1.,0.));
#3525=DIRECTION('',(0.,0.,-1.));
#3526=DIRECTION('center_axis',(0.,0.,1.));
#3527=DIRECTION('ref_axis',(0.,-1.,0.));
#3528=DIRECTION('center_axis',(1.,-2.3626793458718E-15,0.));
#3529=DIRECTION('ref_axis',(-2.3626793458718E-15,-1.,0.));
#3530=DIRECTION('',(0.,0.,-1.));
#3531=DIRECTION('',(2.3626793458718E-15,1.,0.));
#3532=DIRECTION('center_axis',(0.,0.,-1.));
#3533=DIRECTION('ref_axis',(-4.99537918841462E-15,1.,0.));
#3534=DIRECTION('center_axis',(0.,0.,1.));
#3535=DIRECTION('ref_axis',(-4.99537918841462E-15,1.,0.));
#3536=DIRECTION('center_axis',(1.48431727291313E-16,0.999657324975557,-0.0261769483078732));
#3537=DIRECTION('ref_axis',(1.,-1.48482608572835E-16,0.));
#3538=DIRECTION('',(1.,-1.48482608572835E-16,0.));
#3539=DIRECTION('center_axis',(-1.,1.48482608572835E-16,0.));
#3540=DIRECTION('ref_axis',(0.,0.697790459841681,-0.716301943424654));
#3541=DIRECTION('center_axis',(-1.,1.48482608572835E-16,0.));
#3542=DIRECTION('ref_axis',(0.,0.697790459841681,-0.716301943424654));
#3543=DIRECTION('',(-1.,1.48482608572835E-16,0.));
#3544=DIRECTION('center_axis',(0.,-1.,0.));
#3545=DIRECTION('ref_axis',(-0.697790459841679,0.,-0.716301943424655));
#3546=DIRECTION('',(0.,-1.,0.));
#3547=DIRECTION('center_axis',(0.,0.,-1.));
#3548=DIRECTION('ref_axis',(-1.,0.,0.));
#3549=DIRECTION('',(1.,-1.48482608572835E-16,0.));
#3550=DIRECTION('center_axis',(0.,0.,-1.));
#3551=DIRECTION('ref_axis',(-1.,0.,0.));
#3552=DIRECTION('',(0.,-1.,0.));
#3553=DIRECTION('center_axis',(0.,0.,-1.));
#3554=DIRECTION('ref_axis',(4.99537918841462E-15,-1.,0.));
#3555=DIRECTION('',(0.,0.,-1.));
#3556=DIRECTION('center_axis',(0.,0.,1.));
#3557=DIRECTION('ref_axis',(4.99537918841462E-15,-1.,0.));
#3558=DIRECTION('center_axis',(0.,1.,0.));
#3559=DIRECTION('ref_axis',(1.,0.,0.));
#3560=DIRECTION('',(0.,0.,-1.));
#3561=DIRECTION('',(1.,0.,0.));
#3562=DIRECTION('center_axis',(0.,0.,-1.));
#3563=DIRECTION('ref_axis',(0.,1.,0.));
#3564=DIRECTION('',(0.,0.,-1.));
#3565=DIRECTION('center_axis',(0.,0.,1.));
#3566=DIRECTION('ref_axis',(0.,1.,0.));
#3567=DIRECTION('center_axis',(-1.,0.,0.));
#3568=DIRECTION('ref_axis',(0.,1.,0.));
#3569=DIRECTION('',(0.,0.,-1.));
#3570=DIRECTION('',(0.,-1.,0.));
#3571=DIRECTION('center_axis',(0.,0.,-1.));
#3572=DIRECTION('ref_axis',(1.,0.,0.));
#3573=DIRECTION('center_axis',(0.,0.,1.));
#3574=DIRECTION('ref_axis',(1.,0.,0.));
#3575=DIRECTION('',(0.,0.,1.));
#3576=DIRECTION('center_axis',(0.,0.,-1.));
#3577=DIRECTION('ref_axis',(1.,0.,0.));
#3578=DIRECTION('center_axis',(0.,0.,1.));
#3579=DIRECTION('ref_axis',(1.,0.,0.));
#3580=DIRECTION('center_axis',(-0.999657324975557,-7.72842621647229E-17,
0.0261769483078731));
#3581=DIRECTION('ref_axis',(0.0261769483078731,0.,0.999657324975557));
#3582=DIRECTION('center_axis',(0.,0.,1.));
#3583=DIRECTION('ref_axis',(1.,0.,0.));
#3584=DIRECTION('center_axis',(1.48431727291313E-16,0.999657324975557,0.0261769483078732));
#3585=DIRECTION('ref_axis',(0.,-0.0261769483078732,0.999657324975557));
#3586=DIRECTION('center_axis',(0.,0.,-1.));
#3587=DIRECTION('ref_axis',(1.99815167536585E-14,-1.,0.));
#3588=DIRECTION('center_axis',(0.,0.,1.));
#3589=DIRECTION('ref_axis',(1.99815167536585E-14,-1.,0.));
#3590=DIRECTION('center_axis',(0.999657324975557,7.72842621647229E-17,-0.0261769483078731));
#3591=DIRECTION('ref_axis',(7.73107546294552E-17,-1.,0.));
#3592=DIRECTION('',(7.73107546294552E-17,-1.,0.));
#3593=DIRECTION('center_axis',(0.999657324975557,7.72842621647229E-17,-0.0261769483078731));
#3594=DIRECTION('ref_axis',(7.73107546294552E-17,-1.,0.));
#3595=DIRECTION('',(7.73107546294552E-17,-1.,0.));
#3596=DIRECTION('center_axis',(-7.73107546294552E-17,1.,0.));
#3597=DIRECTION('ref_axis',(0.697790459841679,0.,-0.716301943424655));
#3598=DIRECTION('center_axis',(-7.73107546294552E-17,1.,0.));
#3599=DIRECTION('ref_axis',(0.697790459841679,0.,-0.716301943424655));
#3600=DIRECTION('',(-7.73107546294552E-17,1.,0.));
#3601=DIRECTION('center_axis',(-1.48431727291313E-16,-0.999657324975557,
-0.0261769483078732));
#3602=DIRECTION('ref_axis',(-1.,1.48482608572835E-16,0.));
#3603=DIRECTION('',(-1.,1.48482608572835E-16,0.));
#3604=DIRECTION('center_axis',(1.,-1.48482608572835E-16,0.));
#3605=DIRECTION('ref_axis',(0.,-0.697790459841681,-0.716301943424654));
#3606=DIRECTION('center_axis',(1.,-1.48482608572835E-16,0.));
#3607=DIRECTION('ref_axis',(0.,-0.697790459841681,-0.716301943424654));
#3608=DIRECTION('',(1.,-1.48482608572835E-16,0.));
#3609=DIRECTION('',(-1.,1.48482608572835E-16,0.));
#3610=DIRECTION('center_axis',(0.,-1.,0.));
#3611=DIRECTION('ref_axis',(-0.697790459841679,0.,-0.716301943424655));
#3612=DIRECTION('',(0.,1.,0.));
#3613=DIRECTION('center_axis',(0.,0.,-1.));
#3614=DIRECTION('ref_axis',(-1.,0.,0.));
#3615=DIRECTION('center_axis',(-1.48431727291313E-16,-0.999657324975557,
-0.0261769483078732));
#3616=DIRECTION('ref_axis',(-1.,1.48482608572835E-16,0.));
#3617=DIRECTION('center_axis',(-0.999657324975557,0.,-0.0261769483078731));
#3618=DIRECTION('ref_axis',(0.,1.,0.));
#3619=DIRECTION('center_axis',(-7.73107546294552E-17,1.,0.));
#3620=DIRECTION('ref_axis',(0.697790459841679,0.,-0.716301943424655));
#3621=DIRECTION('',(7.73107546294552E-17,-1.,0.));
#3622=DIRECTION('',(-7.73107546294552E-17,1.,0.));
#3623=DIRECTION('center_axis',(1.,-1.48482608572835E-16,0.));
#3624=DIRECTION('ref_axis',(0.,-0.697790459841681,-0.716301943424654));
#3625=DIRECTION('',(-1.,1.48482608572835E-16,0.));
#3626=DIRECTION('',(1.,-1.48482608572835E-16,0.));
#3627=DIRECTION('center_axis',(0.,-1.,0.));
#3628=DIRECTION('ref_axis',(-0.697790459841679,0.,-0.716301943424655));
#3629=DIRECTION('',(0.,1.,0.));
#3630=DIRECTION('',(0.,-1.,0.));
#3631=DIRECTION('center_axis',(-1.,1.48482608572835E-16,0.));
#3632=DIRECTION('ref_axis',(0.,0.697790459841681,-0.716301943424654));
#3633=DIRECTION('',(-1.,1.48482608572835E-16,0.));
#3634=DIRECTION('',(1.,-1.48482608572835E-16,0.));
#3635=DIRECTION('center_axis',(0.,0.,1.));
#3636=DIRECTION('ref_axis',(1.,2.79741234551221E-15,0.));
#3637=DIRECTION('',(-0.0261769483078731,0.,-0.999657324975557));
#3638=DIRECTION('center_axis',(0.,0.,-1.));
#3639=DIRECTION('ref_axis',(1.,2.79741234551221E-15,0.));
#3640=DIRECTION('',(0.,0.0261769483078732,-0.999657324975557));
#3641=DIRECTION('center_axis',(0.999657324975557,7.72842621647229E-17,-0.0261769483078731));
#3642=DIRECTION('ref_axis',(7.73107546294552E-17,-1.,0.));
#3643=DIRECTION('',(-0.0261769483078731,0.,-0.999657324975557));
#3644=DIRECTION('',(7.73107546294552E-17,-1.,0.));
#3645=DIRECTION('center_axis',(0.,0.,1.));
#3646=DIRECTION('ref_axis',(4.19611851826831E-15,1.,0.));
#3647=DIRECTION('',(0.,-0.0261769483078732,-0.999657324975557));
#3648=DIRECTION('center_axis',(0.,0.,-1.));
#3649=DIRECTION('ref_axis',(4.19611851826831E-15,1.,0.));
#3650=DIRECTION('center_axis',(1.48431727291313E-16,0.999657324975557,-0.0261769483078732));
#3651=DIRECTION('ref_axis',(1.,-1.48482608572835E-16,0.));
#3652=DIRECTION('',(-1.27389474406356E-16,-0.0261769483078732,-0.999657324975557));
#3653=DIRECTION('',(1.,-1.48482608572835E-16,0.));
#3654=DIRECTION('center_axis',(0.,0.,-1.));
#3655=DIRECTION('ref_axis',(-1.,0.,0.));
#3656=DIRECTION('center_axis',(-1.48431727291313E-16,-0.999657324975557,
-0.0261769483078732));
#3657=DIRECTION('ref_axis',(-1.,1.48482608572835E-16,0.));
#3658=DIRECTION('',(-1.,1.48482608572835E-16,0.));
#3659=DIRECTION('',(0.,0.0261769483078732,-0.999657324975557));
#3660=DIRECTION('center_axis',(0.,0.,1.));
#3661=DIRECTION('ref_axis',(-1.,-1.67844740730733E-14,0.));
#3662=DIRECTION('',(0.0261769483078731,0.,-0.999657324975557));
#3663=DIRECTION('center_axis',(0.,0.,-1.));
#3664=DIRECTION('ref_axis',(-1.,-1.67844740730733E-14,0.));
#3665=DIRECTION('center_axis',(-0.999657324975557,0.,-0.0261769483078731));
#3666=DIRECTION('ref_axis',(0.,1.,0.));
#3667=DIRECTION('',(0.0261769483078731,0.,-0.999657324975557));
#3668=DIRECTION('',(0.,1.,0.));
#3669=DIRECTION('center_axis',(0.,0.,1.));
#3670=DIRECTION('ref_axis',(-4.19611851826831E-15,-1.,0.));
#3671=DIRECTION('center_axis',(0.,0.,-1.));
#3672=DIRECTION('ref_axis',(-4.19611851826831E-15,-1.,0.));
#3673=DIRECTION('center_axis',(0.,0.,-1.));
#3674=DIRECTION('ref_axis',(-1.,0.,0.));
#3675=DIRECTION('',(0.,0.,1.));
#3676=DIRECTION('',(1.,0.,0.));
#3677=CARTESIAN_POINT('',(0.,0.,0.));
#3678=CARTESIAN_POINT('',(0.,0.,0.));
#3679=CARTESIAN_POINT('Origin',(-0.58875,-2.3165,0.094));
#3680=CARTESIAN_POINT('',(-1.01556415767648,-2.3165,0.164));
#3681=CARTESIAN_POINT('',(-1.01556415767648,-2.3865,0.094));
#3682=CARTESIAN_POINT('Origin',(-1.01556415767648,-2.3165,0.094));
#3683=CARTESIAN_POINT('',(1.01556415767648,-2.3865,0.094));
#3684=CARTESIAN_POINT('',(-0.58875,-2.3865,0.094));
#3685=CARTESIAN_POINT('',(1.01556415767648,-2.3165,0.164));
#3686=CARTESIAN_POINT('Origin',(1.01556415767648,-2.3165,0.094));
#3687=CARTESIAN_POINT('',(-0.58875,-2.3165,0.164));
#3688=CARTESIAN_POINT('Origin',(-0.58875,-2.3165,0.094));
#3689=CARTESIAN_POINT('',(-1.1775,-2.33242083568175,0.162165438392156));
#3690=CARTESIAN_POINT('Ctrl Pts',(-1.01556415767648,-2.3165,0.164));
#3691=CARTESIAN_POINT('Ctrl Pts',(-1.02787611732113,-2.32617080032379,0.164));
#3692=CARTESIAN_POINT('Ctrl Pts',(-1.04294330113003,-2.33273742608411,0.162246285702291));
#3693=CARTESIAN_POINT('Ctrl Pts',(-1.07602709582851,-2.34186607172213,0.15942968932475));
#3694=CARTESIAN_POINT('Ctrl Pts',(-1.094205599695,-2.34391023850951,0.158410238509509));
#3695=CARTESIAN_POINT('Ctrl Pts',(-1.111,-2.34391023850951,0.158410238509509));
#3696=CARTESIAN_POINT('Ctrl Pts',(-1.127794400305,-2.34391023850951,0.158410238509509));
#3697=CARTESIAN_POINT('Ctrl Pts',(-1.14597290417149,-2.34186607172213,0.15942968932475));
#3698=CARTESIAN_POINT('Ctrl Pts',(-1.16800742374558,-2.33578619718448,0.161305603154432));
#3699=CARTESIAN_POINT('Ctrl Pts',(-1.17282219047413,-2.33421814665971,0.161745655384461));
#3700=CARTESIAN_POINT('Ctrl Pts',(-1.1775,-2.33242083568175,0.162165438392156));
#3701=CARTESIAN_POINT('',(-1.1775,-2.3865,0.094));
#3702=CARTESIAN_POINT('Origin',(-1.1775,-2.3165,0.094));
#3703=CARTESIAN_POINT('',(-0.58875,-2.3865,0.094));
#3704=CARTESIAN_POINT('Origin',(-0.58875,-2.3165,0.094));
#3705=CARTESIAN_POINT('',(1.1775,-2.33242083568175,0.162165438392156));
#3706=CARTESIAN_POINT('Ctrl Pts',(1.1775,-2.33242083568175,0.162165438392156));
#3707=CARTESIAN_POINT('Ctrl Pts',(1.17282219047413,-2.3342181466597,0.161745655384461));
#3708=CARTESIAN_POINT('Ctrl Pts',(1.16800742374558,-2.33578619718449,0.161305603154432));
#3709=CARTESIAN_POINT('Ctrl Pts',(1.14597290417149,-2.34186607172213,0.15942968932475));
#3710=CARTESIAN_POINT('Ctrl Pts',(1.127794400305,-2.34391023850951,0.158410238509509));
#3711=CARTESIAN_POINT('Ctrl Pts',(1.111,-2.34391023850951,0.158410238509509));
#3712=CARTESIAN_POINT('Ctrl Pts',(1.094205599695,-2.34391023850951,0.158410238509509));
#3713=CARTESIAN_POINT('Ctrl Pts',(1.07602709582851,-2.34186607172213,0.15942968932475));
#3714=CARTESIAN_POINT('Ctrl Pts',(1.04294330113003,-2.33273742608411,0.162246285702291));
#3715=CARTESIAN_POINT('Ctrl Pts',(1.02787611732113,-2.32617080032379,0.164));
#3716=CARTESIAN_POINT('Ctrl Pts',(1.01556415767648,-2.3165,0.164));
#3717=CARTESIAN_POINT('',(1.1775,-2.3865,0.094));
#3718=CARTESIAN_POINT('',(-0.58875,-2.3865,0.094));
#3719=CARTESIAN_POINT('Origin',(1.1775,-2.3165,0.094));
#3720=CARTESIAN_POINT('Origin',(1.2325,-1.13075,0.094));
#3721=CARTESIAN_POINT('',(1.2325,-2.09956415767648,0.164));
#3722=CARTESIAN_POINT('',(1.3025,-2.09956415767648,0.094));
#3723=CARTESIAN_POINT('Origin',(1.2325,-2.09956415767648,0.094));
#3724=CARTESIAN_POINT('',(1.3025,2.09956415767648,0.094));
#3725=CARTESIAN_POINT('',(1.3025,-1.13075,0.094));
#3726=CARTESIAN_POINT('',(1.2325,2.09956415767648,0.164));
#3727=CARTESIAN_POINT('Origin',(1.2325,2.09956415767648,0.094));
#3728=CARTESIAN_POINT('',(1.2325,-1.13075,0.164));
#3729=CARTESIAN_POINT('Origin',(1.2325,-1.13075,0.094));
#3730=CARTESIAN_POINT('',(1.24842083568175,-2.2615,0.162165438392156));
#3731=CARTESIAN_POINT('Ctrl Pts',(1.2325,-2.09956415767648,0.164));
#3732=CARTESIAN_POINT('Ctrl Pts',(1.24217080032379,-2.11187611732113,0.164));
#3733=CARTESIAN_POINT('Ctrl Pts',(1.24873742608411,-2.12694330113003,0.162246285702291));
#3734=CARTESIAN_POINT('Ctrl Pts',(1.25786607172213,-2.16002709582851,0.15942968932475));
#3735=CARTESIAN_POINT('Ctrl Pts',(1.25991023850951,-2.178205599695,0.158410238509509));
#3736=CARTESIAN_POINT('Ctrl Pts',(1.25991023850951,-2.195,0.158410238509509));
#3737=CARTESIAN_POINT('Ctrl Pts',(1.25991023850951,-2.211794400305,0.158410238509509));
#3738=CARTESIAN_POINT('Ctrl Pts',(1.25786607172213,-2.22997290417149,0.15942968932475));
#3739=CARTESIAN_POINT('Ctrl Pts',(1.25178619718449,-2.25200742374558,0.161305603154432));
#3740=CARTESIAN_POINT('Ctrl Pts',(1.25021814665971,-2.25682219047413,0.161745655384461));
#3741=CARTESIAN_POINT('Ctrl Pts',(1.24842083568175,-2.2615,0.162165438392156));
#3742=CARTESIAN_POINT('',(1.3025,-2.2615,0.094));
#3743=CARTESIAN_POINT('Origin',(1.2325,-2.2615,0.094));
#3744=CARTESIAN_POINT('',(1.3025,-1.13075,0.094));
#3745=CARTESIAN_POINT('Ctrl Pts',(1.1775,-2.3865,0.094));
#3746=CARTESIAN_POINT('Ctrl Pts',(1.3025,-2.3865,0.094));
#3747=CARTESIAN_POINT('Ctrl Pts',(1.3025,-2.2615,0.094));
#3748=CARTESIAN_POINT('Ctrl Pts',(1.1775,-2.3865,0.158947487996288));
#3749=CARTESIAN_POINT('Ctrl Pts',(1.3025,-2.3865,0.158947487996288));
#3750=CARTESIAN_POINT('Ctrl Pts',(1.3025,-2.2615,0.158947487996288));
#3751=CARTESIAN_POINT('Ctrl Pts',(1.1775,-2.32173434348895,0.163804023152249));
#3752=CARTESIAN_POINT('Ctrl Pts',(1.23773434348895,-2.32173434348895,0.163804023152249));
#3753=CARTESIAN_POINT('Ctrl Pts',(1.23773434348895,-2.2615,0.163804023152249));
#3754=CARTESIAN_POINT('Ctrl Pts',(1.24842083568175,-2.2615,0.162165438392156));
#3755=CARTESIAN_POINT('Ctrl Pts',(1.24485194592375,-2.2707886466012,0.16299899435165));
#3756=CARTESIAN_POINT('Ctrl Pts',(1.24000893088498,-2.27951723103852,0.163404725873719));
#3757=CARTESIAN_POINT('Ctrl Pts',(1.23001922828742,-2.2933791594863,0.163752155158552));
#3758=CARTESIAN_POINT('Ctrl Pts',(1.22535387442167,-2.29883649939693,0.163800497011293));
#3759=CARTESIAN_POINT('Ctrl Pts',(1.21539522897529,-2.30884580213568,0.163804027058488));
#3760=CARTESIAN_POINT('Ctrl Pts',(1.21000077362986,-2.31350993326364,0.163759984891573));
#3761=CARTESIAN_POINT('Ctrl Pts',(1.1960177290333,-2.32372907690774,0.163427480758851));
#3762=CARTESIAN_POINT('Ctrl Pts',(1.18705653481052,-2.32874901774405,0.163023034432293));
#3763=CARTESIAN_POINT('Ctrl Pts',(1.1775,-2.33242083568175,0.162165438392156));
#3764=CARTESIAN_POINT('Origin',(1.1775,-2.2615,0.094));
#3765=CARTESIAN_POINT('Origin',(1.2325,-1.13075,0.094));
#3766=CARTESIAN_POINT('',(1.24842083568175,2.2615,0.162165438392156));
#3767=CARTESIAN_POINT('Ctrl Pts',(1.24842083568175,2.2615,0.162165438392156));
#3768=CARTESIAN_POINT('Ctrl Pts',(1.25021814665971,2.25682219047413,0.161745655384461));
#3769=CARTESIAN_POINT('Ctrl Pts',(1.25178619718449,2.25200742374558,0.161305603154432));
#3770=CARTESIAN_POINT('Ctrl Pts',(1.25786607172213,2.22997290417149,0.15942968932475));
#3771=CARTESIAN_POINT('Ctrl Pts',(1.25991023850951,2.211794400305,0.158410238509509));
#3772=CARTESIAN_POINT('Ctrl Pts',(1.25991023850951,2.195,0.158410238509509));
#3773=CARTESIAN_POINT('Ctrl Pts',(1.25991023850951,2.178205599695,0.158410238509509));
#3774=CARTESIAN_POINT('Ctrl Pts',(1.25786607172213,2.16002709582851,0.15942968932475));
#3775=CARTESIAN_POINT('Ctrl Pts',(1.24873742608411,2.12694330113003,0.162246285702291));
#3776=CARTESIAN_POINT('Ctrl Pts',(1.24217080032379,2.11187611732113,0.164));
#3777=CARTESIAN_POINT('Ctrl Pts',(1.2325,2.09956415767648,0.164));
#3778=CARTESIAN_POINT('',(1.3025,2.2615,0.094));
#3779=CARTESIAN_POINT('',(1.3025,-1.13075,0.094));
#3780=CARTESIAN_POINT('Origin',(1.2325,2.2615,0.094));
#3781=CARTESIAN_POINT('Origin',(0.58875,2.3165,0.094));
#3782=CARTESIAN_POINT('',(1.01556415767648,2.3165,0.164));
#3783=CARTESIAN_POINT('',(1.01556415767648,2.3865,0.094));
#3784=CARTESIAN_POINT('Origin',(1.01556415767648,2.3165,0.094));
#3785=CARTESIAN_POINT('',(-1.01556415767648,2.3865,0.094));
#3786=CARTESIAN_POINT('',(0.58875,2.3865,0.094));
#3787=CARTESIAN_POINT('',(-1.01556415767648,2.3165,0.164));
#3788=CARTESIAN_POINT('Origin',(-1.01556415767648,2.3165,0.094));
#3789=CARTESIAN_POINT('',(0.58875,2.3165,0.164));
#3790=CARTESIAN_POINT('Origin',(0.58875,2.3165,0.094));
#3791=CARTESIAN_POINT('',(1.1775,2.33242083568175,0.162165438392156));
#3792=CARTESIAN_POINT('Ctrl Pts',(1.01556415767648,2.3165,0.164));
#3793=CARTESIAN_POINT('Ctrl Pts',(1.02787611732113,2.32617080032379,0.164));
#3794=CARTESIAN_POINT('Ctrl Pts',(1.04294330113003,2.33273742608411,0.162246285702291));
#3795=CARTESIAN_POINT('Ctrl Pts',(1.07602709582851,2.34186607172213,0.15942968932475));
#3796=CARTESIAN_POINT('Ctrl Pts',(1.094205599695,2.34391023850951,0.158410238509509));
#3797=CARTESIAN_POINT('Ctrl Pts',(1.111,2.34391023850951,0.158410238509509));
#3798=CARTESIAN_POINT('Ctrl Pts',(1.127794400305,2.34391023850951,0.158410238509509));
#3799=CARTESIAN_POINT('Ctrl Pts',(1.14597290417149,2.34186607172213,0.15942968932475));
#3800=CARTESIAN_POINT('Ctrl Pts',(1.16800742374558,2.33578619718448,0.161305603154432));
#3801=CARTESIAN_POINT('Ctrl Pts',(1.17282219047413,2.3342181466597,0.161745655384461));
#3802=CARTESIAN_POINT('Ctrl Pts',(1.1775,2.33242083568175,0.162165438392156));
#3803=CARTESIAN_POINT('',(1.1775,2.3865,0.094));
#3804=CARTESIAN_POINT('Origin',(1.1775,2.3165,0.094));
#3805=CARTESIAN_POINT('',(0.58875,2.3865,0.094));
#3806=CARTESIAN_POINT('Ctrl Pts',(1.3025,2.2615,0.094));
#3807=CARTESIAN_POINT('Ctrl Pts',(1.3025,2.3865,0.094));
#3808=CARTESIAN_POINT('Ctrl Pts',(1.1775,2.3865,0.094));
#3809=CARTESIAN_POINT('Ctrl Pts',(1.3025,2.2615,0.158947487996288));
#3810=CARTESIAN_POINT('Ctrl Pts',(1.3025,2.3865,0.158947487996288));
#3811=CARTESIAN_POINT('Ctrl Pts',(1.1775,2.3865,0.158947487996288));
#3812=CARTESIAN_POINT('Ctrl Pts',(1.23773434348895,2.2615,0.163804023152249));
#3813=CARTESIAN_POINT('Ctrl Pts',(1.23773434348895,2.32173434348895,0.163804023152249));
#3814=CARTESIAN_POINT('Ctrl Pts',(1.1775,2.32173434348895,0.163804023152249));
#3815=CARTESIAN_POINT('Ctrl Pts',(1.1775,2.33242083568174,0.162165438392156));
#3816=CARTESIAN_POINT('Ctrl Pts',(1.1867886466012,2.32885194592375,0.16299899435165));
#3817=CARTESIAN_POINT('Ctrl Pts',(1.19551723103852,2.32400893088498,0.163404725873719));
#3818=CARTESIAN_POINT('Ctrl Pts',(1.2093791594863,2.31401922828742,0.163752155158552));
#3819=CARTESIAN_POINT('Ctrl Pts',(1.21483649939694,2.30935387442166,0.163800497011293));
#3820=CARTESIAN_POINT('Ctrl Pts',(1.22484580213568,2.29939522897529,0.163804027058488));
#3821=CARTESIAN_POINT('Ctrl Pts',(1.22950993326364,2.29400077362986,0.163759984891573));
#3822=CARTESIAN_POINT('Ctrl Pts',(1.23972907690774,2.2800177290333,0.163427480758851));
#3823=CARTESIAN_POINT('Ctrl Pts',(1.24474901774405,2.27105653481052,0.163023034432293));
#3824=CARTESIAN_POINT('Ctrl Pts',(1.24842083568175,2.2615,0.162165438392156));
#3825=CARTESIAN_POINT('Origin',(1.1775,2.2615,0.094));
#3826=CARTESIAN_POINT('Origin',(0.58875,2.3165,0.094));
#3827=CARTESIAN_POINT('',(-1.1775,2.33242083568175,0.162165438392156));
#3828=CARTESIAN_POINT('Ctrl Pts',(-1.1775,2.33242083568174,0.162165438392156));
#3829=CARTESIAN_POINT('Ctrl Pts',(-1.17282219047413,2.3342181466597,0.161745655384461));
#3830=CARTESIAN_POINT('Ctrl Pts',(-1.16800742374558,2.33578619718448,0.161305603154432));
#3831=CARTESIAN_POINT('Ctrl Pts',(-1.14597290417149,2.34186607172213,0.15942968932475));
#3832=CARTESIAN_POINT('Ctrl Pts',(-1.127794400305,2.34391023850951,0.158410238509509));
#3833=CARTESIAN_POINT('Ctrl Pts',(-1.111,2.34391023850951,0.158410238509509));
#3834=CARTESIAN_POINT('Ctrl Pts',(-1.094205599695,2.34391023850951,0.158410238509509));
#3835=CARTESIAN_POINT('Ctrl Pts',(-1.07602709582851,2.34186607172213,0.15942968932475));
#3836=CARTESIAN_POINT('Ctrl Pts',(-1.04294330113003,2.33273742608411,0.162246285702291));
#3837=CARTESIAN_POINT('Ctrl Pts',(-1.02787611732113,2.32617080032379,0.164));
#3838=CARTESIAN_POINT('Ctrl Pts',(-1.01556415767648,2.3165,0.164));
#3839=CARTESIAN_POINT('',(-1.1775,2.3865,0.094));
#3840=CARTESIAN_POINT('',(0.58875,2.3865,0.094));
#3841=CARTESIAN_POINT('Origin',(-1.1775,2.3165,0.094));
#3842=CARTESIAN_POINT('Origin',(-1.2325,1.13075,0.094));
#3843=CARTESIAN_POINT('',(-1.2325,2.09956415767648,0.164));
#3844=CARTESIAN_POINT('',(-1.3025,2.09956415767648,0.094));
#3845=CARTESIAN_POINT('Origin',(-1.2325,2.09956415767648,0.094));
#3846=CARTESIAN_POINT('',(-1.3025,-2.09956415767648,0.094));
#3847=CARTESIAN_POINT('',(-1.3025,1.13075,0.094));
#3848=CARTESIAN_POINT('',(-1.2325,-2.09956415767648,0.164));
#3849=CARTESIAN_POINT('Origin',(-1.2325,-2.09956415767648,0.094));
#3850=CARTESIAN_POINT('',(-1.2325,1.13075,0.164));
#3851=CARTESIAN_POINT('Origin',(-1.2325,1.13075,0.094));
#3852=CARTESIAN_POINT('',(-1.25991023850951,2.195,0.158410238509509));
#3853=CARTESIAN_POINT('Ctrl Pts',(-1.2325,2.09956415767648,0.164));
#3854=CARTESIAN_POINT('Ctrl Pts',(-1.24217080032379,2.11187611732113,0.164));
#3855=CARTESIAN_POINT('Ctrl Pts',(-1.24873742608411,2.12694330113003,0.162246285702291));
#3856=CARTESIAN_POINT('Ctrl Pts',(-1.25786607172213,2.16002709582851,0.15942968932475));
#3857=CARTESIAN_POINT('Ctrl Pts',(-1.25991023850951,2.178205599695,0.158410238509509));
#3858=CARTESIAN_POINT('Ctrl Pts',(-1.25991023850951,2.195,0.158410238509509));
#3859=CARTESIAN_POINT('',(-1.24842083568175,2.2615,0.162165438392156));
#3860=CARTESIAN_POINT('Ctrl Pts',(-1.25991023850951,2.195,0.158410238509509));
#3861=CARTESIAN_POINT('Ctrl Pts',(-1.25991023850951,2.211794400305,0.158410238509509));
#3862=CARTESIAN_POINT('Ctrl Pts',(-1.25786607172213,2.22997290417149,0.15942968932475));
#3863=CARTESIAN_POINT('Ctrl Pts',(-1.25178619718449,2.25200742374558,0.161305603154432));
#3864=CARTESIAN_POINT('Ctrl Pts',(-1.25021814665971,2.25682219047413,0.161745655384461));
#3865=CARTESIAN_POINT('Ctrl Pts',(-1.24842083568175,2.2615,0.162165438392156));
#3866=CARTESIAN_POINT('',(-1.3025,2.2615,0.094));
#3867=CARTESIAN_POINT('Origin',(-1.2325,2.2615,0.094));
#3868=CARTESIAN_POINT('',(-1.3025,1.13075,0.094));
#3869=CARTESIAN_POINT('Ctrl Pts',(-1.1775,2.3865,0.094));
#3870=CARTESIAN_POINT('Ctrl Pts',(-1.3025,2.3865,0.094));
#3871=CARTESIAN_POINT('Ctrl Pts',(-1.3025,2.2615,0.094));
#3872=CARTESIAN_POINT('Ctrl Pts',(-1.1775,2.3865,0.158947487996288));
#3873=CARTESIAN_POINT('Ctrl Pts',(-1.3025,2.3865,0.158947487996288));
#3874=CARTESIAN_POINT('Ctrl Pts',(-1.3025,2.2615,0.158947487996288));
#3875=CARTESIAN_POINT('Ctrl Pts',(-1.1775,2.32173434348895,0.163804023152249));
#3876=CARTESIAN_POINT('Ctrl Pts',(-1.23773434348895,2.32173434348895,0.163804023152249));
#3877=CARTESIAN_POINT('Ctrl Pts',(-1.23773434348895,2.2615,0.163804023152249));
#3878=CARTESIAN_POINT('Ctrl Pts',(-1.24842083568175,2.2615,0.162165438392156));
#3879=CARTESIAN_POINT('Ctrl Pts',(-1.24485194592375,2.2707886466012,0.16299899435165));
#3880=CARTESIAN_POINT('Ctrl Pts',(-1.24000893088498,2.27951723103852,0.163404725873719));
#3881=CARTESIAN_POINT('Ctrl Pts',(-1.23001922828742,2.2933791594863,0.163752155158552));
#3882=CARTESIAN_POINT('Ctrl Pts',(-1.22535387442167,2.29883649939693,0.163800497011293));
#3883=CARTESIAN_POINT('Ctrl Pts',(-1.21539522897528,2.30884580213569,0.163804027058488));
#3884=CARTESIAN_POINT('Ctrl Pts',(-1.21000077362985,2.31350993326365,0.163759984891573));
#3885=CARTESIAN_POINT('Ctrl Pts',(-1.1960177290333,2.32372907690774,0.163427480758851));
#3886=CARTESIAN_POINT('Ctrl Pts',(-1.18705653481052,2.32874901774405,0.163023034432293));
#3887=CARTESIAN_POINT('Ctrl Pts',(-1.1775,2.33242083568175,0.162165438392156));
#3888=CARTESIAN_POINT('Origin',(-1.1775,2.2615,0.094));
#3889=CARTESIAN_POINT('Origin',(-1.2325,1.13075,0.094));
#3890=CARTESIAN_POINT('',(-1.24842083568175,-2.2615,0.162165438392156));
#3891=CARTESIAN_POINT('',(-1.25991023850951,-2.195,0.158410238509509));
#3892=CARTESIAN_POINT('Ctrl Pts',(-1.24842083568175,-2.2615,0.162165438392156));
#3893=CARTESIAN_POINT('Ctrl Pts',(-1.25021814665971,-2.25682219047413,0.161745655384461));
#3894=CARTESIAN_POINT('Ctrl Pts',(-1.25178619718449,-2.25200742374558,0.161305603154432));
#3895=CARTESIAN_POINT('Ctrl Pts',(-1.25786607172213,-2.22997290417149,0.15942968932475));
#3896=CARTESIAN_POINT('Ctrl Pts',(-1.25991023850951,-2.211794400305,0.158410238509509));
#3897=CARTESIAN_POINT('Ctrl Pts',(-1.25991023850951,-2.195,0.158410238509509));
#3898=CARTESIAN_POINT('Ctrl Pts',(-1.25991023850951,-2.195,0.158410238509509));
#3899=CARTESIAN_POINT('Ctrl Pts',(-1.25991023850951,-2.178205599695,0.158410238509509));
#3900=CARTESIAN_POINT('Ctrl Pts',(-1.25786607172213,-2.16002709582851,0.15942968932475));
#3901=CARTESIAN_POINT('Ctrl Pts',(-1.24873742608411,-2.12694330113003,0.162246285702291));
#3902=CARTESIAN_POINT('Ctrl Pts',(-1.24217080032379,-2.11187611732113,0.164));
#3903=CARTESIAN_POINT('Ctrl Pts',(-1.2325,-2.09956415767648,0.164));
#3904=CARTESIAN_POINT('',(-1.3025,-2.2615,0.094));
#3905=CARTESIAN_POINT('',(-1.3025,1.13075,0.094));
#3906=CARTESIAN_POINT('Origin',(-1.2325,-2.2615,0.094));
#3907=CARTESIAN_POINT('Ctrl Pts',(-1.3025,-2.2615,0.094));
#3908=CARTESIAN_POINT('Ctrl Pts',(-1.3025,-2.3865,0.094));
#3909=CARTESIAN_POINT('Ctrl Pts',(-1.1775,-2.3865,0.094));
#3910=CARTESIAN_POINT('Ctrl Pts',(-1.3025,-2.2615,0.158947487996288));
#3911=CARTESIAN_POINT('Ctrl Pts',(-1.3025,-2.3865,0.158947487996288));
#3912=CARTESIAN_POINT('Ctrl Pts',(-1.1775,-2.3865,0.158947487996288));
#3913=CARTESIAN_POINT('Ctrl Pts',(-1.23773434348895,-2.2615,0.163804023152249));
#3914=CARTESIAN_POINT('Ctrl Pts',(-1.23773434348895,-2.32173434348895,0.163804023152249));
#3915=CARTESIAN_POINT('Ctrl Pts',(-1.1775,-2.32173434348895,0.163804023152249));
#3916=CARTESIAN_POINT('Ctrl Pts',(-1.1775,-2.33242083568175,0.162165438392156));
#3917=CARTESIAN_POINT('Ctrl Pts',(-1.1867886466012,-2.32885194592375,0.16299899435165));
#3918=CARTESIAN_POINT('Ctrl Pts',(-1.19551723103852,-2.32400893088498,0.163404725873719));
#3919=CARTESIAN_POINT('Ctrl Pts',(-1.20937915948631,-2.31401922828742,0.163752155158552));
#3920=CARTESIAN_POINT('Ctrl Pts',(-1.21483649939694,-2.30935387442166,0.163800497011293));
#3921=CARTESIAN_POINT('Ctrl Pts',(-1.22484580213568,-2.29939522897529,0.163804027058488));
#3922=CARTESIAN_POINT('Ctrl Pts',(-1.22950993326364,-2.29400077362985,0.163759984891573));
#3923=CARTESIAN_POINT('Ctrl Pts',(-1.23972907690774,-2.2800177290333,0.163427480758851));
#3924=CARTESIAN_POINT('Ctrl Pts',(-1.24474901774405,-2.27105653481052,0.163023034432293));
#3925=CARTESIAN_POINT('Ctrl Pts',(-1.24842083568175,-2.2615,0.162165438392156));
#3926=CARTESIAN_POINT('Origin',(-1.1775,-2.2615,0.094));
#3927=CARTESIAN_POINT('Origin',(1.111,2.195,0.1265));
#3928=CARTESIAN_POINT('',(0.9565,2.195,0.164));
#3929=CARTESIAN_POINT('Origin',(1.111,2.195,0.164));
#3930=CARTESIAN_POINT('',(1.0315,2.195,0.089));
#3931=CARTESIAN_POINT('',(0.994,2.195,0.1265));
#3932=CARTESIAN_POINT('Origin',(1.111,2.195,0.089));
#3933=CARTESIAN_POINT('Origin',(1.111,2.195,0.164));
#3934=CARTESIAN_POINT('Origin',(-1.111,2.195,0.1265));
#3935=CARTESIAN_POINT('',(-1.1905,2.195,0.089));
#3936=CARTESIAN_POINT('',(-1.228,2.195,0.1265));
#3937=CARTESIAN_POINT('Origin',(-1.111,2.195,0.089));
#3938=CARTESIAN_POINT('Origin',(-1.111,2.195,0.164));
#3939=CARTESIAN_POINT('Origin',(1.1775,-2.2615,0.));
#3940=CARTESIAN_POINT('',(1.1775,-2.3865,0.));
#3941=CARTESIAN_POINT('',(1.1775,-2.3865,0.));
#3942=CARTESIAN_POINT('',(1.3025,-2.2615,0.));
#3943=CARTESIAN_POINT('Origin',(1.1775,-2.2615,0.));
#3944=CARTESIAN_POINT('',(1.3025,-2.2615,0.));
#3945=CARTESIAN_POINT('Origin',(-1.1775,-2.3865,0.));
#3946=CARTESIAN_POINT('',(-1.1775,-2.3865,0.));
#3947=CARTESIAN_POINT('',(-1.1775,-2.3865,0.));
#3948=CARTESIAN_POINT('',(1.1775,-2.3865,0.));
#3949=CARTESIAN_POINT('Origin',(-1.1775,-2.2615,0.));
#3950=CARTESIAN_POINT('',(-1.3025,-2.2615,0.));
#3951=CARTESIAN_POINT('',(-1.3025,-2.2615,0.));
#3952=CARTESIAN_POINT('Origin',(-1.1775,-2.2615,0.));
#3953=CARTESIAN_POINT('Origin',(-1.3025,2.2615,0.));
#3954=CARTESIAN_POINT('',(-1.3025,2.2615,0.));
#3955=CARTESIAN_POINT('',(-1.3025,2.2615,0.));
#3956=CARTESIAN_POINT('',(-1.3025,-2.2615,0.));
#3957=CARTESIAN_POINT('Origin',(1.111,-2.195,0.1265));
#3958=CARTESIAN_POINT('',(0.9565,-2.195,0.164));
#3959=CARTESIAN_POINT('Origin',(1.111,-2.195,0.164));
#3960=CARTESIAN_POINT('',(1.0315,-2.195,0.089));
#3961=CARTESIAN_POINT('',(0.994,-2.195,0.1265));
#3962=CARTESIAN_POINT('Origin',(1.111,-2.195,0.089));
#3963=CARTESIAN_POINT('Origin',(1.111,-2.195,0.164));
#3964=CARTESIAN_POINT('Origin',(1.74838271594513E-16,0.,0.164));
#3965=CARTESIAN_POINT('Origin',(-1.111,-2.195,0.164));
#3966=CARTESIAN_POINT('Origin',(1.111,-2.195,0.));
#3967=CARTESIAN_POINT('',(1.0315,-2.195,0.));
#3968=CARTESIAN_POINT('',(1.0315,-2.195,0.));
#3969=CARTESIAN_POINT('Origin',(1.111,-2.195,0.));
#3970=CARTESIAN_POINT('Origin',(-1.111,-2.195,0.1265));
#3971=CARTESIAN_POINT('',(-1.1905,-2.195,0.089));
#3972=CARTESIAN_POINT('',(-1.228,-2.195,0.1265));
#3973=CARTESIAN_POINT('Origin',(-1.111,-2.195,0.089));
#3974=CARTESIAN_POINT('Origin',(-1.111,-2.195,0.));
#3975=CARTESIAN_POINT('',(-1.1905,-2.195,0.));
#3976=CARTESIAN_POINT('',(-1.1905,-2.195,0.));
#3977=CARTESIAN_POINT('Origin',(-1.111,-2.195,0.));
#3978=CARTESIAN_POINT('Origin',(1.111,2.195,0.));
#3979=CARTESIAN_POINT('',(1.0315,2.195,0.));
#3980=CARTESIAN_POINT('',(1.0315,2.195,0.));
#3981=CARTESIAN_POINT('Origin',(1.111,2.195,0.));
#3982=CARTESIAN_POINT('Origin',(-1.111,2.195,0.));
#3983=CARTESIAN_POINT('',(-1.1905,2.195,0.));
#3984=CARTESIAN_POINT('',(-1.1905,2.195,0.));
#3985=CARTESIAN_POINT('Origin',(-1.111,2.195,0.));
#3986=CARTESIAN_POINT('Origin',(1.74838271594513E-16,0.,0.08));
#3987=CARTESIAN_POINT('',(0.892001813835853,2.195,0.08));
#3988=CARTESIAN_POINT('',(0.892001813835853,2.22250181383585,0.08));
#3989=CARTESIAN_POINT('',(0.892001813835853,1.0975,0.08));
#3990=CARTESIAN_POINT('',(1.111,1.97600181383585,0.08));
#3991=CARTESIAN_POINT('Origin',(1.111,2.195,0.08));
#3992=CARTESIAN_POINT('',(1.13850181383585,1.97600181383585,0.08));
#3993=CARTESIAN_POINT('',(0.57625,1.97600181383585,0.08));
#3994=CARTESIAN_POINT('',(1.13850181383585,-1.97600181383585,0.08));
#3995=CARTESIAN_POINT('',(1.13850181383585,-0.995,0.08));
#3996=CARTESIAN_POINT('',(1.111,-1.97600181383585,0.08));
#3997=CARTESIAN_POINT('',(0.5555,-1.97600181383585,0.08));
#3998=CARTESIAN_POINT('',(0.892001813835853,-2.195,0.08));
#3999=CARTESIAN_POINT('Origin',(1.111,-2.195,0.08));
#4000=CARTESIAN_POINT('',(0.892001813835853,-2.22250181383585,0.08));
#4001=CARTESIAN_POINT('',(0.892001813835853,-1.11825,0.08));
#4002=CARTESIAN_POINT('',(-0.892001813835853,-2.22250181383585,0.08));
#4003=CARTESIAN_POINT('',(-0.453,-2.22250181383585,0.08));
#4004=CARTESIAN_POINT('',(-0.892001813835853,-2.195,0.08));
#4005=CARTESIAN_POINT('',(-0.892001813835853,-1.0975,0.08));
#4006=CARTESIAN_POINT('',(-1.111,-1.97600181383585,0.08));
#4007=CARTESIAN_POINT('Origin',(-1.111,-2.195,0.08));
#4008=CARTESIAN_POINT('',(-1.13850181383585,-1.97600181383585,0.08));
#4009=CARTESIAN_POINT('',(-0.576249999999991,-1.97600181383585,0.08));
#4010=CARTESIAN_POINT('',(-1.13850181383585,1.97600181383585,0.08));
#4011=CARTESIAN_POINT('',(-1.13850181383585,0.995,0.08));
#4012=CARTESIAN_POINT('',(-1.111,1.97600181383585,0.08));
#4013=CARTESIAN_POINT('',(-0.5555,1.97600181383585,0.08));
#4014=CARTESIAN_POINT('',(-0.892001813835853,2.195,0.08));
#4015=CARTESIAN_POINT('Origin',(-1.111,2.195,0.08));
#4016=CARTESIAN_POINT('',(-0.892001813835853,2.22250181383585,0.08));
#4017=CARTESIAN_POINT('',(-0.892001813835862,1.11825,0.08));
#4018=CARTESIAN_POINT('',(0.453,2.22250181383585,0.08));
#4019=CARTESIAN_POINT('Origin',(0.899027540580188,2.195,-0.000304424152660356));
#4020=CARTESIAN_POINT('',(0.906000000000001,2.2365,-0.08));
#4021=CARTESIAN_POINT('',(0.898923673666403,2.2294236736664,0.00088278010443115));
#4022=CARTESIAN_POINT('',(0.906000000000001,2.195,-0.08));
#4023=CARTESIAN_POINT('',(0.906000000000001,2.195,-0.08));
#4024=CARTESIAN_POINT('',(0.906000000000001,2.195,-0.08));
#4025=CARTESIAN_POINT('Origin',(1.111,2.195,-0.08));
#4026=CARTESIAN_POINT('',(1.111,1.99,-0.08));
#4027=CARTESIAN_POINT('Origin',(1.111,2.195,-0.08));
#4028=CARTESIAN_POINT('',(1.111,1.99,-0.08));
#4029=CARTESIAN_POINT('Origin',(1.1525,1.98302754058019,-0.000304424152660356));
#4030=CARTESIAN_POINT('',(1.1525,1.99,-0.08));
#4031=CARTESIAN_POINT('',(1.111,1.99,-0.08));
#4032=CARTESIAN_POINT('',(1.13057777872738,1.96807777872738,0.170572135738735));
#4033=CARTESIAN_POINT('Origin',(1.14552754058019,-1.99,-0.000304424152660356));
#4034=CARTESIAN_POINT('',(1.1525,-1.99,-0.08));
#4035=CARTESIAN_POINT('',(1.1525,-1.99,-0.08));
#4036=CARTESIAN_POINT('',(1.1454236736664,-1.9829236736664,0.000882780104431135));
#4037=CARTESIAN_POINT('Origin',(1.111,-1.98302754058019,-0.000304424152660356));
#4038=CARTESIAN_POINT('',(1.111,-1.99,-0.08));
#4039=CARTESIAN_POINT('',(1.111,-1.99,-0.08));
#4040=CARTESIAN_POINT('',(1.111,-1.99,-0.08));
#4041=CARTESIAN_POINT('Origin',(1.111,-2.195,-0.08));
#4042=CARTESIAN_POINT('',(0.906000000000001,-2.195,-0.08));
#4043=CARTESIAN_POINT('Origin',(1.111,-2.195,-0.08));
#4044=CARTESIAN_POINT('',(0.906000000000001,-2.195,-0.08));
#4045=CARTESIAN_POINT('Origin',(0.899027540580188,-2.2365,-0.000304424152660356));
#4046=CARTESIAN_POINT('',(0.906000000000001,-2.2365,-0.08));
#4047=CARTESIAN_POINT('',(0.906000000000001,-2.195,-0.08));
#4048=CARTESIAN_POINT('',(0.892249900151223,-2.22274990015122,0.0771643604397198));
#4049=CARTESIAN_POINT('Origin',(-0.906000000000001,-2.22952754058019,-0.000304424152660356));
#4050=CARTESIAN_POINT('',(-0.906000000000001,-2.2365,-0.08));
#4051=CARTESIAN_POINT('',(-0.906000000000001,-2.2365,-0.08));
#4052=CARTESIAN_POINT('',(-0.898923673666403,-2.2294236736664,0.00088278010443115));
#4053=CARTESIAN_POINT('Origin',(-0.899027540580188,-2.195,-0.000304424152660356));
#4054=CARTESIAN_POINT('',(-0.906000000000001,-2.195,-0.08));
#4055=CARTESIAN_POINT('',(-0.906000000000001,-2.195,-0.08));
#4056=CARTESIAN_POINT('',(-0.906000000000001,-2.195,-0.08));
#4057=CARTESIAN_POINT('Origin',(-1.111,-2.195,-0.08));
#4058=CARTESIAN_POINT('',(-1.111,-1.99,-0.08));
#4059=CARTESIAN_POINT('Origin',(-1.111,-2.195,-0.08));
#4060=CARTESIAN_POINT('',(-1.111,-1.99,-0.08));
#4061=CARTESIAN_POINT('Origin',(-1.1525,-1.98302754058019,-0.000304424152660378));
#4062=CARTESIAN_POINT('',(-1.1525,-1.99,-0.08));
#4063=CARTESIAN_POINT('',(-1.111,-1.99,-0.08));
#4064=CARTESIAN_POINT('',(-1.13057777872738,-1.96807777872738,0.170572135738736));
#4065=CARTESIAN_POINT('Origin',(-1.14552754058019,1.99,-0.000304424152660356));
#4066=CARTESIAN_POINT('',(-1.1525,1.99,-0.08));
#4067=CARTESIAN_POINT('',(-1.1525,1.99,-0.08));
#4068=CARTESIAN_POINT('',(-1.1454236736664,1.9829236736664,0.00088278010443112));
#4069=CARTESIAN_POINT('Origin',(-1.111,1.98302754058019,-0.000304424152660356));
#4070=CARTESIAN_POINT('',(-1.111,1.99,-0.08));
#4071=CARTESIAN_POINT('',(-1.111,1.99,-0.08));
#4072=CARTESIAN_POINT('',(-1.111,1.99,-0.08));
#4073=CARTESIAN_POINT('Origin',(-1.111,2.195,-0.08));
#4074=CARTESIAN_POINT('',(-0.906000000000001,2.195,-0.08));
#4075=CARTESIAN_POINT('Origin',(-1.111,2.195,-0.08));
#4076=CARTESIAN_POINT('',(-0.906000000000001,2.195,-0.08));
#4077=CARTESIAN_POINT('Origin',(-0.899027540580188,2.2365,-0.000304424152660356));
#4078=CARTESIAN_POINT('',(-0.906000000000001,2.2365,-0.08));
#4079=CARTESIAN_POINT('',(-0.906000000000001,2.195,-0.08));
#4080=CARTESIAN_POINT('',(-0.892249900151223,2.22274990015122,0.0771643604397192));
#4081=CARTESIAN_POINT('Origin',(0.906000000000001,2.22952754058019,-0.000304424152660356));
#4082=CARTESIAN_POINT('',(0.906000000000001,2.2365,-0.08));
#4083=CARTESIAN_POINT('Origin',(1.1675,-2.005,0.));
#4084=CARTESIAN_POINT('',(1.1675,-2.04,0.));
#4085=CARTESIAN_POINT('',(1.2025,-2.005,0.));
#4086=CARTESIAN_POINT('Origin',(1.1675,-2.005,0.));
#4087=CARTESIAN_POINT('',(1.1675,-2.04,-0.08));
#4088=CARTESIAN_POINT('',(1.1675,-2.04,0.));
#4089=CARTESIAN_POINT('',(1.2025,-2.005,-0.08));
#4090=CARTESIAN_POINT('Origin',(1.1675,-2.005,-0.08));
#4091=CARTESIAN_POINT('',(1.2025,-2.005,0.));
#4092=CARTESIAN_POINT('Origin',(1.2025,2.005,0.));
#4093=CARTESIAN_POINT('',(1.2025,2.005,0.));
#4094=CARTESIAN_POINT('',(1.2025,1.0025,0.));
#4095=CARTESIAN_POINT('',(1.2025,2.005,-0.08));
#4096=CARTESIAN_POINT('',(1.2025,-2.005,-0.08));
#4097=CARTESIAN_POINT('',(1.2025,2.005,0.));
#4098=CARTESIAN_POINT('Origin',(1.1675,2.005,0.));
#4099=CARTESIAN_POINT('',(1.1675,2.04,0.));
#4100=CARTESIAN_POINT('Origin',(1.1675,2.005,0.));
#4101=CARTESIAN_POINT('',(1.1675,2.04,-0.08));
#4102=CARTESIAN_POINT('Origin',(1.1675,2.005,-0.08));
#4103=CARTESIAN_POINT('',(1.1675,2.04,0.));
#4104=CARTESIAN_POINT('Origin',(1.111,2.04,0.));
#4105=CARTESIAN_POINT('',(1.111,2.04,0.));
#4106=CARTESIAN_POINT('',(0.5555,2.04,0.));
#4107=CARTESIAN_POINT('',(1.111,2.04,-0.08));
#4108=CARTESIAN_POINT('',(1.111,2.04,-0.08));
#4109=CARTESIAN_POINT('',(1.111,2.04,0.));
#4110=CARTESIAN_POINT('Origin',(1.111,2.195,0.));
#4111=CARTESIAN_POINT('',(0.956000000000001,2.195,0.));
#4112=CARTESIAN_POINT('Origin',(1.111,2.195,0.));
#4113=CARTESIAN_POINT('',(0.956000000000001,2.195,-0.08));
#4114=CARTESIAN_POINT('Origin',(1.111,2.195,-0.08));
#4115=CARTESIAN_POINT('',(0.956000000000001,2.195,0.));
#4116=CARTESIAN_POINT('Origin',(0.956000000000001,2.2515,0.));
#4117=CARTESIAN_POINT('',(0.956000000000001,2.2515,0.));
#4118=CARTESIAN_POINT('',(0.956000000000001,1.12575,0.));
#4119=CARTESIAN_POINT('',(0.956000000000001,2.2515,-0.08));
#4120=CARTESIAN_POINT('',(0.956000000000001,2.195,-0.08));
#4121=CARTESIAN_POINT('',(0.956000000000001,2.2515,0.));
#4122=CARTESIAN_POINT('Origin',(0.921000000000001,2.2515,0.));
#4123=CARTESIAN_POINT('',(0.921000000000001,2.2865,0.));
#4124=CARTESIAN_POINT('Origin',(0.921000000000001,2.2515,0.));
#4125=CARTESIAN_POINT('',(0.921000000000001,2.2865,-0.08));
#4126=CARTESIAN_POINT('Origin',(0.921000000000001,2.2515,-0.08));
#4127=CARTESIAN_POINT('',(0.921000000000001,2.2865,0.));
#4128=CARTESIAN_POINT('Origin',(-0.921000000000001,2.2865,0.));
#4129=CARTESIAN_POINT('',(-0.921000000000001,2.2865,0.));
#4130=CARTESIAN_POINT('',(-0.4605,2.2865,0.));
#4131=CARTESIAN_POINT('',(-0.921000000000001,2.2865,-0.08));
#4132=CARTESIAN_POINT('',(0.921000000000001,2.2865,-0.08));
#4133=CARTESIAN_POINT('',(-0.921000000000001,2.2865,0.));
#4134=CARTESIAN_POINT('Origin',(-0.921000000000001,2.2515,0.));
#4135=CARTESIAN_POINT('',(-0.956000000000001,2.2515,0.));
#4136=CARTESIAN_POINT('Origin',(-0.921000000000001,2.2515,0.));
#4137=CARTESIAN_POINT('',(-0.956000000000001,2.2515,-0.08));
#4138=CARTESIAN_POINT('Origin',(-0.921000000000001,2.2515,-0.08));
#4139=CARTESIAN_POINT('',(-0.956000000000001,2.2515,0.));
#4140=CARTESIAN_POINT('Origin',(-0.956000000000001,2.195,0.));
#4141=CARTESIAN_POINT('',(-0.956000000000001,2.195,0.));
#4142=CARTESIAN_POINT('',(-0.955999999999997,1.0975,0.));
#4143=CARTESIAN_POINT('',(-0.956000000000001,2.195,-0.08));
#4144=CARTESIAN_POINT('',(-0.956000000000001,2.195,-0.08));
#4145=CARTESIAN_POINT('',(-0.956000000000001,2.195,0.));
#4146=CARTESIAN_POINT('Origin',(-1.111,2.195,0.));
#4147=CARTESIAN_POINT('',(-1.111,2.04,0.));
#4148=CARTESIAN_POINT('Origin',(-1.111,2.195,0.));
#4149=CARTESIAN_POINT('',(-1.111,2.04,-0.08));
#4150=CARTESIAN_POINT('Origin',(-1.111,2.195,-0.08));
#4151=CARTESIAN_POINT('',(-1.111,2.04,0.));
#4152=CARTESIAN_POINT('Origin',(-1.1675,2.04,0.));
#4153=CARTESIAN_POINT('',(-1.1675,2.04,0.));
#4154=CARTESIAN_POINT('',(-0.58375,2.04,0.));
#4155=CARTESIAN_POINT('',(-1.1675,2.04,-0.08));
#4156=CARTESIAN_POINT('',(-1.111,2.04,-0.08));
#4157=CARTESIAN_POINT('',(-1.1675,2.04,0.));
#4158=CARTESIAN_POINT('Origin',(-1.1675,2.005,0.));
#4159=CARTESIAN_POINT('',(-1.2025,2.005,0.));
#4160=CARTESIAN_POINT('Origin',(-1.1675,2.005,0.));
#4161=CARTESIAN_POINT('',(-1.2025,2.005,-0.08));
#4162=CARTESIAN_POINT('Origin',(-1.1675,2.005,-0.08));
#4163=CARTESIAN_POINT('',(-1.2025,2.005,0.));
#4164=CARTESIAN_POINT('Origin',(-1.2025,-2.005,0.));
#4165=CARTESIAN_POINT('',(-1.2025,-2.005,0.));
#4166=CARTESIAN_POINT('',(-1.2025,-1.0025,0.));
#4167=CARTESIAN_POINT('',(-1.2025,-2.005,-0.08));
#4168=CARTESIAN_POINT('',(-1.2025,2.005,-0.08));
#4169=CARTESIAN_POINT('',(-1.2025,-2.005,0.));
#4170=CARTESIAN_POINT('Origin',(-1.1675,-2.005,0.));
#4171=CARTESIAN_POINT('',(-1.1675,-2.04,0.));
#4172=CARTESIAN_POINT('Origin',(-1.1675,-2.005,0.));
#4173=CARTESIAN_POINT('',(-1.1675,-2.04,-0.08));
#4174=CARTESIAN_POINT('Origin',(-1.1675,-2.005,-0.08));
#4175=CARTESIAN_POINT('',(-1.1675,-2.04,0.));
#4176=CARTESIAN_POINT('Origin',(-1.111,-2.04,0.));
#4177=CARTESIAN_POINT('',(-1.111,-2.04,0.));
#4178=CARTESIAN_POINT('',(-0.5555,-2.04,0.));
#4179=CARTESIAN_POINT('',(-1.111,-2.04,-0.08));
#4180=CARTESIAN_POINT('',(-1.111,-2.04,-0.08));
#4181=CARTESIAN_POINT('',(-1.111,-2.04,0.));
#4182=CARTESIAN_POINT('Origin',(-1.111,-2.195,0.));
#4183=CARTESIAN_POINT('',(-0.956000000000001,-2.195,0.));
#4184=CARTESIAN_POINT('Origin',(-1.111,-2.195,0.));
#4185=CARTESIAN_POINT('',(-0.956000000000001,-2.195,-0.08));
#4186=CARTESIAN_POINT('Origin',(-1.111,-2.195,-0.08));
#4187=CARTESIAN_POINT('',(-0.956000000000001,-2.195,0.));
#4188=CARTESIAN_POINT('Origin',(-0.956000000000001,-2.2515,0.));
#4189=CARTESIAN_POINT('',(-0.956000000000001,-2.2515,0.));
#4190=CARTESIAN_POINT('',(-0.956000000000001,-1.12575,0.));
#4191=CARTESIAN_POINT('',(-0.956000000000001,-2.2515,-0.08));
#4192=CARTESIAN_POINT('',(-0.956000000000001,-2.195,-0.08));
#4193=CARTESIAN_POINT('',(-0.956000000000001,-2.2515,0.));
#4194=CARTESIAN_POINT('Origin',(-0.921000000000001,-2.2515,0.));
#4195=CARTESIAN_POINT('',(-0.921000000000001,-2.2865,0.));
#4196=CARTESIAN_POINT('Origin',(-0.921000000000001,-2.2515,0.));
#4197=CARTESIAN_POINT('',(-0.921000000000001,-2.2865,-0.08));
#4198=CARTESIAN_POINT('Origin',(-0.921000000000001,-2.2515,-0.08));
#4199=CARTESIAN_POINT('',(-0.921000000000001,-2.2865,0.));
#4200=CARTESIAN_POINT('Origin',(0.921000000000001,-2.2865,0.));
#4201=CARTESIAN_POINT('',(0.921000000000001,-2.2865,0.));
#4202=CARTESIAN_POINT('',(0.4605,-2.2865,0.));
#4203=CARTESIAN_POINT('',(0.921000000000001,-2.2865,-0.08));
#4204=CARTESIAN_POINT('',(-0.921000000000001,-2.2865,-0.08));
#4205=CARTESIAN_POINT('',(0.921000000000001,-2.2865,0.));
#4206=CARTESIAN_POINT('Origin',(0.921000000000001,-2.2515,0.));
#4207=CARTESIAN_POINT('',(0.956000000000001,-2.2515,0.));
#4208=CARTESIAN_POINT('Origin',(0.921000000000001,-2.2515,0.));
#4209=CARTESIAN_POINT('',(0.956000000000001,-2.2515,-0.08));
#4210=CARTESIAN_POINT('Origin',(0.921000000000001,-2.2515,-0.08));
#4211=CARTESIAN_POINT('',(0.956000000000001,-2.2515,0.));
#4212=CARTESIAN_POINT('Origin',(0.956000000000001,-2.195,0.));
#4213=CARTESIAN_POINT('',(0.956000000000001,-2.195,0.));
#4214=CARTESIAN_POINT('',(0.955999999999997,-1.0975,0.));
#4215=CARTESIAN_POINT('',(0.956000000000001,-2.195,-0.08));
#4216=CARTESIAN_POINT('',(0.956000000000001,-2.195,-0.08));
#4217=CARTESIAN_POINT('',(0.956000000000001,-2.195,0.));
#4218=CARTESIAN_POINT('Origin',(1.111,-2.195,0.));
#4219=CARTESIAN_POINT('',(1.111,-2.04,0.));
#4220=CARTESIAN_POINT('Origin',(1.111,-2.195,0.));
#4221=CARTESIAN_POINT('',(1.111,-2.04,-0.08));
#4222=CARTESIAN_POINT('Origin',(1.111,-2.195,-0.08));
#4223=CARTESIAN_POINT('',(1.111,-2.04,0.));
#4224=CARTESIAN_POINT('Origin',(1.1675,-2.04,0.));
#4225=CARTESIAN_POINT('',(0.58375,-2.04,0.));
#4226=CARTESIAN_POINT('',(1.111,-2.04,-0.08));
#4227=CARTESIAN_POINT('Origin',(-1.74838271594513E-16,0.,-0.08));
#4228=CARTESIAN_POINT('Origin',(1.74838271594513E-16,0.,0.));
#4229=CARTESIAN_POINT('',(-1.1775,2.3865,0.));
#4230=CARTESIAN_POINT('Origin',(-1.1775,2.2615,0.));
#4231=CARTESIAN_POINT('',(1.1775,2.3865,0.));
#4232=CARTESIAN_POINT('',(-1.1775,2.3865,0.));
#4233=CARTESIAN_POINT('',(1.3025,2.2615,0.));
#4234=CARTESIAN_POINT('Origin',(1.1775,2.2615,0.));
#4235=CARTESIAN_POINT('',(1.3025,2.2615,0.));
#4236=CARTESIAN_POINT('Origin',(1.1775,2.3865,0.));
#4237=CARTESIAN_POINT('',(1.1775,2.3865,0.));
#4238=CARTESIAN_POINT('',(-1.1775,2.3865,0.));
#4239=CARTESIAN_POINT('Origin',(1.1775,2.2615,0.));
#4240=CARTESIAN_POINT('',(1.3025,2.2615,0.));
#4241=CARTESIAN_POINT('Origin',(1.3025,-2.2615,0.));
#4242=CARTESIAN_POINT('Origin',(-1.1775,2.2615,0.));
#4243=CARTESIAN_POINT('Origin',(0.972500000000001,2.195,0.));
#4244=CARTESIAN_POINT('',(0.972500000000001,2.25315722851491,-1.2905));
#4245=CARTESIAN_POINT('',(0.972500000000001,2.26997206241199,-1.27971436070024));
#4246=CARTESIAN_POINT('Origin',(0.972500000000001,2.25315722851491,-1.272));
#4247=CARTESIAN_POINT('',(0.9725,2.195,-1.2905));
#4248=CARTESIAN_POINT('',(0.972500000000001,1.0975,-1.2905));
#4249=CARTESIAN_POINT('',(0.9725,2.195,0.));
#4250=CARTESIAN_POINT('',(0.9725,2.195,0.));
#4251=CARTESIAN_POINT('',(0.972500000000001,2.26997206241199,0.));
#4252=CARTESIAN_POINT('',(0.972500000000001,2.269,0.));
#4253=CARTESIAN_POINT('',(0.972500000000001,2.26997206241199,0.));
#4254=CARTESIAN_POINT('Origin',(1.111,2.195,0.));
#4255=CARTESIAN_POINT('',(1.111,2.0565,-1.2905));
#4256=CARTESIAN_POINT('Origin',(1.111,2.195,-1.2905));
#4257=CARTESIAN_POINT('',(1.111,2.0565,0.));
#4258=CARTESIAN_POINT('',(1.111,2.0565,0.));
#4259=CARTESIAN_POINT('Origin',(1.111,2.195,0.));
#4260=CARTESIAN_POINT('Origin',(1.18597206241199,2.0565,0.));
#4261=CARTESIAN_POINT('',(1.16915722851491,2.0565,-1.2905));
#4262=CARTESIAN_POINT('',(0.592986031205987,2.05649999999999,-1.2905));
#4263=CARTESIAN_POINT('',(1.18597206241199,2.0565,-1.27971436070024));
#4264=CARTESIAN_POINT('Origin',(1.16915722851491,2.0565,-1.272));
#4265=CARTESIAN_POINT('',(1.18597206241199,2.0565,0.));
#4266=CARTESIAN_POINT('',(1.18597206241199,2.0565,0.));
#4267=CARTESIAN_POINT('',(1.111,2.0565,0.));
#4268=CARTESIAN_POINT('Origin',(1.18597206241199,2.0215,0.));
#4269=CARTESIAN_POINT('',(1.18765088902695,2.05645971311663,-1.2724842735437));
#4270=CARTESIAN_POINT('Ctrl Pts',(1.18765088902696,2.05645971311663,-1.2724842735437));
#4271=CARTESIAN_POINT('Ctrl Pts',(1.18758750149381,2.05646275709692,-1.27490494577296));
#4272=CARTESIAN_POINT('Ctrl Pts',(1.18702380592708,2.0565,-1.27742189691799));
#4273=CARTESIAN_POINT('Ctrl Pts',(1.18597206241199,2.0565,-1.27971436070024));
#4274=CARTESIAN_POINT('',(1.22097206241199,2.0215,0.));
#4275=CARTESIAN_POINT('Origin',(1.18597206241199,2.0215,-1.3365960753959));
#4276=CARTESIAN_POINT('Origin',(1.18597206241199,2.0215,0.));
#4277=CARTESIAN_POINT('Origin',(1.111,2.195,0.));
#4278=CARTESIAN_POINT('',(1.18765088902695,2.17390755558553,-1.2724842735437));
#4279=CARTESIAN_POINT('',(1.18765088902695,2.21609244441447,-1.2724842735437));
#4280=CARTESIAN_POINT('Origin',(1.111,2.195,-4.19966362923038));
#4281=CARTESIAN_POINT('',(1.16915722851491,2.14079680109565,-1.2905));
#4282=CARTESIAN_POINT('Ctrl Pts',(1.16915722851491,2.14079680109565,-1.2905));
#4283=CARTESIAN_POINT('Ctrl Pts',(1.17217177401433,2.14403125247531,-1.2905));
#4284=CARTESIAN_POINT('Ctrl Pts',(1.17510326311741,2.14775472773834,-1.28974369447366));
#4285=CARTESIAN_POINT('Ctrl Pts',(1.18011746813249,2.15545105145611,-1.28716797354844));
#4286=CARTESIAN_POINT('Ctrl Pts',(1.18220512555011,2.15942647574448,-1.28536590675994));
#4287=CARTESIAN_POINT('Ctrl Pts',(1.18507223992327,2.16595150108611,-1.28166394039258));
#4288=CARTESIAN_POINT('Ctrl Pts',(1.18632128721383,2.1694485208535,-1.27943349866921));
#4289=CARTESIAN_POINT('Ctrl Pts',(1.18720228428664,2.17233283382233,-1.27613048953592));
#4290=CARTESIAN_POINT('Ctrl Pts',(1.18736487371769,2.17289090823803,-1.27538047822838));
#4291=CARTESIAN_POINT('Ctrl Pts',(1.18757126876582,2.17361728204739,-1.27389989027212));
#4292=CARTESIAN_POINT('Ctrl Pts',(1.18763238837069,2.17384032337087,-1.27319078510253));
#4293=CARTESIAN_POINT('Ctrl Pts',(1.18765088902696,2.17390755558553,-1.2724842735437));
#4294=CARTESIAN_POINT('',(1.0315,2.195,-1.2905));
#4295=CARTESIAN_POINT('Origin',(1.111,2.195,-1.2905));
#4296=CARTESIAN_POINT('',(1.0315,2.195,0.));
#4297=CARTESIAN_POINT('',(1.0315,2.195,0.));
#4298=CARTESIAN_POINT('Origin',(1.111,2.195,0.));
#4299=CARTESIAN_POINT('',(1.05679680109565,2.25315722851491,-1.2905));
#4300=CARTESIAN_POINT('Origin',(1.111,2.195,-1.2905));
#4301=CARTESIAN_POINT('',(1.08990755558553,2.27165088902695,-1.2724842735437));
#4302=CARTESIAN_POINT('Ctrl Pts',(1.08990755558553,2.27165088902695,-1.2724842735437));
#4303=CARTESIAN_POINT('Ctrl Pts',(1.08984032337088,2.27163238837069,-1.27319078510253));
#4304=CARTESIAN_POINT('Ctrl Pts',(1.0896172820474,2.27157126876582,-1.27389989027212));
#4305=CARTESIAN_POINT('Ctrl Pts',(1.08889090823803,2.27136487371769,-1.27538047822838));
#4306=CARTESIAN_POINT('Ctrl Pts',(1.08833283382233,2.27120228428664,-1.27613048953592));
#4307=CARTESIAN_POINT('Ctrl Pts',(1.0854485208535,2.27032128721383,-1.27943349866921));
#4308=CARTESIAN_POINT('Ctrl Pts',(1.08195150108611,2.26907223992327,-1.28166394039258));
#4309=CARTESIAN_POINT('Ctrl Pts',(1.07542647574449,2.26620512555011,-1.28536590675994));
#4310=CARTESIAN_POINT('Ctrl Pts',(1.07145105145611,2.26411746813249,-1.28716797354844));
#4311=CARTESIAN_POINT('Ctrl Pts',(1.06375472773834,2.25910326311741,-1.28974369447366));
#4312=CARTESIAN_POINT('Ctrl Pts',(1.06003125247531,2.25617177401433,-1.2905));
#4313=CARTESIAN_POINT('Ctrl Pts',(1.05679680109565,2.25315722851491,-1.2905));
#4314=CARTESIAN_POINT('',(1.13209244441447,2.27165088902695,-1.2724842735437));
#4315=CARTESIAN_POINT('Origin',(1.111,2.195,-4.19966362923039));
#4316=CARTESIAN_POINT('',(1.16520319890435,2.25315722851491,-1.2905));
#4317=CARTESIAN_POINT('Ctrl Pts',(1.16520319890435,2.25315722851491,-1.2905));
#4318=CARTESIAN_POINT('Ctrl Pts',(1.16196874752469,2.25617177401433,-1.2905));
#4319=CARTESIAN_POINT('Ctrl Pts',(1.15824527226166,2.25910326311741,-1.28974369447366));
#4320=CARTESIAN_POINT('Ctrl Pts',(1.15054894854389,2.26411746813249,-1.28716797354844));
#4321=CARTESIAN_POINT('Ctrl Pts',(1.14657352425551,2.26620512555011,-1.28536590675994));
#4322=CARTESIAN_POINT('Ctrl Pts',(1.14004849891389,2.26907223992327,-1.28166394039258));
#4323=CARTESIAN_POINT('Ctrl Pts',(1.1365514791465,2.27032128721383,-1.27943349866921));
#4324=CARTESIAN_POINT('Ctrl Pts',(1.13366716617767,2.27120228428664,-1.27613048953592));
#4325=CARTESIAN_POINT('Ctrl Pts',(1.13310909176197,2.27136487371769,-1.27538047822838));
#4326=CARTESIAN_POINT('Ctrl Pts',(1.1323827179526,2.27157126876582,-1.27389989027212));
#4327=CARTESIAN_POINT('Ctrl Pts',(1.13215967662912,2.27163238837069,-1.27319078510253));
#4328=CARTESIAN_POINT('Ctrl Pts',(1.13209244441447,2.27165088902695,-1.2724842735437));
#4329=CARTESIAN_POINT('',(1.16915722851491,2.24920319890435,-1.2905));
#4330=CARTESIAN_POINT('Origin',(1.111,2.195,-1.2905));
#4331=CARTESIAN_POINT('Ctrl Pts',(1.18765088902696,2.21609244441447,-1.2724842735437));
#4332=CARTESIAN_POINT('Ctrl Pts',(1.18763238837069,2.21615967662912,-1.27319078510253));
#4333=CARTESIAN_POINT('Ctrl Pts',(1.18757126876582,2.21638271795261,-1.27389989027212));
#4334=CARTESIAN_POINT('Ctrl Pts',(1.18736487371769,2.21710909176197,-1.27538047822838));
#4335=CARTESIAN_POINT('Ctrl Pts',(1.18720228428664,2.21766716617767,-1.27613048953592));
#4336=CARTESIAN_POINT('Ctrl Pts',(1.18632128721383,2.2205514791465,-1.27943349866921));
#4337=CARTESIAN_POINT('Ctrl Pts',(1.18507223992327,2.22404849891389,-1.28166394039258));
#4338=CARTESIAN_POINT('Ctrl Pts',(1.18220512555011,2.23057352425551,-1.28536590675994));
#4339=CARTESIAN_POINT('Ctrl Pts',(1.18011746813249,2.23454894854389,-1.28716797354844));
#4340=CARTESIAN_POINT('Ctrl Pts',(1.17510326311741,2.24224527226166,-1.28974369447366));
#4341=CARTESIAN_POINT('Ctrl Pts',(1.17217177401433,2.24596874752469,-1.2905));
#4342=CARTESIAN_POINT('Ctrl Pts',(1.16915722851491,2.24920319890435,-1.2905));
#4343=CARTESIAN_POINT('Origin',(0.9375,2.26997206241199,0.));
#4344=CARTESIAN_POINT('',(0.972459713116628,2.27165088902695,-1.2724842735437));
#4345=CARTESIAN_POINT('Ctrl Pts',(0.972500000000001,2.26997206241199,-1.27971436070024));
#4346=CARTESIAN_POINT('Ctrl Pts',(0.972500000000001,2.27102375706464,-1.27742200342244));
#4347=CARTESIAN_POINT('Ctrl Pts',(0.972462757236666,2.27158749858373,-1.27490505690462));
#4348=CARTESIAN_POINT('Ctrl Pts',(0.972459713116628,2.27165088902695,-1.2724842735437));
#4349=CARTESIAN_POINT('',(0.9375,2.30497206241199,0.));
#4350=CARTESIAN_POINT('Origin',(0.9375,2.26997206241199,0.));
#4351=CARTESIAN_POINT('Origin',(0.9375,2.26997206241199,-1.3365960753959));
#4352=CARTESIAN_POINT('Origin',(0.58875,2.25315722851491,-1.272));
#4353=CARTESIAN_POINT('',(-0.972459713116628,2.27165088902695,-1.2724842735437));
#4354=CARTESIAN_POINT('',(0.58875,2.27165088902695,-1.2724842735437));
#4355=CARTESIAN_POINT('',(-0.9725,2.26997206241199,-1.27971436070024));
#4356=CARTESIAN_POINT('Ctrl Pts',(-0.972459713116628,2.27165088902695,-1.2724842735437));
#4357=CARTESIAN_POINT('Ctrl Pts',(-0.972462757096918,2.27158750149381,-1.27490494577296));
#4358=CARTESIAN_POINT('Ctrl Pts',(-0.9725,2.27102380592708,-1.27742189691799));
#4359=CARTESIAN_POINT('Ctrl Pts',(-0.9725,2.26997206241199,-1.27971436070024));
#4360=CARTESIAN_POINT('',(-0.9725,2.25315722851491,-1.2905));
#4361=CARTESIAN_POINT('Origin',(-0.9725,2.25315722851491,-1.272));
#4362=CARTESIAN_POINT('',(0.58875,2.25315722851491,-1.2905));
#4363=CARTESIAN_POINT('Origin',(0.,0.,-1.2905));
#4364=CARTESIAN_POINT('',(-0.9725,2.195,-1.2905));
#4365=CARTESIAN_POINT('',(-0.972500000000003,1.134986031206,-1.2905));
#4366=CARTESIAN_POINT('',(-1.111,2.0565,-1.2905));
#4367=CARTESIAN_POINT('Origin',(-1.111,2.195,-1.2905));
#4368=CARTESIAN_POINT('',(-1.16915722851491,2.0565,-1.2905));
#4369=CARTESIAN_POINT('',(-0.5555,2.0565,-1.2905));
#4370=CARTESIAN_POINT('',(-1.16915722851491,-2.0565,-1.2905));
#4371=CARTESIAN_POINT('',(-1.16915722851491,1.13075,-1.2905));
#4372=CARTESIAN_POINT('',(-1.111,-2.0565,-1.2905));
#4373=CARTESIAN_POINT('',(-0.592986031205997,-2.0565,-1.2905));
#4374=CARTESIAN_POINT('',(-0.972499999999998,-2.195,-1.2905));
#4375=CARTESIAN_POINT('Origin',(-1.111,-2.195,-1.2905));
#4376=CARTESIAN_POINT('',(-0.9725,-2.25315722851491,-1.2905));
#4377=CARTESIAN_POINT('',(-0.9725,-1.0975,-1.2905));
#4378=CARTESIAN_POINT('',(0.9725,-2.25315722851491,-1.2905));
#4379=CARTESIAN_POINT('',(-0.58875,-2.25315722851491,-1.2905));
#4380=CARTESIAN_POINT('',(0.9725,-2.195,-1.2905));
#4381=CARTESIAN_POINT('',(0.9725,-1.134986031206,-1.2905));
#4382=CARTESIAN_POINT('',(1.111,-2.0565,-1.2905));
#4383=CARTESIAN_POINT('Origin',(1.111,-2.195,-1.2905));
#4384=CARTESIAN_POINT('',(1.16915722851491,-2.0565,-1.2905));
#4385=CARTESIAN_POINT('',(0.5555,-2.0565,-1.2905));
#4386=CARTESIAN_POINT('',(1.16915722851491,-1.13075,-1.2905));
#4387=CARTESIAN_POINT('Origin',(1.1775,2.30502792801449,0.00213342128709167));
#4388=CARTESIAN_POINT('',(-0.9375,2.30497206241199,0.));
#4389=CARTESIAN_POINT('',(0.58875,2.30497206241199,0.));
#4390=CARTESIAN_POINT('Origin',(-0.9375,2.26997206241199,-1.33659607539591));
#4391=CARTESIAN_POINT('Origin',(1.1775,2.30502792801449,0.00213342128709167));
#4392=CARTESIAN_POINT('',(0.58875,2.27165088902695,-1.2724842735437));
#4393=CARTESIAN_POINT('Origin',(1.16915722851491,-1.13075,-1.272));
#4394=CARTESIAN_POINT('',(1.18597206241199,-2.0565,-1.27971436070024));
#4395=CARTESIAN_POINT('Origin',(1.16915722851491,-2.0565,-1.272));
#4396=CARTESIAN_POINT('',(1.18765088902696,-2.05645971311663,-1.2724842735437));
#4397=CARTESIAN_POINT('Ctrl Pts',(1.18597206241199,-2.0565,-1.27971436070024));
#4398=CARTESIAN_POINT('Ctrl Pts',(1.18702375706464,-2.0565,-1.27742200342244));
#4399=CARTESIAN_POINT('Ctrl Pts',(1.18758749858373,-2.05646275723666,-1.27490505690462));
#4400=CARTESIAN_POINT('Ctrl Pts',(1.18765088902696,-2.05645971311663,-1.2724842735437));
#4401=CARTESIAN_POINT('',(1.18765088902696,-1.13075,-1.2724842735437));
#4402=CARTESIAN_POINT('Origin',(1.22102792801449,-2.2615,0.00213342128709166));
#4403=CARTESIAN_POINT('',(1.22097206241199,-2.0215,0.));
#4404=CARTESIAN_POINT('Origin',(1.18597206241199,-2.0215,-1.33659607539591));
#4405=CARTESIAN_POINT('',(1.22097206241199,-1.13075,0.));
#4406=CARTESIAN_POINT('Origin',(-0.9725,-2.195,0.));
#4407=CARTESIAN_POINT('',(-0.9725,-2.26997206241199,-1.27971436070024));
#4408=CARTESIAN_POINT('Origin',(-0.9725,-2.25315722851491,-1.272));
#4409=CARTESIAN_POINT('',(-0.972499999999998,-2.195,0.));
#4410=CARTESIAN_POINT('',(-0.972499999999998,-2.195,0.));
#4411=CARTESIAN_POINT('',(-0.9725,-2.26997206241199,0.));
#4412=CARTESIAN_POINT('',(-0.9725,-2.269,0.));
#4413=CARTESIAN_POINT('',(-0.9725,-2.26997206241199,0.));
#4414=CARTESIAN_POINT('Origin',(-1.111,-2.195,0.));
#4415=CARTESIAN_POINT('',(-1.111,-2.0565,0.));
#4416=CARTESIAN_POINT('',(-1.111,-2.0565,0.));
#4417=CARTESIAN_POINT('Origin',(-1.111,-2.195,0.));
#4418=CARTESIAN_POINT('Origin',(-1.18597206241199,-2.0565,0.));
#4419=CARTESIAN_POINT('',(-1.18597206241199,-2.0565,-1.27971436070024));
#4420=CARTESIAN_POINT('Origin',(-1.16915722851491,-2.0565,-1.272));
#4421=CARTESIAN_POINT('',(-1.18597206241199,-2.0565,0.));
#4422=CARTESIAN_POINT('',(-1.18597206241199,-2.0565,0.));
#4423=CARTESIAN_POINT('',(-1.111,-2.0565,0.));
#4424=CARTESIAN_POINT('Origin',(-1.18597206241199,-2.0215,0.));
#4425=CARTESIAN_POINT('',(-1.18765088902696,-2.05645971311663,-1.2724842735437));
#4426=CARTESIAN_POINT('Ctrl Pts',(-1.18765088902696,-2.05645971311663,-1.2724842735437));
#4427=CARTESIAN_POINT('Ctrl Pts',(-1.18758750149381,-2.05646275709692,-1.27490494577296));
#4428=CARTESIAN_POINT('Ctrl Pts',(-1.18702380592708,-2.0565,-1.27742189691799));
#4429=CARTESIAN_POINT('Ctrl Pts',(-1.18597206241199,-2.0565,-1.27971436070024));
#4430=CARTESIAN_POINT('',(-1.22097206241199,-2.0215,0.));
#4431=CARTESIAN_POINT('Origin',(-1.18597206241199,-2.0215,-1.33659607539594));
#4432=CARTESIAN_POINT('Origin',(-1.18597206241199,-2.0215,0.));
#4433=CARTESIAN_POINT('Origin',(-1.111,-2.195,0.));
#4434=CARTESIAN_POINT('',(-1.13209244441447,-2.27165088902695,-1.2724842735437));
#4435=CARTESIAN_POINT('',(-1.08990755558553,-2.27165088902695,-1.2724842735437));
#4436=CARTESIAN_POINT('Origin',(-1.111,-2.195,-4.19966362923038));
#4437=CARTESIAN_POINT('',(-1.16520319890435,-2.25315722851491,-1.2905));
#4438=CARTESIAN_POINT('Ctrl Pts',(-1.16520319890435,-2.25315722851491,-1.2905));
#4439=CARTESIAN_POINT('Ctrl Pts',(-1.16196874752469,-2.25617177401433,-1.2905));
#4440=CARTESIAN_POINT('Ctrl Pts',(-1.15824527226166,-2.25910326311741,-1.28974369447366));
#4441=CARTESIAN_POINT('Ctrl Pts',(-1.15054894854389,-2.26411746813249,-1.28716797354844));
#4442=CARTESIAN_POINT('Ctrl Pts',(-1.14657352425551,-2.26620512555011,-1.28536590675994));
#4443=CARTESIAN_POINT('Ctrl Pts',(-1.14004849891389,-2.26907223992327,-1.28166394039258));
#4444=CARTESIAN_POINT('Ctrl Pts',(-1.1365514791465,-2.27032128721383,-1.27943349866921));
#4445=CARTESIAN_POINT('Ctrl Pts',(-1.13366716617767,-2.27120228428664,-1.27613048953592));
#4446=CARTESIAN_POINT('Ctrl Pts',(-1.13310909176197,-2.27136487371769,-1.27538047822838));
#4447=CARTESIAN_POINT('Ctrl Pts',(-1.1323827179526,-2.27157126876582,-1.27389989027212));
#4448=CARTESIAN_POINT('Ctrl Pts',(-1.13215967662912,-2.27163238837069,-1.27319078510253));
#4449=CARTESIAN_POINT('Ctrl Pts',(-1.13209244441447,-2.27165088902695,-1.2724842735437));
#4450=CARTESIAN_POINT('',(-1.16915722851491,-2.24920319890435,-1.2905));
#4451=CARTESIAN_POINT('Origin',(-1.111,-2.195,-1.2905));
#4452=CARTESIAN_POINT('',(-1.18765088902696,-2.21609244441447,-1.2724842735437));
#4453=CARTESIAN_POINT('Ctrl Pts',(-1.18765088902696,-2.21609244441447,-1.2724842735437));
#4454=CARTESIAN_POINT('Ctrl Pts',(-1.18763238837069,-2.21615967662912,-1.27319078510253));
#4455=CARTESIAN_POINT('Ctrl Pts',(-1.18757126876582,-2.2163827179526,-1.27389989027211));
#4456=CARTESIAN_POINT('Ctrl Pts',(-1.18736487371769,-2.21710909176197,-1.27538047822838));
#4457=CARTESIAN_POINT('Ctrl Pts',(-1.18720228428664,-2.21766716617767,-1.27613048953592));
#4458=CARTESIAN_POINT('Ctrl Pts',(-1.18632128721383,-2.2205514791465,-1.27943349866921));
#4459=CARTESIAN_POINT('Ctrl Pts',(-1.18507223992327,-2.22404849891389,-1.28166394039258));
#4460=CARTESIAN_POINT('Ctrl Pts',(-1.18220512555011,-2.23057352425551,-1.28536590675994));
#4461=CARTESIAN_POINT('Ctrl Pts',(-1.18011746813249,-2.23454894854389,-1.28716797354844));
#4462=CARTESIAN_POINT('Ctrl Pts',(-1.17510326311741,-2.24224527226166,-1.28974369447366));
#4463=CARTESIAN_POINT('Ctrl Pts',(-1.17217177401433,-2.24596874752469,-1.2905));
#4464=CARTESIAN_POINT('Ctrl Pts',(-1.16915722851491,-2.24920319890435,-1.2905));
#4465=CARTESIAN_POINT('',(-1.1905,-2.195,-1.16368111511687));
#4466=CARTESIAN_POINT('Origin',(-1.111,-2.195,-4.19966362923041));
#4467=CARTESIAN_POINT('',(-1.1905,-2.195,0.));
#4468=CARTESIAN_POINT('',(-1.1905,-2.195,0.));
#4469=CARTESIAN_POINT('Origin',(-1.111,-2.195,0.));
#4470=CARTESIAN_POINT('',(-1.18765088902696,-2.17390755558553,-1.2724842735437));
#4471=CARTESIAN_POINT('Origin',(-1.111,-2.195,-4.19966362923041));
#4472=CARTESIAN_POINT('',(-1.16915722851491,-2.14079680109565,-1.2905));
#4473=CARTESIAN_POINT('Ctrl Pts',(-1.16915722851491,-2.14079680109565,-1.2905));
#4474=CARTESIAN_POINT('Ctrl Pts',(-1.17217177401433,-2.14403125247531,-1.2905));
#4475=CARTESIAN_POINT('Ctrl Pts',(-1.17510326311741,-2.14775472773834,-1.28974369447366));
#4476=CARTESIAN_POINT('Ctrl Pts',(-1.18011746813249,-2.15545105145611,-1.28716797354844));
#4477=CARTESIAN_POINT('Ctrl Pts',(-1.18220512555011,-2.15942647574449,-1.28536590675994));
#4478=CARTESIAN_POINT('Ctrl Pts',(-1.18507223992327,-2.16595150108611,-1.28166394039258));
#4479=CARTESIAN_POINT('Ctrl Pts',(-1.18632128721383,-2.1694485208535,-1.27943349866921));
#4480=CARTESIAN_POINT('Ctrl Pts',(-1.18720228428664,-2.17233283382233,-1.27613048953592));
#4481=CARTESIAN_POINT('Ctrl Pts',(-1.18736487371769,-2.17289090823803,-1.27538047822838));
#4482=CARTESIAN_POINT('Ctrl Pts',(-1.18757126876582,-2.1736172820474,-1.27389989027212));
#4483=CARTESIAN_POINT('Ctrl Pts',(-1.18763238837069,-2.17384032337088,-1.27319078510253));
#4484=CARTESIAN_POINT('Ctrl Pts',(-1.18765088902696,-2.17390755558553,-1.2724842735437));
#4485=CARTESIAN_POINT('',(-1.05679680109565,-2.25315722851491,-1.2905));
#4486=CARTESIAN_POINT('Origin',(-1.111,-2.195,-1.2905));
#4487=CARTESIAN_POINT('Ctrl Pts',(-1.08990755558553,-2.27165088902695,-1.2724842735437));
#4488=CARTESIAN_POINT('Ctrl Pts',(-1.08984032337088,-2.27163238837069,-1.27319078510253));
#4489=CARTESIAN_POINT('Ctrl Pts',(-1.08961728204739,-2.27157126876582,-1.27389989027212));
#4490=CARTESIAN_POINT('Ctrl Pts',(-1.08889090823803,-2.27136487371769,-1.27538047822838));
#4491=CARTESIAN_POINT('Ctrl Pts',(-1.08833283382233,-2.27120228428664,-1.27613048953592));
#4492=CARTESIAN_POINT('Ctrl Pts',(-1.0854485208535,-2.27032128721383,-1.27943349866921));
#4493=CARTESIAN_POINT('Ctrl Pts',(-1.08195150108611,-2.26907223992327,-1.28166394039258));
#4494=CARTESIAN_POINT('Ctrl Pts',(-1.07542647574449,-2.26620512555011,-1.28536590675994));
#4495=CARTESIAN_POINT('Ctrl Pts',(-1.07145105145611,-2.26411746813249,-1.28716797354844));
#4496=CARTESIAN_POINT('Ctrl Pts',(-1.06375472773834,-2.25910326311741,-1.28974369447366));
#4497=CARTESIAN_POINT('Ctrl Pts',(-1.06003125247531,-2.25617177401433,-1.2905));
#4498=CARTESIAN_POINT('Ctrl Pts',(-1.05679680109565,-2.25315722851491,-1.2905));
#4499=CARTESIAN_POINT('Origin',(-0.9375,-2.26997206241199,0.));
#4500=CARTESIAN_POINT('',(-0.972459713116628,-2.27165088902695,-1.2724842735437));
#4501=CARTESIAN_POINT('Ctrl Pts',(-0.9725,-2.26997206241199,-1.27971436070024));
#4502=CARTESIAN_POINT('Ctrl Pts',(-0.9725,-2.27102375706464,-1.27742200342244));
#4503=CARTESIAN_POINT('Ctrl Pts',(-0.972462757236666,-2.27158749858373,
-1.27490505690462));
#4504=CARTESIAN_POINT('Ctrl Pts',(-0.972459713116628,-2.27165088902695,
-1.2724842735437));
#4505=CARTESIAN_POINT('',(-0.9375,-2.30497206241199,0.));
#4506=CARTESIAN_POINT('Origin',(-0.9375,-2.26997206241199,0.));
#4507=CARTESIAN_POINT('Origin',(-0.9375,-2.26997206241199,-1.3365960753959));
#4508=CARTESIAN_POINT('Origin',(-0.58875,-2.25315722851491,-1.272));
#4509=CARTESIAN_POINT('',(0.972459713116628,-2.27165088902695,-1.2724842735437));
#4510=CARTESIAN_POINT('',(-0.58875,-2.27165088902695,-1.2724842735437));
#4511=CARTESIAN_POINT('',(0.9725,-2.26997206241199,-1.27971436070024));
#4512=CARTESIAN_POINT('Ctrl Pts',(0.972459713116628,-2.27165088902695,-1.2724842735437));
#4513=CARTESIAN_POINT('Ctrl Pts',(0.972462757096918,-2.27158750149381,-1.27490494577296));
#4514=CARTESIAN_POINT('Ctrl Pts',(0.9725,-2.27102380592708,-1.27742189691799));
#4515=CARTESIAN_POINT('Ctrl Pts',(0.9725,-2.26997206241199,-1.27971436070024));
#4516=CARTESIAN_POINT('Origin',(0.9725,-2.25315722851491,-1.272));
#4517=CARTESIAN_POINT('Origin',(0.,0.,-1.2905));
#4518=CARTESIAN_POINT('',(0.58875,2.25315722851491,-1.2905));
#4519=CARTESIAN_POINT('',(1.16915722851491,-1.13075,-1.2905));
#4520=CARTESIAN_POINT('Origin',(-1.1775,-2.30502792801449,0.00213342128709167));
#4521=CARTESIAN_POINT('',(0.937500000000001,-2.30497206241199,0.));
#4522=CARTESIAN_POINT('',(-0.58875,-2.30497206241199,0.));
#4523=CARTESIAN_POINT('Origin',(0.9375,-2.26997206241199,-1.33659607539591));
#4524=CARTESIAN_POINT('Origin',(-1.16915722851491,1.13075,-1.272));
#4525=CARTESIAN_POINT('',(-1.18597206241199,2.0565,-1.27971436070024));
#4526=CARTESIAN_POINT('Origin',(-1.16915722851491,2.0565,-1.272));
#4527=CARTESIAN_POINT('',(-1.18765088902696,2.05645971311663,-1.2724842735437));
#4528=CARTESIAN_POINT('Ctrl Pts',(-1.18597206241199,2.0565,-1.27971436070024));
#4529=CARTESIAN_POINT('Ctrl Pts',(-1.18702375706464,2.0565,-1.27742200342244));
#4530=CARTESIAN_POINT('Ctrl Pts',(-1.18758749858373,2.05646275723667,-1.27490505690462));
#4531=CARTESIAN_POINT('Ctrl Pts',(-1.18765088902696,2.05645971311663,-1.2724842735437));
#4532=CARTESIAN_POINT('',(-1.18765088902696,1.13075,-1.2724842735437));
#4533=CARTESIAN_POINT('Origin',(-1.22102792801449,2.2615,0.00213342128709166));
#4534=CARTESIAN_POINT('',(-1.22097206241199,2.0215,0.));
#4535=CARTESIAN_POINT('Origin',(-1.18597206241199,2.0215,-1.33659607539589));
#4536=CARTESIAN_POINT('',(-1.22097206241199,1.13075,0.));
#4537=CARTESIAN_POINT('Origin',(-1.22102792801449,2.2615,0.00213342128709166));
#4538=CARTESIAN_POINT('',(-1.18765088902696,1.13075,-1.2724842735437));
#4539=CARTESIAN_POINT('Origin',(-1.18597206241199,2.0215,0.));
#4540=CARTESIAN_POINT('',(-1.18597206241199,2.0565,0.));
#4541=CARTESIAN_POINT('',(-1.18597206241199,2.0565,0.));
#4542=CARTESIAN_POINT('Origin',(-1.18597206241199,2.0215,0.));
#4543=CARTESIAN_POINT('Origin',(-1.111,2.0565,0.));
#4544=CARTESIAN_POINT('',(-1.111,2.0565,0.));
#4545=CARTESIAN_POINT('',(-1.111,2.0565,0.));
#4546=CARTESIAN_POINT('',(-1.185,2.0565,0.));
#4547=CARTESIAN_POINT('Origin',(-1.111,2.195,0.));
#4548=CARTESIAN_POINT('',(-1.16520319890435,2.25315722851491,-1.2905));
#4549=CARTESIAN_POINT('',(-1.16915722851491,2.24920319890435,-1.2905));
#4550=CARTESIAN_POINT('Origin',(-1.111,2.195,-1.2905));
#4551=CARTESIAN_POINT('',(-1.13209244441447,2.27165088902695,-1.2724842735437));
#4552=CARTESIAN_POINT('Ctrl Pts',(-1.13209244441447,2.27165088902695,-1.2724842735437));
#4553=CARTESIAN_POINT('Ctrl Pts',(-1.13215967662912,2.27163238837069,-1.27319078510253));
#4554=CARTESIAN_POINT('Ctrl Pts',(-1.1323827179526,2.27157126876582,-1.27389989027212));
#4555=CARTESIAN_POINT('Ctrl Pts',(-1.13310909176197,2.27136487371769,-1.27538047822838));
#4556=CARTESIAN_POINT('Ctrl Pts',(-1.13366716617767,2.27120228428664,-1.27613048953592));
#4557=CARTESIAN_POINT('Ctrl Pts',(-1.1365514791465,2.27032128721383,-1.27943349866921));
#4558=CARTESIAN_POINT('Ctrl Pts',(-1.14004849891389,2.26907223992327,-1.28166394039258));
#4559=CARTESIAN_POINT('Ctrl Pts',(-1.14657352425551,2.26620512555011,-1.28536590675994));
#4560=CARTESIAN_POINT('Ctrl Pts',(-1.15054894854389,2.26411746813249,-1.28716797354844));
#4561=CARTESIAN_POINT('Ctrl Pts',(-1.15824527226166,2.25910326311741,-1.28974369447366));
#4562=CARTESIAN_POINT('Ctrl Pts',(-1.16196874752469,2.25617177401433,-1.2905));
#4563=CARTESIAN_POINT('Ctrl Pts',(-1.16520319890435,2.25315722851491,-1.2905));
#4564=CARTESIAN_POINT('',(-1.08990755558553,2.27165088902695,-1.2724842735437));
#4565=CARTESIAN_POINT('Origin',(-1.111,2.195,-4.1996636292304));
#4566=CARTESIAN_POINT('',(-1.05679680109565,2.25315722851491,-1.2905));
#4567=CARTESIAN_POINT('Ctrl Pts',(-1.05679680109565,2.25315722851491,-1.2905));
#4568=CARTESIAN_POINT('Ctrl Pts',(-1.06003125247531,2.25617177401433,-1.2905));
#4569=CARTESIAN_POINT('Ctrl Pts',(-1.06375472773834,2.25910326311741,-1.28974369447366));
#4570=CARTESIAN_POINT('Ctrl Pts',(-1.07145105145611,2.26411746813249,-1.28716797354844));
#4571=CARTESIAN_POINT('Ctrl Pts',(-1.07542647574449,2.26620512555011,-1.28536590675994));
#4572=CARTESIAN_POINT('Ctrl Pts',(-1.08195150108611,2.26907223992327,-1.28166394039258));
#4573=CARTESIAN_POINT('Ctrl Pts',(-1.0854485208535,2.27032128721383,-1.27943349866921));
#4574=CARTESIAN_POINT('Ctrl Pts',(-1.08833283382233,2.27120228428664,-1.27613048953592));
#4575=CARTESIAN_POINT('Ctrl Pts',(-1.08889090823803,2.27136487371769,-1.27538047822838));
#4576=CARTESIAN_POINT('Ctrl Pts',(-1.0896172820474,2.27157126876582,-1.27389989027212));
#4577=CARTESIAN_POINT('Ctrl Pts',(-1.08984032337088,2.27163238837069,-1.27319078510253));
#4578=CARTESIAN_POINT('Ctrl Pts',(-1.08990755558553,2.27165088902695,-1.2724842735437));
#4579=CARTESIAN_POINT('',(-1.16915722851491,2.14079680109565,-1.2905));
#4580=CARTESIAN_POINT('Origin',(-1.111,2.195,-1.2905));
#4581=CARTESIAN_POINT('',(-1.18765088902696,2.17390755558553,-1.2724842735437));
#4582=CARTESIAN_POINT('Ctrl Pts',(-1.18765088902696,2.17390755558553,-1.2724842735437));
#4583=CARTESIAN_POINT('Ctrl Pts',(-1.18763238837069,2.17384032337088,-1.27319078510253));
#4584=CARTESIAN_POINT('Ctrl Pts',(-1.18757126876582,2.1736172820474,-1.27389989027212));
#4585=CARTESIAN_POINT('Ctrl Pts',(-1.18736487371769,2.17289090823803,-1.27538047822838));
#4586=CARTESIAN_POINT('Ctrl Pts',(-1.18720228428664,2.17233283382233,-1.27613048953592));
#4587=CARTESIAN_POINT('Ctrl Pts',(-1.18632128721383,2.1694485208535,-1.27943349866921));
#4588=CARTESIAN_POINT('Ctrl Pts',(-1.18507223992327,2.16595150108611,-1.28166394039258));
#4589=CARTESIAN_POINT('Ctrl Pts',(-1.18220512555011,2.15942647574449,-1.28536590675994));
#4590=CARTESIAN_POINT('Ctrl Pts',(-1.18011746813249,2.15545105145611,-1.28716797354844));
#4591=CARTESIAN_POINT('Ctrl Pts',(-1.17510326311741,2.14775472773834,-1.28974369447366));
#4592=CARTESIAN_POINT('Ctrl Pts',(-1.17217177401433,2.14403125247531,-1.2905));
#4593=CARTESIAN_POINT('Ctrl Pts',(-1.16915722851491,2.14079680109565,-1.2905));
#4594=CARTESIAN_POINT('',(-1.1905,2.195,-1.16368111511687));
#4595=CARTESIAN_POINT('Origin',(-1.111,2.195,-4.19966362923041));
#4596=CARTESIAN_POINT('',(-1.1905,2.195,0.));
#4597=CARTESIAN_POINT('',(-1.1905,2.195,0.));
#4598=CARTESIAN_POINT('Origin',(-1.111,2.195,0.));
#4599=CARTESIAN_POINT('',(-1.18765088902696,2.21609244441447,-1.2724842735437));
#4600=CARTESIAN_POINT('Origin',(-1.111,2.195,-4.19966362923041));
#4601=CARTESIAN_POINT('Ctrl Pts',(-1.16915722851491,2.24920319890435,-1.2905));
#4602=CARTESIAN_POINT('Ctrl Pts',(-1.17217177401433,2.24596874752469,-1.2905));
#4603=CARTESIAN_POINT('Ctrl Pts',(-1.17510326311741,2.24224527226166,-1.28974369447366));
#4604=CARTESIAN_POINT('Ctrl Pts',(-1.18011746813249,2.23454894854389,-1.28716797354844));
#4605=CARTESIAN_POINT('Ctrl Pts',(-1.18220512555011,2.23057352425551,-1.28536590675994));
#4606=CARTESIAN_POINT('Ctrl Pts',(-1.18507223992327,2.22404849891389,-1.28166394039258));
#4607=CARTESIAN_POINT('Ctrl Pts',(-1.18632128721383,2.2205514791465,-1.27943349866921));
#4608=CARTESIAN_POINT('Ctrl Pts',(-1.18720228428664,2.21766716617767,-1.27613048953592));
#4609=CARTESIAN_POINT('Ctrl Pts',(-1.18736487371769,2.21710909176197,-1.27538047822838));
#4610=CARTESIAN_POINT('Ctrl Pts',(-1.18757126876582,2.2163827179526,-1.27389989027212));
#4611=CARTESIAN_POINT('Ctrl Pts',(-1.18763238837069,2.21615967662912,-1.27319078510253));
#4612=CARTESIAN_POINT('Ctrl Pts',(-1.18765088902696,2.21609244441447,-1.2724842735437));
#4613=CARTESIAN_POINT('Origin',(-1.111,2.195,0.));
#4614=CARTESIAN_POINT('',(-0.9725,2.195,0.));
#4615=CARTESIAN_POINT('',(-0.9725,2.195,0.));
#4616=CARTESIAN_POINT('Origin',(-1.111,2.195,0.));
#4617=CARTESIAN_POINT('Origin',(-0.9725,2.26997206241199,0.));
#4618=CARTESIAN_POINT('',(-0.9725,2.26997206241199,0.));
#4619=CARTESIAN_POINT('',(-0.9725,2.26997206241199,0.));
#4620=CARTESIAN_POINT('',(-0.9725,2.195,0.));
#4621=CARTESIAN_POINT('Origin',(-0.9375,2.26997206241199,0.));
#4622=CARTESIAN_POINT('Origin',(-0.9375,2.26997206241199,0.));
#4623=CARTESIAN_POINT('Origin',(1.1775,2.30502792801449,0.00213342128709167));
#4624=CARTESIAN_POINT('',(0.58875,2.27165088902695,-1.2724842735437));
#4625=CARTESIAN_POINT('Origin',(0.58875,2.25315722851491,-1.272));
#4626=CARTESIAN_POINT('Origin',(0.58875,2.25315722851491,-1.272));
#4627=CARTESIAN_POINT('',(0.58875,2.25315722851491,-1.2905));
#4628=CARTESIAN_POINT('Origin',(-1.16915722851491,1.13075,-1.272));
#4629=CARTESIAN_POINT('',(-1.16915722851491,1.13075,-1.2905));
#4630=CARTESIAN_POINT('Origin',(0.,0.,-1.2905));
#4631=CARTESIAN_POINT('',(-0.58875,-2.25315722851491,-1.2905));
#4632=CARTESIAN_POINT('Origin',(0.,0.,-1.2905));
#4633=CARTESIAN_POINT('',(-1.16915722851491,1.13075,-1.2905));
#4634=CARTESIAN_POINT('Origin',(1.18597206241199,-2.0215,0.));
#4635=CARTESIAN_POINT('',(1.18597206241199,-2.0565,0.));
#4636=CARTESIAN_POINT('',(1.18597206241199,-2.0565,0.));
#4637=CARTESIAN_POINT('Origin',(1.18597206241199,-2.0215,0.));
#4638=CARTESIAN_POINT('Origin',(1.111,-2.0565,0.));
#4639=CARTESIAN_POINT('',(1.111,-2.0565,0.));
#4640=CARTESIAN_POINT('',(1.111,-2.0565,0.));
#4641=CARTESIAN_POINT('',(1.185,-2.0565,0.));
#4642=CARTESIAN_POINT('Origin',(1.111,-2.195,0.));
#4643=CARTESIAN_POINT('',(0.9725,-2.195,0.));
#4644=CARTESIAN_POINT('',(0.9725,-2.195,0.));
#4645=CARTESIAN_POINT('Origin',(1.111,-2.195,0.));
#4646=CARTESIAN_POINT('Origin',(0.9725,-2.26997206241199,0.));
#4647=CARTESIAN_POINT('',(0.9725,-2.26997206241199,0.));
#4648=CARTESIAN_POINT('',(0.9725,-2.26997206241199,0.));
#4649=CARTESIAN_POINT('',(0.9725,-2.195,0.));
#4650=CARTESIAN_POINT('Origin',(1.111,-2.195,0.));
#4651=CARTESIAN_POINT('',(1.05679680109565,-2.25315722851491,-1.2905));
#4652=CARTESIAN_POINT('',(1.08990755558553,-2.27165088902695,-1.2724842735437));
#4653=CARTESIAN_POINT('Ctrl Pts',(1.05679680109565,-2.25315722851491,-1.2905));
#4654=CARTESIAN_POINT('Ctrl Pts',(1.06003125247531,-2.25617177401433,-1.2905));
#4655=CARTESIAN_POINT('Ctrl Pts',(1.06375472773834,-2.25910326311741,-1.28974369447366));
#4656=CARTESIAN_POINT('Ctrl Pts',(1.07145105145611,-2.26411746813249,-1.28716797354844));
#4657=CARTESIAN_POINT('Ctrl Pts',(1.07542647574449,-2.26620512555011,-1.28536590675994));
#4658=CARTESIAN_POINT('Ctrl Pts',(1.08195150108611,-2.26907223992327,-1.28166394039258));
#4659=CARTESIAN_POINT('Ctrl Pts',(1.0854485208535,-2.27032128721383,-1.27943349866921));
#4660=CARTESIAN_POINT('Ctrl Pts',(1.08833283382233,-2.27120228428664,-1.27613048953592));
#4661=CARTESIAN_POINT('Ctrl Pts',(1.08889090823803,-2.27136487371769,-1.27538047822838));
#4662=CARTESIAN_POINT('Ctrl Pts',(1.0896172820474,-2.27157126876582,-1.27389989027212));
#4663=CARTESIAN_POINT('Ctrl Pts',(1.08984032337088,-2.27163238837069,-1.27319078510253));
#4664=CARTESIAN_POINT('Ctrl Pts',(1.08990755558553,-2.27165088902695,-1.2724842735437));
#4665=CARTESIAN_POINT('',(1.0315,-2.195,-1.2905));
#4666=CARTESIAN_POINT('Origin',(1.111,-2.195,-1.2905));
#4667=CARTESIAN_POINT('',(1.0315,-2.195,0.));
#4668=CARTESIAN_POINT('',(1.0315,-2.195,0.));
#4669=CARTESIAN_POINT('Origin',(1.111,-2.195,0.));
#4670=CARTESIAN_POINT('',(1.16915722851491,-2.14079680109565,-1.2905));
#4671=CARTESIAN_POINT('Origin',(1.111,-2.195,-1.2905));
#4672=CARTESIAN_POINT('',(1.18765088902696,-2.17390755558553,-1.2724842735437));
#4673=CARTESIAN_POINT('Ctrl Pts',(1.18765088902696,-2.17390755558553,-1.2724842735437));
#4674=CARTESIAN_POINT('Ctrl Pts',(1.18763238837069,-2.17384032337088,-1.27319078510253));
#4675=CARTESIAN_POINT('Ctrl Pts',(1.18757126876582,-2.1736172820474,-1.27389989027211));
#4676=CARTESIAN_POINT('Ctrl Pts',(1.18736487371769,-2.17289090823803,-1.27538047822838));
#4677=CARTESIAN_POINT('Ctrl Pts',(1.18720228428664,-2.17233283382233,-1.27613048953592));
#4678=CARTESIAN_POINT('Ctrl Pts',(1.18632128721383,-2.1694485208535,-1.27943349866921));
#4679=CARTESIAN_POINT('Ctrl Pts',(1.18507223992327,-2.16595150108611,-1.28166394039258));
#4680=CARTESIAN_POINT('Ctrl Pts',(1.18220512555011,-2.15942647574449,-1.28536590675994));
#4681=CARTESIAN_POINT('Ctrl Pts',(1.18011746813249,-2.15545105145611,-1.28716797354844));
#4682=CARTESIAN_POINT('Ctrl Pts',(1.17510326311741,-2.14775472773834,-1.28974369447366));
#4683=CARTESIAN_POINT('Ctrl Pts',(1.17217177401433,-2.14403125247531,-1.2905));
#4684=CARTESIAN_POINT('Ctrl Pts',(1.16915722851491,-2.14079680109565,-1.2905));
#4685=CARTESIAN_POINT('',(1.18765088902696,-2.21609244441447,-1.2724842735437));
#4686=CARTESIAN_POINT('Origin',(1.111,-2.195,-4.19966362923042));
#4687=CARTESIAN_POINT('',(1.16915722851491,-2.24920319890435,-1.2905));
#4688=CARTESIAN_POINT('Ctrl Pts',(1.16915722851491,-2.24920319890435,-1.2905));
#4689=CARTESIAN_POINT('Ctrl Pts',(1.17217177401433,-2.24596874752469,-1.2905));
#4690=CARTESIAN_POINT('Ctrl Pts',(1.17510326311741,-2.24224527226166,-1.28974369447366));
#4691=CARTESIAN_POINT('Ctrl Pts',(1.18011746813249,-2.23454894854389,-1.28716797354844));
#4692=CARTESIAN_POINT('Ctrl Pts',(1.18220512555011,-2.23057352425551,-1.28536590675994));
#4693=CARTESIAN_POINT('Ctrl Pts',(1.18507223992327,-2.22404849891389,-1.28166394039258));
#4694=CARTESIAN_POINT('Ctrl Pts',(1.18632128721383,-2.2205514791465,-1.27943349866921));
#4695=CARTESIAN_POINT('Ctrl Pts',(1.18720228428664,-2.21766716617767,-1.27613048953592));
#4696=CARTESIAN_POINT('Ctrl Pts',(1.18736487371769,-2.21710909176197,-1.27538047822838));
#4697=CARTESIAN_POINT('Ctrl Pts',(1.18757126876582,-2.2163827179526,-1.27389989027212));
#4698=CARTESIAN_POINT('Ctrl Pts',(1.18763238837069,-2.21615967662912,-1.27319078510253));
#4699=CARTESIAN_POINT('Ctrl Pts',(1.18765088902696,-2.21609244441447,-1.2724842735437));
#4700=CARTESIAN_POINT('',(1.16520319890435,-2.25315722851491,-1.2905));
#4701=CARTESIAN_POINT('Origin',(1.111,-2.195,-1.2905));
#4702=CARTESIAN_POINT('',(1.13209244441447,-2.27165088902695,-1.2724842735437));
#4703=CARTESIAN_POINT('Ctrl Pts',(1.13209244441447,-2.27165088902695,-1.2724842735437));
#4704=CARTESIAN_POINT('Ctrl Pts',(1.13215967662912,-2.27163238837069,-1.27319078510253));
#4705=CARTESIAN_POINT('Ctrl Pts',(1.1323827179526,-2.27157126876582,-1.27389989027212));
#4706=CARTESIAN_POINT('Ctrl Pts',(1.13310909176197,-2.27136487371769,-1.27538047822838));
#4707=CARTESIAN_POINT('Ctrl Pts',(1.13366716617767,-2.27120228428664,-1.27613048953592));
#4708=CARTESIAN_POINT('Ctrl Pts',(1.1365514791465,-2.27032128721383,-1.27943349866921));
#4709=CARTESIAN_POINT('Ctrl Pts',(1.14004849891389,-2.26907223992327,-1.28166394039258));
#4710=CARTESIAN_POINT('Ctrl Pts',(1.14657352425551,-2.26620512555011,-1.28536590675994));
#4711=CARTESIAN_POINT('Ctrl Pts',(1.15054894854389,-2.26411746813249,-1.28716797354844));
#4712=CARTESIAN_POINT('Ctrl Pts',(1.15824527226166,-2.25910326311741,-1.28974369447366));
#4713=CARTESIAN_POINT('Ctrl Pts',(1.16196874752469,-2.25617177401433,-1.2905));
#4714=CARTESIAN_POINT('Ctrl Pts',(1.16520319890435,-2.25315722851491,-1.2905));
#4715=CARTESIAN_POINT('Origin',(1.111,-2.195,-4.19966362923039));
#4716=CARTESIAN_POINT('Origin',(0.9375,-2.26997206241199,0.));
#4717=CARTESIAN_POINT('Origin',(0.9375,-2.26997206241199,0.));
#4718=CARTESIAN_POINT('Origin',(1.22102792801449,-2.2615,0.00213342128709166));
#4719=CARTESIAN_POINT('',(1.18765088902696,-1.13075,-1.2724842735437));
#4720=CARTESIAN_POINT('Origin',(1.22102792801449,-2.2615,0.00213342128709166));
#4721=CARTESIAN_POINT('',(1.18765088902696,-1.13075,-1.2724842735437));
#4722=CARTESIAN_POINT('Origin',(1.16915722851491,-1.13075,-1.272));
#4723=CARTESIAN_POINT('Origin',(1.16915722851491,-1.13075,-1.272));
#4724=CARTESIAN_POINT('',(1.16915722851491,-1.13075,-1.2905));
#4725=CARTESIAN_POINT('Origin',(-1.1775,-2.30502792801449,0.00213342128709167));
#4726=CARTESIAN_POINT('',(-0.58875,-2.27165088902695,-1.2724842735437));
#4727=CARTESIAN_POINT('Origin',(-0.58875,-2.25315722851491,-1.272));
#4728=CARTESIAN_POINT('Origin',(-0.58875,-2.25315722851491,-1.272));
#4729=CARTESIAN_POINT('',(-0.58875,-2.25315722851491,-1.2905));
#4730=CARTESIAN_POINT('',(-0.58875,-2.27165088902695,-1.2724842735437));
#4731=CARTESIAN_POINT('Origin',(-1.16915722851491,1.13075,-1.272));
#4732=CARTESIAN_POINT('',(-1.18765088902696,1.13075,-1.2724842735437));
#4733=CARTESIAN_POINT('Origin',(0.,0.,-1.2905));
#4734=CARTESIAN_POINT('Origin',(-1.1775,-2.30502792801449,0.00213342128709167));
#4735=CARTESIAN_POINT('Origin',(-1.22102792801449,2.2615,0.00213342128709166));
#4736=CARTESIAN_POINT('Origin',(1.16915722851491,-1.13075,-1.272));
#4737=CARTESIAN_POINT('',(1.16915722851491,2.25315722851491,-1.372));
#4738=CARTESIAN_POINT('',(1.26912296101246,2.2615,-1.27461769483079));
#4739=CARTESIAN_POINT('Ctrl Pts',(1.16915722851491,2.25315722851491,-1.372));
#4740=CARTESIAN_POINT('Ctrl Pts',(1.17704746684004,2.25358339552841,-1.372));
#4741=CARTESIAN_POINT('Ctrl Pts',(1.18493729342292,2.25400956254192,-1.37106182621134));
#4742=CARTESIAN_POINT('Ctrl Pts',(1.19260751581795,2.25443572955543,-1.3692115426552));
#4743=CARTESIAN_POINT('Ctrl Pts',(1.20027571356699,2.25486178407711,-1.36736174750331));
#4744=CARTESIAN_POINT('Ctrl Pts',(1.20772362379725,2.25528783859879,-1.36460051918725));
#4745=CARTESIAN_POINT('Ctrl Pts',(1.21474443954242,2.25571389312047,-1.36100452904618));
#4746=CARTESIAN_POINT('Ctrl Pts',(1.22176371038896,2.25613985389078,-1.35740933018642));
#4747=CARTESIAN_POINT('Ctrl Pts',(1.22835534414415,2.2565658146611,-1.352980113139));
#4748=CARTESIAN_POINT('Ctrl Pts',(1.23433639003815,2.25699177543142,-1.34783981080624));
#4749=CARTESIAN_POINT('Ctrl Pts',(1.24032127003665,2.25741800926068,-1.34269621332133));
#4750=CARTESIAN_POINT('Ctrl Pts',(1.24569415107665,2.25784424308995,-1.33684115104207));
#4751=CARTESIAN_POINT('Ctrl Pts',(1.25030571920833,2.25827047691921,-1.33043733787724));
#4752=CARTESIAN_POINT('Ctrl Pts',(1.2549148418438,2.25869648471837,-1.32403692062903));
#4753=CARTESIAN_POINT('Ctrl Pts',(1.25876298180049,2.25912249251754,-1.31708900454151));
#4754=CARTESIAN_POINT('Ctrl Pts',(1.26174331057965,2.2595485003167,-1.30978647122847));
#4755=CARTESIAN_POINT('Ctrl Pts',(1.26472440683968,2.25997461781947,-1.30248205739991));
#4756=CARTESIAN_POINT('Ctrl Pts',(1.26683693199541,2.26040073532225,-1.29482360454116));
#4757=CARTESIAN_POINT('Ctrl Pts',(1.26802221012263,2.26082685282502,-1.28702382813081));
#4758=CARTESIAN_POINT('Ctrl Pts',(1.26864634674982,2.26105123521668,-1.28291666878164));
#4759=CARTESIAN_POINT('Ctrl Pts',(1.26901421381378,2.26127561760834,-1.2787705828013));
#4760=CARTESIAN_POINT('Ctrl Pts',(1.26912296101246,2.2615,-1.27461769483079));
#4761=CARTESIAN_POINT('',(1.26912296101246,-2.2615,-1.27461769483079));
#4762=CARTESIAN_POINT('',(1.26912296101246,-1.13075,-1.27461769483079));
#4763=CARTESIAN_POINT('',(1.16915722851491,-2.25315722851491,-1.372));
#4764=CARTESIAN_POINT('Ctrl Pts',(1.26912296101246,-2.2615,-1.27461769483079));
#4765=CARTESIAN_POINT('Ctrl Pts',(1.26891641865169,-2.26107383298649,-1.28250522936831));
#4766=CARTESIAN_POINT('Ctrl Pts',(1.26777203476914,-2.26064766597298,-1.2903677937779));
#4767=CARTESIAN_POINT('Ctrl Pts',(1.26572160224382,-2.26022149895948,-1.29798695300229));
#4768=CARTESIAN_POINT('Ctrl Pts',(1.26367171095444,-2.2597954444378,-1.3056041010594));
#4769=CARTESIAN_POINT('Ctrl Pts',(1.26071646528125,-2.25936938991612,-1.31297717854594));
#4770=CARTESIAN_POINT('Ctrl Pts',(1.25693792386536,-2.25894333539444,-1.31990145638487));
#4771=CARTESIAN_POINT('Ctrl Pts',(1.25316021390034,-2.25851737462412,-1.32682421056789));
#4772=CARTESIAN_POINT('Ctrl Pts',(1.24855996577891,-2.25809141385381,-1.33329764214913));
#4773=CARTESIAN_POINT('Ctrl Pts',(1.24326485937018,-2.25766545308349,-1.33914208105963));
#4774=CARTESIAN_POINT('Ctrl Pts',(1.23796635857331,-2.25723921925423,-1.34499026650375));
#4775=CARTESIAN_POINT('Ctrl Pts',(1.23197265704842,-2.25681298542496,-1.35020803872898));
#4776=CARTESIAN_POINT('Ctrl Pts',(1.22545032152982,-2.2563867515957,-1.35465039430526));
#4777=CARTESIAN_POINT('Ctrl Pts',(1.21893144477977,-2.25596074379653,-1.35909039411806));
#4778=CARTESIAN_POINT('Ctrl Pts',(1.21188517700884,-2.25553473599737,-1.36275534017302));
#4779=CARTESIAN_POINT('Ctrl Pts',(1.20450713017919,-2.25510872819821,-1.3655434896309));
#4780=CARTESIAN_POINT('Ctrl Pts',(1.19712718338812,-2.25468261069543,-1.36833235708048));
#4781=CARTESIAN_POINT('Ctrl Pts',(1.18941605542809,-2.25425649319266,-1.370243683402));
#4782=CARTESIAN_POINT('Ctrl Pts',(1.18158792484204,-2.25383037568989,-1.3712243810201));
#4783=CARTESIAN_POINT('Ctrl Pts',(1.17746583492158,-2.25360599329823,-1.37174079087328));
#4784=CARTESIAN_POINT('Ctrl Pts',(1.17331154006423,-2.25338161090657,-1.372));
#4785=CARTESIAN_POINT('Ctrl Pts',(1.16915722851491,-2.25315722851491,-1.372));
#4786=CARTESIAN_POINT('',(1.16915722851491,-1.13075,-1.372));
#4787=CARTESIAN_POINT('Origin',(-0.58875,-2.25315722851491,-1.272));
#4788=CARTESIAN_POINT('',(1.1775,-2.35312296101246,-1.27461769483079));
#4789=CARTESIAN_POINT('Ctrl Pts',(1.16915722851491,-2.25315722851491,-1.372));
#4790=CARTESIAN_POINT('Ctrl Pts',(1.16958339552841,-2.26104746684004,-1.372));
#4791=CARTESIAN_POINT('Ctrl Pts',(1.17000956254192,-2.26893729342292,-1.37106182621134));
#4792=CARTESIAN_POINT('Ctrl Pts',(1.17043572955543,-2.27660751581796,-1.3692115426552));
#4793=CARTESIAN_POINT('Ctrl Pts',(1.17086178407711,-2.28427571356699,-1.36736174750331));
#4794=CARTESIAN_POINT('Ctrl Pts',(1.17128783859879,-2.29172362379725,-1.36460051918725));
#4795=CARTESIAN_POINT('Ctrl Pts',(1.17171389312047,-2.29874443954242,-1.36100452904618));
#4796=CARTESIAN_POINT('Ctrl Pts',(1.17213985389078,-2.30576371038896,-1.35740933018642));
#4797=CARTESIAN_POINT('Ctrl Pts',(1.1725658146611,-2.31235534414415,-1.352980113139));
#4798=CARTESIAN_POINT('Ctrl Pts',(1.17299177543142,-2.31833639003815,-1.34783981080624));
#4799=CARTESIAN_POINT('Ctrl Pts',(1.17341800926068,-2.32432127003665,-1.34269621332133));
#4800=CARTESIAN_POINT('Ctrl Pts',(1.17384424308995,-2.32969415107665,-1.33684115104207));
#4801=CARTESIAN_POINT('Ctrl Pts',(1.17427047691921,-2.33430571920834,-1.33043733787724));
#4802=CARTESIAN_POINT('Ctrl Pts',(1.17469648471837,-2.3389148418438,-1.32403692062903));
#4803=CARTESIAN_POINT('Ctrl Pts',(1.17512249251754,-2.34276298180049,-1.31708900454151));
#4804=CARTESIAN_POINT('Ctrl Pts',(1.1755485003167,-2.34574331057966,-1.30978647122847));
#4805=CARTESIAN_POINT('Ctrl Pts',(1.17597461781947,-2.34872440683968,-1.30248205739991));
#4806=CARTESIAN_POINT('Ctrl Pts',(1.17640073532225,-2.35083693199541,-1.29482360454116));
#4807=CARTESIAN_POINT('Ctrl Pts',(1.17682685282502,-2.35202221012263,-1.28702382813081));
#4808=CARTESIAN_POINT('Ctrl Pts',(1.17705123521668,-2.35264634674982,-1.28291666878164));
#4809=CARTESIAN_POINT('Ctrl Pts',(1.17727561760834,-2.35301421381378,-1.2787705828013));
#4810=CARTESIAN_POINT('Ctrl Pts',(1.1775,-2.35312296101246,-1.27461769483079));
#4811=CARTESIAN_POINT('',(-1.1775,-2.35312296101246,-1.27461769483079));
#4812=CARTESIAN_POINT('',(-0.58875,-2.35312296101246,-1.27461769483079));
#4813=CARTESIAN_POINT('',(-1.16915722851491,-2.25315722851491,-1.372));
#4814=CARTESIAN_POINT('Ctrl Pts',(-1.1775,-2.35312296101246,-1.27461769483079));
#4815=CARTESIAN_POINT('Ctrl Pts',(-1.17707383298649,-2.35291641865169,-1.28250522936831));
#4816=CARTESIAN_POINT('Ctrl Pts',(-1.17664766597299,-2.35177203476914,-1.2903677937779));
#4817=CARTESIAN_POINT('Ctrl Pts',(-1.17622149895948,-2.34972160224382,-1.29798695300229));
#4818=CARTESIAN_POINT('Ctrl Pts',(-1.1757954444378,-2.34767171095444,-1.3056041010594));
#4819=CARTESIAN_POINT('Ctrl Pts',(-1.17536938991612,-2.34471646528125,-1.31297717854594));
#4820=CARTESIAN_POINT('Ctrl Pts',(-1.17494333539444,-2.34093792386536,-1.31990145638487));
#4821=CARTESIAN_POINT('Ctrl Pts',(-1.17451737462412,-2.33716021390034,-1.32682421056789));
#4822=CARTESIAN_POINT('Ctrl Pts',(-1.17409141385381,-2.33255996577891,-1.33329764214913));
#4823=CARTESIAN_POINT('Ctrl Pts',(-1.17366545308349,-2.32726485937018,-1.33914208105963));
#4824=CARTESIAN_POINT('Ctrl Pts',(-1.17323921925423,-2.32196635857331,-1.34499026650375));
#4825=CARTESIAN_POINT('Ctrl Pts',(-1.17281298542496,-2.31597265704842,-1.35020803872898));
#4826=CARTESIAN_POINT('Ctrl Pts',(-1.1723867515957,-2.30945032152982,-1.35465039430526));
#4827=CARTESIAN_POINT('Ctrl Pts',(-1.17196074379653,-2.30293144477977,-1.35909039411806));
#4828=CARTESIAN_POINT('Ctrl Pts',(-1.17153473599737,-2.29588517700883,-1.36275534017302));
#4829=CARTESIAN_POINT('Ctrl Pts',(-1.17110872819821,-2.28850713017919,-1.3655434896309));
#4830=CARTESIAN_POINT('Ctrl Pts',(-1.17068261069543,-2.28112718338812,-1.36833235708048));
#4831=CARTESIAN_POINT('Ctrl Pts',(-1.17025649319266,-2.27341605542809,-1.370243683402));
#4832=CARTESIAN_POINT('Ctrl Pts',(-1.16983037568989,-2.26558792484204,-1.3712243810201));
#4833=CARTESIAN_POINT('Ctrl Pts',(-1.16960599329823,-2.26146583492158,-1.37174079087328));
#4834=CARTESIAN_POINT('Ctrl Pts',(-1.16938161090657,-2.25731154006423,-1.372));
#4835=CARTESIAN_POINT('Ctrl Pts',(-1.16915722851491,-2.25315722851491,-1.372));
#4836=CARTESIAN_POINT('',(-0.58875,-2.25315722851491,-1.372));
#4837=CARTESIAN_POINT('Origin',(-1.16915722851491,1.13075,-1.272));
#4838=CARTESIAN_POINT('',(-1.26912296101246,-2.2615,-1.27461769483079));
#4839=CARTESIAN_POINT('Ctrl Pts',(-1.16915722851491,-2.25315722851491,-1.372));
#4840=CARTESIAN_POINT('Ctrl Pts',(-1.17704746684004,-2.25358339552841,-1.372));
#4841=CARTESIAN_POINT('Ctrl Pts',(-1.18493729342292,-2.25400956254192,-1.37106182621134));
#4842=CARTESIAN_POINT('Ctrl Pts',(-1.19260751581795,-2.25443572955543,-1.3692115426552));
#4843=CARTESIAN_POINT('Ctrl Pts',(-1.20027571356699,-2.25486178407711,-1.36736174750331));
#4844=CARTESIAN_POINT('Ctrl Pts',(-1.20772362379725,-2.25528783859879,-1.36460051918725));
#4845=CARTESIAN_POINT('Ctrl Pts',(-1.21474443954242,-2.25571389312047,-1.36100452904618));
#4846=CARTESIAN_POINT('Ctrl Pts',(-1.22176371038896,-2.25613985389078,-1.35740933018642));
#4847=CARTESIAN_POINT('Ctrl Pts',(-1.22835534414415,-2.2565658146611,-1.352980113139));
#4848=CARTESIAN_POINT('Ctrl Pts',(-1.23433639003815,-2.25699177543142,-1.34783981080624));
#4849=CARTESIAN_POINT('Ctrl Pts',(-1.24032127003665,-2.25741800926068,-1.34269621332133));
#4850=CARTESIAN_POINT('Ctrl Pts',(-1.24569415107665,-2.25784424308995,-1.33684115104207));
#4851=CARTESIAN_POINT('Ctrl Pts',(-1.25030571920834,-2.25827047691921,-1.33043733787724));
#4852=CARTESIAN_POINT('Ctrl Pts',(-1.2549148418438,-2.25869648471837,-1.32403692062903));
#4853=CARTESIAN_POINT('Ctrl Pts',(-1.25876298180049,-2.25912249251754,-1.31708900454151));
#4854=CARTESIAN_POINT('Ctrl Pts',(-1.26174331057965,-2.2595485003167,-1.30978647122847));
#4855=CARTESIAN_POINT('Ctrl Pts',(-1.26472440683968,-2.25997461781947,-1.30248205739991));
#4856=CARTESIAN_POINT('Ctrl Pts',(-1.26683693199541,-2.26040073532225,-1.29482360454116));
#4857=CARTESIAN_POINT('Ctrl Pts',(-1.26802221012263,-2.26082685282502,-1.28702382813081));
#4858=CARTESIAN_POINT('Ctrl Pts',(-1.26864634674982,-2.26105123521668,-1.28291666878164));
#4859=CARTESIAN_POINT('Ctrl Pts',(-1.26901421381378,-2.26127561760834,-1.2787705828013));
#4860=CARTESIAN_POINT('Ctrl Pts',(-1.26912296101246,-2.2615,-1.27461769483079));
#4861=CARTESIAN_POINT('',(-1.26912296101246,2.2615,-1.27461769483079));
#4862=CARTESIAN_POINT('',(-1.26912296101246,1.13075,-1.27461769483079));
#4863=CARTESIAN_POINT('',(-1.16915722851491,2.25315722851491,-1.372));
#4864=CARTESIAN_POINT('Ctrl Pts',(-1.26912296101246,2.2615,-1.27461769483079));
#4865=CARTESIAN_POINT('Ctrl Pts',(-1.26891641865169,2.26107383298649,-1.28250522936831));
#4866=CARTESIAN_POINT('Ctrl Pts',(-1.26777203476914,2.26064766597298,-1.2903677937779));
#4867=CARTESIAN_POINT('Ctrl Pts',(-1.26572160224382,2.26022149895948,-1.29798695300229));
#4868=CARTESIAN_POINT('Ctrl Pts',(-1.26367171095444,2.2597954444378,-1.3056041010594));
#4869=CARTESIAN_POINT('Ctrl Pts',(-1.26071646528125,2.25936938991612,-1.31297717854594));
#4870=CARTESIAN_POINT('Ctrl Pts',(-1.25693792386536,2.25894333539444,-1.31990145638487));
#4871=CARTESIAN_POINT('Ctrl Pts',(-1.25316021390034,2.25851737462412,-1.32682421056789));
#4872=CARTESIAN_POINT('Ctrl Pts',(-1.24855996577891,2.25809141385381,-1.33329764214913));
#4873=CARTESIAN_POINT('Ctrl Pts',(-1.24326485937018,2.25766545308349,-1.33914208105963));
#4874=CARTESIAN_POINT('Ctrl Pts',(-1.23796635857331,2.25723921925422,-1.34499026650375));
#4875=CARTESIAN_POINT('Ctrl Pts',(-1.23197265704842,2.25681298542496,-1.35020803872898));
#4876=CARTESIAN_POINT('Ctrl Pts',(-1.22545032152982,2.25638675159569,-1.35465039430526));
#4877=CARTESIAN_POINT('Ctrl Pts',(-1.21893144477977,2.25596074379653,-1.35909039411806));
#4878=CARTESIAN_POINT('Ctrl Pts',(-1.21188517700884,2.25553473599737,-1.36275534017302));
#4879=CARTESIAN_POINT('Ctrl Pts',(-1.20450713017919,2.25510872819821,-1.3655434896309));
#4880=CARTESIAN_POINT('Ctrl Pts',(-1.19712718338812,2.25468261069543,-1.36833235708048));
#4881=CARTESIAN_POINT('Ctrl Pts',(-1.18941605542809,2.25425649319266,-1.370243683402));
#4882=CARTESIAN_POINT('Ctrl Pts',(-1.18158792484204,2.25383037568988,-1.3712243810201));
#4883=CARTESIAN_POINT('Ctrl Pts',(-1.17746583492158,2.25360599329823,-1.37174079087328));
#4884=CARTESIAN_POINT('Ctrl Pts',(-1.17331154006423,2.25338161090657,-1.372));
#4885=CARTESIAN_POINT('Ctrl Pts',(-1.16915722851491,2.25315722851491,-1.372));
#4886=CARTESIAN_POINT('',(-1.16915722851491,1.13075,-1.372));
#4887=CARTESIAN_POINT('Origin',(0.58875,2.25315722851491,-1.272));
#4888=CARTESIAN_POINT('',(1.1775,2.35312296101246,-1.27461769483079));
#4889=CARTESIAN_POINT('Ctrl Pts',(1.1775,2.35312296101246,-1.27461769483079));
#4890=CARTESIAN_POINT('Ctrl Pts',(1.17707383298649,2.35291641865169,-1.28250522936831));
#4891=CARTESIAN_POINT('Ctrl Pts',(1.17664766597299,2.35177203476914,-1.2903677937779));
#4892=CARTESIAN_POINT('Ctrl Pts',(1.17622149895948,2.34972160224382,-1.29798695300229));
#4893=CARTESIAN_POINT('Ctrl Pts',(1.1757954444378,2.34767171095444,-1.3056041010594));
#4894=CARTESIAN_POINT('Ctrl Pts',(1.17536938991612,2.34471646528125,-1.31297717854594));
#4895=CARTESIAN_POINT('Ctrl Pts',(1.17494333539444,2.34093792386536,-1.31990145638487));
#4896=CARTESIAN_POINT('Ctrl Pts',(1.17451737462412,2.33716021390034,-1.32682421056789));
#4897=CARTESIAN_POINT('Ctrl Pts',(1.17409141385381,2.33255996577891,-1.33329764214913));
#4898=CARTESIAN_POINT('Ctrl Pts',(1.17366545308349,2.32726485937018,-1.33914208105963));
#4899=CARTESIAN_POINT('Ctrl Pts',(1.17323921925423,2.32196635857331,-1.34499026650375));
#4900=CARTESIAN_POINT('Ctrl Pts',(1.17281298542496,2.31597265704842,-1.35020803872898));
#4901=CARTESIAN_POINT('Ctrl Pts',(1.1723867515957,2.30945032152982,-1.35465039430526));
#4902=CARTESIAN_POINT('Ctrl Pts',(1.17196074379653,2.30293144477977,-1.35909039411806));
#4903=CARTESIAN_POINT('Ctrl Pts',(1.17153473599737,2.29588517700883,-1.36275534017302));
#4904=CARTESIAN_POINT('Ctrl Pts',(1.17110872819821,2.28850713017919,-1.3655434896309));
#4905=CARTESIAN_POINT('Ctrl Pts',(1.17068261069543,2.28112718338812,-1.36833235708048));
#4906=CARTESIAN_POINT('Ctrl Pts',(1.17025649319266,2.27341605542809,-1.370243683402));
#4907=CARTESIAN_POINT('Ctrl Pts',(1.16983037568989,2.26558792484204,-1.3712243810201));
#4908=CARTESIAN_POINT('Ctrl Pts',(1.16960599329823,2.26146583492158,-1.37174079087328));
#4909=CARTESIAN_POINT('Ctrl Pts',(1.16938161090657,2.25731154006423,-1.372));
#4910=CARTESIAN_POINT('Ctrl Pts',(1.16915722851491,2.25315722851491,-1.372));
#4911=CARTESIAN_POINT('',(0.58875,2.25315722851491,-1.372));
#4912=CARTESIAN_POINT('',(-1.1775,2.35312296101246,-1.27461769483079));
#4913=CARTESIAN_POINT('Ctrl Pts',(-1.16915722851491,2.25315722851491,-1.372));
#4914=CARTESIAN_POINT('Ctrl Pts',(-1.16958339552841,2.26104746684004,-1.372));
#4915=CARTESIAN_POINT('Ctrl Pts',(-1.17000956254192,2.26893729342292,-1.37106182621134));
#4916=CARTESIAN_POINT('Ctrl Pts',(-1.17043572955543,2.27660751581796,-1.3692115426552));
#4917=CARTESIAN_POINT('Ctrl Pts',(-1.17086178407711,2.28427571356699,-1.36736174750331));
#4918=CARTESIAN_POINT('Ctrl Pts',(-1.17128783859879,2.29172362379725,-1.36460051918725));
#4919=CARTESIAN_POINT('Ctrl Pts',(-1.17171389312047,2.29874443954242,-1.36100452904618));
#4920=CARTESIAN_POINT('Ctrl Pts',(-1.17213985389078,2.30576371038896,-1.35740933018642));
#4921=CARTESIAN_POINT('Ctrl Pts',(-1.1725658146611,2.31235534414415,-1.352980113139));
#4922=CARTESIAN_POINT('Ctrl Pts',(-1.17299177543142,2.31833639003815,-1.34783981080624));
#4923=CARTESIAN_POINT('Ctrl Pts',(-1.17341800926068,2.32432127003665,-1.34269621332133));
#4924=CARTESIAN_POINT('Ctrl Pts',(-1.17384424308995,2.32969415107665,-1.33684115104207));
#4925=CARTESIAN_POINT('Ctrl Pts',(-1.17427047691921,2.33430571920834,-1.33043733787724));
#4926=CARTESIAN_POINT('Ctrl Pts',(-1.17469648471837,2.3389148418438,-1.32403692062903));
#4927=CARTESIAN_POINT('Ctrl Pts',(-1.17512249251754,2.34276298180049,-1.3170890045415));
#4928=CARTESIAN_POINT('Ctrl Pts',(-1.1755485003167,2.34574331057966,-1.30978647122847));
#4929=CARTESIAN_POINT('Ctrl Pts',(-1.17597461781947,2.34872440683968,-1.30248205739991));
#4930=CARTESIAN_POINT('Ctrl Pts',(-1.17640073532225,2.35083693199541,-1.29482360454116));
#4931=CARTESIAN_POINT('Ctrl Pts',(-1.17682685282502,2.35202221012263,-1.28702382813081));
#4932=CARTESIAN_POINT('Ctrl Pts',(-1.17705123521668,2.35264634674982,-1.28291666878164));
#4933=CARTESIAN_POINT('Ctrl Pts',(-1.17727561760834,2.35301421381378,-1.2787705828013));
#4934=CARTESIAN_POINT('Ctrl Pts',(-1.1775,2.35312296101246,-1.27461769483079));
#4935=CARTESIAN_POINT('',(0.58875,2.35312296101246,-1.27461769483079));
#4936=CARTESIAN_POINT('Ctrl Pts',(-1.16915722851491,2.25315722851491,-1.372));
#4937=CARTESIAN_POINT('Ctrl Pts',(-1.16915722851491,2.25315722851491,-1.372));
#4938=CARTESIAN_POINT('Ctrl Pts',(-1.16915722851491,2.25315722851491,-1.372));
#4939=CARTESIAN_POINT('Ctrl Pts',(-1.16915722851491,2.25315722851491,-1.372));
#4940=CARTESIAN_POINT('Ctrl Pts',(-1.16915722851491,2.25315722851491,-1.372));
#4941=CARTESIAN_POINT('Ctrl Pts',(-1.16915722851491,2.25315722851491,-1.372));
#4942=CARTESIAN_POINT('Ctrl Pts',(-1.16995177818015,2.26786786078172,-1.372));
#4943=CARTESIAN_POINT('Ctrl Pts',(-1.17103188194569,2.26672628781874,-1.37196847510187));
#4944=CARTESIAN_POINT('Ctrl Pts',(-1.17327188053936,2.26442497020502,-1.37193068454514));
#4945=CARTESIAN_POINT('Ctrl Pts',(-1.17889214345758,2.25878404513853,-1.37191815590022));
#4946=CARTESIAN_POINT('Ctrl Pts',(-1.18215550133726,2.25557193382846,-1.3719527126528));
#4947=CARTESIAN_POINT('Ctrl Pts',(-1.18386786078172,2.25395177818015,-1.372));
#4948=CARTESIAN_POINT('Ctrl Pts',(-1.17154087751065,2.29721481815497,-1.36537801923836));
#4949=CARTESIAN_POINT('Ctrl Pts',(-1.17553584531043,2.29550979132617,-1.36632307456837));
#4950=CARTESIAN_POINT('Ctrl Pts',(-1.18442529761035,2.29081185400114,-1.36769491333562));
#4951=CARTESIAN_POINT('Ctrl Pts',(-1.20298250377123,2.27410342105295,-1.36818059894332));
#4952=CARTESIAN_POINT('Ctrl Pts',(-1.21065727791178,2.26153332921031,-1.36679560223337));
#4953=CARTESIAN_POINT('Ctrl Pts',(-1.21321481815497,2.25554087751065,-1.36537801923836));
#4954=CARTESIAN_POINT('Ctrl Pts',(-1.17432180133901,2.3389280428668,-1.33298313867574));
#4955=CARTESIAN_POINT('Ctrl Pts',(-1.18418134183836,2.33889241144324,-1.33354180257492));
#4956=CARTESIAN_POINT('Ctrl Pts',(-1.20628722625254,2.33424935728006,-1.33438798753839));
#4957=CARTESIAN_POINT('Ctrl Pts',(-1.24457458942185,2.30339251922173,-1.33469920950543));
#4958=CARTESIAN_POINT('Ctrl Pts',(-1.25487459573147,2.27311111208803,-1.33382113452451));
#4959=CARTESIAN_POINT('Ctrl Pts',(-1.2549280428668,2.25832180133901,-1.33298313867574));
#4960=CARTESIAN_POINT('Ctrl Pts',(-1.17630817550213,2.35254534182183,-1.29667608178159));
#4961=CARTESIAN_POINT('Ctrl Pts',(-1.18936189607102,2.3525647849585,-1.29658292336475));
#4962=CARTESIAN_POINT('Ctrl Pts',(-1.2165719108926,2.34753673105449,-1.29651658781467));
#4963=CARTESIAN_POINT('Ctrl Pts',(-1.25791834913115,2.31519356548712,-1.296507038919));
#4964=CARTESIAN_POINT('Ctrl Pts',(-1.26857450652684,2.27988875635547,-1.29653634415632));
#4965=CARTESIAN_POINT('Ctrl Pts',(-1.26854534182183,2.26030817550213,-1.29667608178159));
#4966=CARTESIAN_POINT('Ctrl Pts',(-1.1775,2.35312296101246,-1.27461769483079));
#4967=CARTESIAN_POINT('Ctrl Pts',(-1.19120676291509,2.35312296101246,-1.27461769483079));
#4968=CARTESIAN_POINT('Ctrl Pts',(-1.21856785069457,2.34685110119324,-1.27461769483079));
#4969=CARTESIAN_POINT('Ctrl Pts',(-1.25710092770583,2.31619879117053,-1.27461769483079));
#4970=CARTESIAN_POINT('Ctrl Pts',(-1.26912296101246,2.28206014437263,-1.27461769483079));
#4971=CARTESIAN_POINT('Ctrl Pts',(-1.26912296101246,2.2615,-1.27461769483079));
#4972=CARTESIAN_POINT('Ctrl Pts',(-1.26912296101246,2.2615,-1.27461769483079));
#4973=CARTESIAN_POINT('Ctrl Pts',(-1.26912296101246,2.28206014437263,-1.27461769483079));
#4974=CARTESIAN_POINT('Ctrl Pts',(-1.25710092770583,2.31619879117053,-1.27461769483079));
#4975=CARTESIAN_POINT('Ctrl Pts',(-1.21856785069457,2.34685110119324,-1.27461769483079));
#4976=CARTESIAN_POINT('Ctrl Pts',(-1.19120676291509,2.35312296101246,-1.27461769483079));
#4977=CARTESIAN_POINT('Ctrl Pts',(-1.1775,2.35312296101246,-1.27461769483079));
#4978=CARTESIAN_POINT('Ctrl Pts',(-1.16915722851491,-2.25315722851491,-1.372));
#4979=CARTESIAN_POINT('Ctrl Pts',(-1.16915722851491,-2.25315722851491,-1.372));
#4980=CARTESIAN_POINT('Ctrl Pts',(-1.16915722851491,-2.25315722851491,-1.372));
#4981=CARTESIAN_POINT('Ctrl Pts',(-1.16915722851491,-2.25315722851491,-1.372));
#4982=CARTESIAN_POINT('Ctrl Pts',(-1.16915722851491,-2.25315722851491,-1.372));
#4983=CARTESIAN_POINT('Ctrl Pts',(-1.16915722851491,-2.25315722851491,-1.372));
#4984=CARTESIAN_POINT('Ctrl Pts',(-1.18386786078172,-2.25395177818015,-1.372));
#4985=CARTESIAN_POINT('Ctrl Pts',(-1.18272628781874,-2.25503188194569,-1.37196847510187));
#4986=CARTESIAN_POINT('Ctrl Pts',(-1.18042497020502,-2.25727188053936,-1.37193068454514));
#4987=CARTESIAN_POINT('Ctrl Pts',(-1.17478404513853,-2.26289214345758,-1.37191815590022));
#4988=CARTESIAN_POINT('Ctrl Pts',(-1.17157193382846,-2.26615550133725,-1.3719527126528));
#4989=CARTESIAN_POINT('Ctrl Pts',(-1.16995177818015,-2.26786786078172,-1.372));
#4990=CARTESIAN_POINT('Ctrl Pts',(-1.21321481815497,-2.25554087751065,-1.36537801923836));
#4991=CARTESIAN_POINT('Ctrl Pts',(-1.21150979132617,-2.25953584531043,-1.36632307456837));
#4992=CARTESIAN_POINT('Ctrl Pts',(-1.20681185400114,-2.26842529761035,-1.36769491333562));
#4993=CARTESIAN_POINT('Ctrl Pts',(-1.19010342105295,-2.28698250377123,-1.36818059894332));
#4994=CARTESIAN_POINT('Ctrl Pts',(-1.17753332921032,-2.29465727791177,-1.36679560223337));
#4995=CARTESIAN_POINT('Ctrl Pts',(-1.17154087751065,-2.29721481815497,-1.36537801923836));
#4996=CARTESIAN_POINT('Ctrl Pts',(-1.2549280428668,-2.25832180133901,-1.33298313867574));
#4997=CARTESIAN_POINT('Ctrl Pts',(-1.25489241144324,-2.26818134183836,-1.33354180257492));
#4998=CARTESIAN_POINT('Ctrl Pts',(-1.25024935728006,-2.29028722625254,-1.33438798753839));
#4999=CARTESIAN_POINT('Ctrl Pts',(-1.21939251922173,-2.32857458942185,-1.33469920950543));
#5000=CARTESIAN_POINT('Ctrl Pts',(-1.18911111208803,-2.33887459573147,-1.33382113452451));
#5001=CARTESIAN_POINT('Ctrl Pts',(-1.17432180133901,-2.3389280428668,-1.33298313867574));
#5002=CARTESIAN_POINT('Ctrl Pts',(-1.26854534182183,-2.26030817550213,-1.29667608178159));
#5003=CARTESIAN_POINT('Ctrl Pts',(-1.2685647849585,-2.27336189607102,-1.29658292336475));
#5004=CARTESIAN_POINT('Ctrl Pts',(-1.26353673105449,-2.3005719108926,-1.29651658781467));
#5005=CARTESIAN_POINT('Ctrl Pts',(-1.23119356548712,-2.34191834913115,-1.296507038919));
#5006=CARTESIAN_POINT('Ctrl Pts',(-1.19588875635547,-2.35257450652684,-1.29653634415632));
#5007=CARTESIAN_POINT('Ctrl Pts',(-1.17630817550213,-2.35254534182183,-1.29667608178159));
#5008=CARTESIAN_POINT('Ctrl Pts',(-1.26912296101246,-2.2615,-1.27461769483079));
#5009=CARTESIAN_POINT('Ctrl Pts',(-1.26912296101246,-2.27520676291509,-1.27461769483079));
#5010=CARTESIAN_POINT('Ctrl Pts',(-1.26285110119324,-2.30256785069457,-1.27461769483079));
#5011=CARTESIAN_POINT('Ctrl Pts',(-1.23219879117053,-2.34110092770583,-1.27461769483079));
#5012=CARTESIAN_POINT('Ctrl Pts',(-1.19806014437264,-2.35312296101246,-1.27461769483079));
#5013=CARTESIAN_POINT('Ctrl Pts',(-1.1775,-2.35312296101246,-1.27461769483079));
#5014=CARTESIAN_POINT('Ctrl Pts',(-1.1775,-2.35312296101246,-1.27461769483079));
#5015=CARTESIAN_POINT('Ctrl Pts',(-1.19806014437264,-2.35312296101246,-1.27461769483079));
#5016=CARTESIAN_POINT('Ctrl Pts',(-1.23219879117053,-2.34110092770583,-1.27461769483079));
#5017=CARTESIAN_POINT('Ctrl Pts',(-1.26285110119324,-2.30256785069457,-1.27461769483079));
#5018=CARTESIAN_POINT('Ctrl Pts',(-1.26912296101246,-2.27520676291509,-1.27461769483079));
#5019=CARTESIAN_POINT('Ctrl Pts',(-1.26912296101246,-2.2615,-1.27461769483079));
#5020=CARTESIAN_POINT('Ctrl Pts',(1.16915722851491,-2.25315722851491,-1.372));
#5021=CARTESIAN_POINT('Ctrl Pts',(1.16915722851491,-2.25315722851491,-1.372));
#5022=CARTESIAN_POINT('Ctrl Pts',(1.16915722851491,-2.25315722851491,-1.372));
#5023=CARTESIAN_POINT('Ctrl Pts',(1.16915722851491,-2.25315722851491,-1.372));
#5024=CARTESIAN_POINT('Ctrl Pts',(1.16915722851491,-2.25315722851491,-1.372));
#5025=CARTESIAN_POINT('Ctrl Pts',(1.16915722851491,-2.25315722851491,-1.372));
#5026=CARTESIAN_POINT('Ctrl Pts',(1.16995177818015,-2.26786786078172,-1.372));
#5027=CARTESIAN_POINT('Ctrl Pts',(1.17103188194569,-2.26672628781874,-1.37196847510187));
#5028=CARTESIAN_POINT('Ctrl Pts',(1.17327188053936,-2.26442497020502,-1.37193068454514));
#5029=CARTESIAN_POINT('Ctrl Pts',(1.17889214345758,-2.25878404513853,-1.37191815590022));
#5030=CARTESIAN_POINT('Ctrl Pts',(1.18215550133726,-2.25557193382846,-1.3719527126528));
#5031=CARTESIAN_POINT('Ctrl Pts',(1.18386786078172,-2.25395177818015,-1.372));
#5032=CARTESIAN_POINT('Ctrl Pts',(1.17154087751065,-2.29721481815497,-1.36537801923836));
#5033=CARTESIAN_POINT('Ctrl Pts',(1.17553584531043,-2.29550979132617,-1.36632307456837));
#5034=CARTESIAN_POINT('Ctrl Pts',(1.18442529761035,-2.29081185400114,-1.36769491333562));
#5035=CARTESIAN_POINT('Ctrl Pts',(1.20298250377123,-2.27410342105295,-1.36818059894332));
#5036=CARTESIAN_POINT('Ctrl Pts',(1.21065727791178,-2.26153332921032,-1.36679560223337));
#5037=CARTESIAN_POINT('Ctrl Pts',(1.21321481815497,-2.25554087751065,-1.36537801923836));
#5038=CARTESIAN_POINT('Ctrl Pts',(1.17432180133901,-2.3389280428668,-1.33298313867574));
#5039=CARTESIAN_POINT('Ctrl Pts',(1.18418134183836,-2.33889241144324,-1.33354180257492));
#5040=CARTESIAN_POINT('Ctrl Pts',(1.20628722625254,-2.33424935728006,-1.33438798753839));
#5041=CARTESIAN_POINT('Ctrl Pts',(1.24457458942185,-2.30339251922173,-1.33469920950543));
#5042=CARTESIAN_POINT('Ctrl Pts',(1.25487459573147,-2.27311111208803,-1.33382113452451));
#5043=CARTESIAN_POINT('Ctrl Pts',(1.2549280428668,-2.25832180133901,-1.33298313867574));
#5044=CARTESIAN_POINT('Ctrl Pts',(1.17630817550213,-2.35254534182183,-1.29667608178159));
#5045=CARTESIAN_POINT('Ctrl Pts',(1.18936189607102,-2.3525647849585,-1.29658292336475));
#5046=CARTESIAN_POINT('Ctrl Pts',(1.2165719108926,-2.34753673105449,-1.29651658781467));
#5047=CARTESIAN_POINT('Ctrl Pts',(1.25791834913115,-2.31519356548712,-1.296507038919));
#5048=CARTESIAN_POINT('Ctrl Pts',(1.26857450652684,-2.27988875635547,-1.29653634415632));
#5049=CARTESIAN_POINT('Ctrl Pts',(1.26854534182183,-2.26030817550213,-1.29667608178159));
#5050=CARTESIAN_POINT('Ctrl Pts',(1.1775,-2.35312296101246,-1.27461769483079));
#5051=CARTESIAN_POINT('Ctrl Pts',(1.19120676291509,-2.35312296101246,-1.27461769483079));
#5052=CARTESIAN_POINT('Ctrl Pts',(1.21856785069457,-2.34685110119324,-1.27461769483079));
#5053=CARTESIAN_POINT('Ctrl Pts',(1.25710092770583,-2.31619879117053,-1.27461769483079));
#5054=CARTESIAN_POINT('Ctrl Pts',(1.26912296101246,-2.28206014437263,-1.27461769483079));
#5055=CARTESIAN_POINT('Ctrl Pts',(1.26912296101246,-2.2615,-1.27461769483079));
#5056=CARTESIAN_POINT('Ctrl Pts',(1.26912296101246,-2.2615,-1.27461769483079));
#5057=CARTESIAN_POINT('Ctrl Pts',(1.26912296101246,-2.28206014437263,-1.27461769483079));
#5058=CARTESIAN_POINT('Ctrl Pts',(1.25710092770583,-2.31619879117053,-1.27461769483079));
#5059=CARTESIAN_POINT('Ctrl Pts',(1.21856785069457,-2.34685110119324,-1.27461769483079));
#5060=CARTESIAN_POINT('Ctrl Pts',(1.19120676291509,-2.35312296101246,-1.27461769483079));
#5061=CARTESIAN_POINT('Ctrl Pts',(1.1775,-2.35312296101246,-1.27461769483079));
#5062=CARTESIAN_POINT('Ctrl Pts',(1.16915722851491,2.25315722851491,-1.372));
#5063=CARTESIAN_POINT('Ctrl Pts',(1.16915722851491,2.25315722851491,-1.372));
#5064=CARTESIAN_POINT('Ctrl Pts',(1.16915722851491,2.25315722851491,-1.372));
#5065=CARTESIAN_POINT('Ctrl Pts',(1.16915722851491,2.25315722851491,-1.372));
#5066=CARTESIAN_POINT('Ctrl Pts',(1.16915722851491,2.25315722851491,-1.372));
#5067=CARTESIAN_POINT('Ctrl Pts',(1.16915722851491,2.25315722851491,-1.372));
#5068=CARTESIAN_POINT('Ctrl Pts',(1.18386786078172,2.25395177818015,-1.372));
#5069=CARTESIAN_POINT('Ctrl Pts',(1.18272628781874,2.25503188194569,-1.37196847510187));
#5070=CARTESIAN_POINT('Ctrl Pts',(1.18042497020502,2.25727188053936,-1.37193068454514));
#5071=CARTESIAN_POINT('Ctrl Pts',(1.17478404513853,2.26289214345758,-1.37191815590022));
#5072=CARTESIAN_POINT('Ctrl Pts',(1.17157193382846,2.26615550133726,-1.3719527126528));
#5073=CARTESIAN_POINT('Ctrl Pts',(1.16995177818015,2.26786786078172,-1.372));
#5074=CARTESIAN_POINT('Ctrl Pts',(1.21321481815497,2.25554087751065,-1.36537801923836));
#5075=CARTESIAN_POINT('Ctrl Pts',(1.21150979132617,2.25953584531043,-1.36632307456837));
#5076=CARTESIAN_POINT('Ctrl Pts',(1.20681185400114,2.26842529761035,-1.36769491333562));
#5077=CARTESIAN_POINT('Ctrl Pts',(1.19010342105295,2.28698250377123,-1.36818059894332));
#5078=CARTESIAN_POINT('Ctrl Pts',(1.17753332921032,2.29465727791178,-1.36679560223337));
#5079=CARTESIAN_POINT('Ctrl Pts',(1.17154087751065,2.29721481815497,-1.36537801923836));
#5080=CARTESIAN_POINT('Ctrl Pts',(1.2549280428668,2.25832180133901,-1.33298313867574));
#5081=CARTESIAN_POINT('Ctrl Pts',(1.25489241144324,2.26818134183836,-1.33354180257492));
#5082=CARTESIAN_POINT('Ctrl Pts',(1.25024935728006,2.29028722625254,-1.33438798753839));
#5083=CARTESIAN_POINT('Ctrl Pts',(1.21939251922173,2.32857458942185,-1.33469920950543));
#5084=CARTESIAN_POINT('Ctrl Pts',(1.18911111208803,2.33887459573147,-1.3338211345245));
#5085=CARTESIAN_POINT('Ctrl Pts',(1.17432180133901,2.3389280428668,-1.33298313867574));
#5086=CARTESIAN_POINT('Ctrl Pts',(1.26854534182183,2.26030817550213,-1.29667608178159));
#5087=CARTESIAN_POINT('Ctrl Pts',(1.2685647849585,2.27336189607102,-1.29658292336475));
#5088=CARTESIAN_POINT('Ctrl Pts',(1.26353673105449,2.3005719108926,-1.29651658781467));
#5089=CARTESIAN_POINT('Ctrl Pts',(1.23119356548712,2.34191834913115,-1.296507038919));
#5090=CARTESIAN_POINT('Ctrl Pts',(1.19588875635547,2.35257450652684,-1.29653634415632));
#5091=CARTESIAN_POINT('Ctrl Pts',(1.17630817550213,2.35254534182183,-1.29667608178159));
#5092=CARTESIAN_POINT('Ctrl Pts',(1.26912296101246,2.2615,-1.27461769483079));
#5093=CARTESIAN_POINT('Ctrl Pts',(1.26912296101246,2.27520676291509,-1.27461769483079));
#5094=CARTESIAN_POINT('Ctrl Pts',(1.26285110119324,2.30256785069457,-1.27461769483079));
#5095=CARTESIAN_POINT('Ctrl Pts',(1.23219879117053,2.34110092770583,-1.27461769483079));
#5096=CARTESIAN_POINT('Ctrl Pts',(1.19806014437264,2.35312296101246,-1.27461769483079));
#5097=CARTESIAN_POINT('Ctrl Pts',(1.1775,2.35312296101246,-1.27461769483079));
#5098=CARTESIAN_POINT('Ctrl Pts',(1.1775,2.35312296101246,-1.27461769483079));
#5099=CARTESIAN_POINT('Ctrl Pts',(1.19806014437264,2.35312296101246,-1.27461769483079));
#5100=CARTESIAN_POINT('Ctrl Pts',(1.23219879117053,2.34110092770583,-1.27461769483079));
#5101=CARTESIAN_POINT('Ctrl Pts',(1.26285110119324,2.30256785069457,-1.27461769483079));
#5102=CARTESIAN_POINT('Ctrl Pts',(1.26912296101246,2.27520676291509,-1.27461769483079));
#5103=CARTESIAN_POINT('Ctrl Pts',(1.26912296101246,2.2615,-1.27461769483079));
#5104=CARTESIAN_POINT('Origin',(1.1775,-2.2615,0.));
#5105=CARTESIAN_POINT('',(1.3025,-2.2615,0.));
#5106=CARTESIAN_POINT('',(1.3025,-2.2615,0.));
#5107=CARTESIAN_POINT('',(1.1775,-2.3865,0.));
#5108=CARTESIAN_POINT('Origin',(1.1775,-2.2615,0.));
#5109=CARTESIAN_POINT('',(1.1775,-2.3865,0.));
#5110=CARTESIAN_POINT('Origin',(1.3025,-2.2615,0.));
#5111=CARTESIAN_POINT('',(1.3025,2.2615,0.));
#5112=CARTESIAN_POINT('',(1.3025,2.2615,0.));
#5113=CARTESIAN_POINT('',(1.3025,2.2615,0.));
#5114=CARTESIAN_POINT('Origin',(1.1775,2.2615,0.));
#5115=CARTESIAN_POINT('',(1.1775,2.3865,0.));
#5116=CARTESIAN_POINT('',(1.1775,2.3865,0.));
#5117=CARTESIAN_POINT('Origin',(1.1775,2.2615,0.));
#5118=CARTESIAN_POINT('Origin',(1.1775,2.3865,0.));
#5119=CARTESIAN_POINT('',(-1.1775,2.3865,0.));
#5120=CARTESIAN_POINT('',(-1.1775,2.3865,0.));
#5121=CARTESIAN_POINT('',(-1.1775,2.3865,0.));
#5122=CARTESIAN_POINT('Origin',(0.,0.,-1.372));
#5123=CARTESIAN_POINT('Origin',(-1.1775,-2.3865,0.));
#5124=CARTESIAN_POINT('',(-1.1775,-2.3865,0.));
#5125=CARTESIAN_POINT('',(1.1775,-2.3865,0.));
#5126=CARTESIAN_POINT('',(-1.1775,-2.3865,0.));
#5127=CARTESIAN_POINT('Origin',(-1.1775,2.2615,0.));
#5128=CARTESIAN_POINT('',(-1.3025,2.2615,0.));
#5129=CARTESIAN_POINT('',(-1.3025,2.2615,0.));
#5130=CARTESIAN_POINT('Origin',(-1.1775,2.2615,0.));
#5131=CARTESIAN_POINT('Origin',(-1.3025,2.2615,0.));
#5132=CARTESIAN_POINT('',(-1.3025,-2.2615,0.));
#5133=CARTESIAN_POINT('',(-1.3025,-2.2615,0.));
#5134=CARTESIAN_POINT('',(-1.3025,-2.2615,0.));
#5135=CARTESIAN_POINT('Origin',(-1.1775,-2.2615,0.));
#5136=CARTESIAN_POINT('Origin',(-1.1775,-2.2615,0.));
#5137=CARTESIAN_POINT('Origin',(0.,0.,0.));
#5138=CARTESIAN_POINT('',(0.,0.,0.));
#5139=UNCERTAINTY_MEASURE_WITH_UNIT(LENGTH_MEASURE(0.000393700787401575),
#5146,'DISTANCE_ACCURACY_VALUE',
'Maximum model space distance between geometric entities at asserted c
onnectivities');
#5140=UNCERTAINTY_MEASURE_WITH_UNIT(LENGTH_MEASURE(0.000393700787401575),
#5146,'DISTANCE_ACCURACY_VALUE',
'Maximum model space distance between geometric entities at asserted c
onnectivities');
#5141=UNCERTAINTY_MEASURE_WITH_UNIT(LENGTH_MEASURE(0.000393700787401575),
#5146,'DISTANCE_ACCURACY_VALUE',
'Maximum model space distance between geometric entities at asserted c
onnectivities');
#5142=(
GEOMETRIC_REPRESENTATION_CONTEXT(3)
GLOBAL_UNCERTAINTY_ASSIGNED_CONTEXT((#5139))
GLOBAL_UNIT_ASSIGNED_CONTEXT((#5146,#5150,#5151))
REPRESENTATION_CONTEXT('','3D')
);
#5143=(
GEOMETRIC_REPRESENTATION_CONTEXT(3)
GLOBAL_UNCERTAINTY_ASSIGNED_CONTEXT((#5140))
GLOBAL_UNIT_ASSIGNED_CONTEXT((#5146,#5150,#5151))
REPRESENTATION_CONTEXT('','3D')
);
#5144=(
GEOMETRIC_REPRESENTATION_CONTEXT(3)
GLOBAL_UNCERTAINTY_ASSIGNED_CONTEXT((#5141))
GLOBAL_UNIT_ASSIGNED_CONTEXT((#5146,#5150,#5151))
REPRESENTATION_CONTEXT('','3D')
);
#5145=DIMENSIONAL_EXPONENTS(1.,0.,0.,0.,0.,0.,0.);
#5146=(
CONVERSION_BASED_UNIT('inch',#5149)
LENGTH_UNIT()
NAMED_UNIT(#5145)
);
#5147=(
LENGTH_UNIT()
NAMED_UNIT(*)
SI_UNIT(.MILLI.,.METRE.)
);
#5148=(
LENGTH_UNIT()
NAMED_UNIT(*)
SI_UNIT($,.METRE.)
);
#5149=LENGTH_MEASURE_WITH_UNIT(LENGTH_MEASURE(25.4),#5147);
#5150=(
NAMED_UNIT(*)
PLANE_ANGLE_UNIT()
SI_UNIT($,.RADIAN.)
);
#5151=(
NAMED_UNIT(*)
SI_UNIT($,.STERADIAN.)
SOLID_ANGLE_UNIT()
);
#5152=SHAPE_DEFINITION_REPRESENTATION(#5154,#5157);
#5153=SHAPE_DEFINITION_REPRESENTATION(#5155,#5158);
#5154=PRODUCT_DEFINITION_SHAPE('',$,#5160);
#5155=PRODUCT_DEFINITION_SHAPE('',$,#5161);
#5156=PRODUCT_DEFINITION_SHAPE($,$,#14);
#5157=SHAPE_REPRESENTATION('',(#2653,#2924),#5142);
#5158=SHAPE_REPRESENTATION('',(#2654),#5143);
#5159=PRODUCT_DEFINITION_CONTEXT('part definition',#5167,'design');
#5160=PRODUCT_DEFINITION('4S125B','4S125B v4',#5162,#5159);
#5161=PRODUCT_DEFINITION('4S125B_1','4S125B',#5163,#5159);
#5162=PRODUCT_DEFINITION_FORMATION('',$,#5169);
#5163=PRODUCT_DEFINITION_FORMATION('',$,#5170);
#5164=PRODUCT_RELATED_PRODUCT_CATEGORY('4S125B v4','4S125B v4',(#5169));
#5165=PRODUCT_RELATED_PRODUCT_CATEGORY('4S125B','4S125B',(#5170));
#5166=APPLICATION_PROTOCOL_DEFINITION('international standard',
'automotive_design',2009,#5167);
#5167=APPLICATION_CONTEXT(
'Core Data for Automotive Mechanical Design Process');
#5168=PRODUCT_CONTEXT('part definition',#5167,'mechanical');
#5169=PRODUCT('4S125B','4S125B v4',$,(#5168));
#5170=PRODUCT('4S125B_1','4S125B',$,(#5168));
#5171=PRESENTATION_STYLE_ASSIGNMENT((#5173));
#5172=PRESENTATION_STYLE_ASSIGNMENT((#5174));
#5173=SURFACE_STYLE_USAGE(.BOTH.,#5175);
#5174=SURFACE_STYLE_USAGE(.BOTH.,#5176);
#5175=SURFACE_SIDE_STYLE('',(#5177));
#5176=SURFACE_SIDE_STYLE('',(#5178));
#5177=SURFACE_STYLE_FILL_AREA(#5179);
#5178=SURFACE_STYLE_FILL_AREA(#5180);
#5179=FILL_AREA_STYLE('Plastic - Matte (Gray)',(#5181));
#5180=FILL_AREA_STYLE('Aluminum - Cast',(#5182));
#5181=FILL_AREA_STYLE_COLOUR('Plastic - Matte (Gray)',#5183);
#5182=FILL_AREA_STYLE_COLOUR('Aluminum - Cast',#5184);
#5183=COLOUR_RGB('Plastic - Matte (Gray)',0.701960784313725,0.701960784313725,
0.701960784313725);
#5184=COLOUR_RGB('Aluminum - Cast',0.96078431372549,0.96078431372549,0.964705882352941);
ENDSEC;
END-ISO-10303-21;
